Inventory_ID,Store_ID,Product_ID,Stock_On_Hand,Reorder_Level,Safety_Stock,Inventory_Value,Last_Updated_Date,Update_Status,Is_Overstock
INV003458,ST07,P0096,53,90,44,5116.62,2025-12-10,Updated,No
INV004178,ST08,P0284,0,47,21,0.0,2025-12-22,Updated,No
INV003096,ST06,P0297,14,41,13,3862.88,2025-12-29,Updated,No
INV004531,ST09,P0083,36,89,40,1983.96,2025-12-04,Updated,No
INV004728,ST09,P0300,43,11,4,3114.06,2025-12-02,Updated,No
INV004020,ST08,P0103,29,36,16,16059.04,2025-12-08,Updated,No
INV006570,ST12,P0502,15,47,20,2568.75,2025-12-04,Updated,No
INV000690,ST02,P0099,36,71,24,17293.68,2025-12-17,Updated,No
INV004791,ST09,P0372,15,45,15,4545.9,2025-12-28,Updated,No
INV004915,ST09,P0505,19,46,18,3688.85,2025-12-16,Updated,No
INV000827,ST02,P0236,8,23,9,2680.48,2025-12-11,Updated,No
INV003500,ST07,P0138,453,82,28,13372.56,2025-12-18,Updated,Yes
INV001568,ST03,P0393,10,38,12,5332.7,2025-12-14,Updated,No
INV000936,ST02,P0345,10,37,12,3770.1,2025-12-29,Updated,No
INV002208,ST04,P0504,19,45,19,18639.0,2025-12-18,Updated,No
INV001850,ST04,P0097,13,44,18,430.82,2025-12-13,Updated,No
INV005624,ST11,P0060,73,88,29,2157.88,2025-12-24,Updated,No
INV005966,ST11,P0449,18,41,18,2089.62,2025-12-12,Updated,No
INV005804,ST11,P0268,27,45,20,7287.03,2025-12-17,Updated,No
INV002240,ST04,P0538,61,9,4,63695.59,2025-12-15,Updated,No
INV002299,ST05,P0007,15,33,9,8079.15,2025-12-27,Updated,No
INV006587,ST12,P0519,91,23,7,98649.46,2025-12-12,Updated,No
INV003515,ST07,P0155,12,34,11,4808.16,2025-12-12,Updated,No
INV002948,ST06,P0137,72,92,42,27609.84,2025-12-05,Updated,No
INV001145,ST02,P0554,50,10,4,57940.0,2025-12-10,Updated,No
INV000276,ST01,P0280,44,95,36,1113.2,2025-12-20,Updated,No
INV006073,ST11,P0576,9,21,10,7457.94,2025-12-30,Updated,No
INV001969,ST04,P0230,86,19,8,32444.36,2025-12-15,Updated,No
INV000843,ST02,P0252,26,46,16,4689.36,2025-12-10,Updated,No
INV000965,ST02,P0374,26,42,20,13352.04,2025-12-09,Updated,No
INV006130,ST12,P0036,53,82,29,11164.45,2025-12-12,Updated,No
INV002305,ST05,P0013,17,43,16,2132.48,2025-12-14,Updated,No
INV000317,ST01,P0321,0,42,16,0.0,2025-12-14,Updated,No
INV001152,ST02,P0561,17,45,15,29453.18,2025-12-28,Updated,No
INV000734,ST02,P0143,42,75,35,13767.6,2025-12-05,Updated,No
INV005536,ST10,P0563,29,36,13,9050.03,2025-12-29,Updated,No
INV001343,ST03,P0159,33,72,22,9125.49,2025-12-01,Updated,No
INV005263,ST10,P0277,15,34,12,7870.8,2025-12-02,Updated,No
INV001352,ST03,P0168,424,71,32,106059.36,2025-12-25,Updated,Yes
INV002733,ST05,P0500,24,39,16,8260.08,2025-12-12,Updated,No
INV004099,ST08,P0194,20,40,13,774.6,2025-12-06,Updated,No
INV005077,ST10,P0079,36,73,28,6478.92,2025-12-18,Updated,No
INV002995,ST06,P0190,12,32,11,2804.52,2025-12-06,Updated,No
INV005014,ST10,P0008,23,64,22,12462.32,2025-12-10,Updated,No
INV005717,ST11,P0166,14,41,15,4785.34,2025-12-14,Updated,No
INV005082,ST10,P0084,23,40,19,3387.9,2025-12-21,Updated,No
INV001719,ST03,P0549,61,11,4,40358.82,2025-12-15,Updated,No
INV005539,ST10,P0566,8,22,8,5530.56,2025-12-15,Updated,No
INV005404,ST10,P0423,0,33,12,0.0,2025-12-10,Updated,No
INV003903,ST07,P0573,8,18,5,17020.56,2025-12-26,Updated,No
INV002915,ST06,P0099,68,91,29,32665.84,2025-12-17,Updated,No
INV004322,ST08,P0450,7,21,7,166.11,2025-12-10,Updated,No
INV003018,ST06,P0215,64,68,23,1358.08,2025-12-27,Updated,No
INV006617,ST12,P0551,18,40,14,10259.82,2025-12-23,Updated,No
INV004057,ST08,P0147,35,86,33,2801.05,2025-12-17,Updated,No
INV002877,ST06,P0060,0,87,36,0.0,2025-12-05,Updated,No
INV000634,ST02,P0043,5,16,5,83.85,2025-12-10,Updated,No
INV001254,ST03,P0065,37,69,29,2307.32,2025-12-23,Updated,No
INV004516,ST09,P0065,84,89,27,5238.24,2025-12-02,Updated,No
INV000921,ST02,P0330,7,22,7,2992.85,,Not Updated,No
INV002991,ST06,P0186,15,32,11,3194.4,2025-12-26,Updated,No
INV003393,ST07,P0027,8,36,14,4362.24,2025-12-16,Updated,No
INV005012,ST10,P0006,34,85,32,17738.82,2025-12-06,Updated,No
INV005768,ST11,P0225,21,39,11,8720.88,2025-12-26,Updated,No
INV000522,ST01,P0530,32,10,4,5962.56,2025-12-04,Updated,No
INV001491,ST03,P0314,20,39,16,5432.6,2025-12-28,Updated,No
INV000034,ST01,P0035,75,85,33,28935.75,2025-12-28,Updated,No
INV003626,ST07,P0274,7,17,8,2030.0,2025-12-14,Updated,No
INV000796,ST02,P0205,29,76,28,1590.65,2025-12-18,Updated,No
INV003658,ST07,P0309,25,46,22,8460.0,2025-12-21,Updated,No
INV004135,ST08,P0236,6,23,10,2010.36,2025-12-21,Updated,No
INV004718,ST09,P0290,27,35,13,14546.79,2025-12-02,Updated,No
INV004731,ST09,P0303,8,33,12,3845.76,2025-12-18,Updated,No
INV005872,ST11,P0345,18,36,12,6786.18,2025-12-25,Updated,No
INV000550,ST01,P0558,6,18,7,5784.48,,Not Updated,No
INV000232,ST01,P0236,132,22,9,44227.92,2025-12-28,Updated,Yes
INV002411,ST05,P0133,323,87,33,57025.65,2025-12-11,Updated,Yes
INV002141,ST04,P0424,27,8,3,2989.44,2025-12-18,Updated,No
INV000984,ST02,P0393,11,38,14,5865.97,2025-12-20,Updated,No
INV001707,ST03,P0537,31,10,3,23165.37,2025-12-22,Updated,No
INV005639,ST11,P0078,46,87,39,10402.44,2025-12-03,Updated,No
INV002316,ST05,P0025,39,80,25,15195.96,2025-12-05,Updated,No
INV001116,ST02,P0525,10,19,8,7858.8,2025-12-12,Updated,No
INV000822,ST02,P0231,65,71,21,37959.35,2025-12-31,Updated,No
INV001385,ST03,P0203,19,35,12,2589.89,2025-12-25,Updated,No
INV004906,ST09,P0495,7,20,9,7590.8,2025-12-27,Updated,No
INV003086,ST06,P0285,20,66,24,6547.8,2025-12-23,Updated,No
INV005688,ST11,P0133,91,72,30,16066.05,2025-12-19,Updated,No
INV002291,ST04,P0598,24,43,15,4614.96,2025-12-17,Updated,No
INV006636,ST12,P0571,7,19,6,3253.88,2025-12-31,Updated,No
INV005419,ST10,P0439,6,21,6,589.26,2025-12-08,Updated,No
INV002592,ST05,P0335,20,43,19,759.0,2025-12-14,Updated,No
INV002341,ST05,P0053,18,44,17,9423.36,2025-12-03,Updated,No
INV003040,ST06,P0238,6,17,6,491.64,2025-12-20,Updated,No
INV002180,ST04,P0471,32,10,4,7932.16,2025-12-12,Updated,No
INV000545,ST01,P0553,13,40,13,7107.62,2025-12-18,Updated,No
INV001887,ST04,P0139,8,37,13,1943.28,2025-12-02,Updated,No
INV006005,ST11,P0495,7,19,8,7590.8,2025-12-01,Updated,No
INV000798,ST02,P0207,19,43,17,1956.24,2025-12-22,Updated,No
INV002864,ST06,P0047,16,35,14,911.36,2025-12-17,Updated,No
INV006182,ST12,P0090,6,17,5,149.46,2025-12-13,Updated,No
INV002324,ST05,P0034,13,47,22,4341.74,2025-12-30,Updated,No
INV002601,ST05,P0346,60,68,32,7980.0,2025-12-06,Updated,No
INV004565,ST09,P0120,21,69,32,2942.94,2025-12-12,Updated,No
INV005713,ST11,P0162,31,80,35,4943.88,2025-12-23,Updated,No
INV000753,ST02,P0162,37,76,32,5900.76,2025-12-13,Updated,No
INV000290,ST01,P0294,0,74,36,0.0,2025-12-03,Updated,No
INV001974,ST04,P0235,19,44,21,3017.77,2025-12-06,Updated,No
INV002649,ST05,P0401,8,46,15,319.92,2025-12-18,Updated,No
INV005106,ST10,P0110,22,44,20,4738.14,2025-12-02,Updated,No
INV004930,ST09,P0520,7,20,7,2430.12,2025-12-08,Updated,No
INV002603,ST05,P0348,29,37,13,15683.78,2025-12-03,Updated,No
INV000564,ST01,P0572,62,16,5,86943.22,2025-12-09,Updated,No
INV003197,ST06,P0407,7,16,6,3304.98,2025-12-23,Updated,No
INV000901,ST02,P0310,36,11,5,9932.4,2025-12-28,Updated,No
INV001225,ST03,P0036,40,77,28,8426.0,2025-12-31,Updated,No
INV002404,ST05,P0124,29,32,15,11966.56,2025-12-02,Updated,No
INV003570,ST07,P0214,71,67,21,16828.42,2025-12-18,Updated,No
INV004340,ST08,P0471,45,10,3,11154.6,2025-12-08,Updated,No
INV003793,ST07,P0456,20,43,13,1098.4,2025-12-01,Updated,No
INV005616,ST11,P0051,68,73,33,15337.4,2025-12-22,Updated,No
INV003678,ST07,P0332,7,16,7,3358.95,2025-12-14,Updated,No
INV001177,ST02,P0586,7,23,7,171.08,2025-12-16,Updated,No
INV004321,ST08,P0449,17,32,13,1973.53,2025-12-26,Updated,No
INV000715,ST02,P0124,20,32,15,8252.8,2025-12-07,Updated,No
INV005943,ST11,P0422,82,11,3,7578.44,2025-12-18,Updated,No
INV003921,ST07,P0591,8,20,7,1295.36,2025-12-19,Updated,No
INV002190,ST04,P0483,9,22,10,2683.8,2025-12-26,Updated,No
INV006465,ST12,P0386,6,23,7,3298.8,2025-12-14,Updated,No
INV003254,ST06,P0474,30,38,11,17293.5,2025-12-01,Updated,No
INV004635,ST09,P0196,0,44,19,0.0,2025-12-05,Updated,No
INV004373,ST08,P0508,8,23,9,7703.76,2025-12-08,Updated,No
INV000777,ST02,P0186,15,41,14,3194.4,2025-12-05,Updated,No
INV006401,ST12,P0319,580,90,32,221635.4,2025-12-20,Updated,Yes
INV001516,ST03,P0340,61,75,29,12978.97,2025-12-04,Updated,No
INV006294,ST12,P0206,7,18,7,607.6,2025-12-15,Updated,No
INV005035,ST10,P0031,352,67,25,128648.96,2025-12-09,Updated,Yes
INV005469,ST10,P0492,7,16,4,5310.34,2025-12-04,Updated,No
INV003829,ST07,P0493,6,23,7,6241.08,2025-12-27,Updated,No
INV005537,ST10,P0564,9,22,7,19965.69,2025-12-19,Updated,No
INV002021,ST04,P0291,12,37,12,6609.12,2025-12-20,Updated,No
INV000989,ST02,P0398,18,34,15,2508.48,2025-12-25,Updated,No
INV002926,ST06,P0111,10,22,6,1165.3,2025-12-28,Updated,No
INV004921,ST09,P0511,14,46,22,3427.34,2025-12-31,Updated,No
INV003701,ST07,P0357,10,17,5,1661.8,2025-12-06,Updated,No
INV000910,ST02,P0319,66,67,27,25220.58,2025-12-10,Updated,No
INV003164,ST06,P0371,35,90,34,4466.0,2025-12-27,Updated,No
INV002417,ST05,P0139,28,35,15,6801.48,2025-12-27,Updated,No
INV001380,ST03,P0197,14,42,15,579.04,2025-12-20,Updated,No
INV003932,ST08,P0003,0,36,11,0.0,2025-12-15,Updated,No
INV004419,ST08,P0557,9,22,9,9977.94,2025-12-17,Updated,No
INV000061,ST01,P0062,13,33,14,293.93,2025-12-25,Updated,No
INV001558,ST03,P0382,16,41,14,6612.16,2025-12-29,Updated,No
INV002866,ST06,P0049,29,39,16,789.67,2025-12-24,Updated,No
INV003623,ST07,P0271,31,44,21,4495.0,2025-12-29,Updated,No
INV005170,ST10,P0180,17,39,15,2246.38,2025-12-03,Updated,No
INV002252,ST04,P0551,26,35,12,14819.74,2025-12-18,Updated,No
INV005532,ST10,P0558,3,19,5,2892.24,2025-12-01,Updated,No
INV000680,ST02,P0089,18,33,10,3294.72,2025-12-15,Updated,No
INV000487,ST01,P0494,26,45,15,18318.82,,Not Updated,No
INV002418,ST05,P0140,86,23,10,41859.64,2025-12-27,Updated,No
INV003087,ST06,P0286,4,17,6,684.24,2025-12-15,Updated,No
INV002935,ST06,P0121,72,78,23,21090.96,2025-12-15,Updated,No
INV002763,ST05,P0533,16,44,19,17064.0,2025-12-06,Updated,No
INV004973,ST09,P0566,6,20,7,4147.92,2025-12-25,Updated,No
INV004884,ST09,P0471,49,8,3,12146.12,2025-12-10,Updated,No
INV006183,ST12,P0091,6,20,8,1248.78,2025-12-28,Updated,No
INV005530,ST10,P0556,7,18,6,8367.03,2025-12-08,Updated,No
INV004878,ST09,P0464,25,93,30,1771.25,2025-12-14,Updated,No
INV000537,ST01,P0545,17,38,18,14155.22,2025-12-25,Updated,No
INV003249,ST06,P0469,81,92,45,7777.62,2025-12-04,Updated,No
INV003480,ST07,P0118,85,87,38,16228.2,2025-12-16,Updated,No
INV000515,ST01,P0523,148,37,12,39129.72,2025-12-09,Updated,Yes
INV000666,ST02,P0075,63,92,29,4505.13,2025-12-12,Updated,No
INV006158,ST12,P0066,6,21,9,884.82,2025-12-03,Updated,No
INV006545,ST12,P0473,5,19,7,1692.45,,Not Updated,No
INV003306,ST06,P0531,6,22,9,5833.38,2025-12-26,Updated,No
INV000283,ST01,P0287,18,47,15,6337.98,,Not Updated,No
INV005881,ST11,P0355,257,42,20,126629.04,2025-12-11,Updated,Yes
INV005826,ST11,P0291,231,38,15,127225.56,2025-12-02,Updated,Yes
INV002205,ST04,P0501,10,17,5,5599.0,2025-12-02,Updated,No
INV005842,ST11,P0312,24,33,10,6253.92,2025-12-26,Updated,No
INV004440,ST08,P0582,8,16,6,12489.76,2025-12-07,Updated,No
INV005662,ST11,P0103,20,46,14,11075.2,2025-12-14,Updated,No
INV005884,ST11,P0359,7,19,8,3938.13,2025-12-29,Updated,No
INV006103,ST12,P0009,71,66,23,20352.86,2025-12-25,Updated,No
INV000263,ST01,P0267,26,39,15,13037.96,2025-12-17,Updated,No
INV003541,ST07,P0183,630,66,30,43627.5,2025-12-07,Updated,Yes
INV002000,ST04,P0265,0,64,30,0.0,2025-12-26,Updated,No
INV006367,ST12,P0283,54,10,4,19208.34,2025-12-07,Updated,No
INV006257,ST12,P0169,18,47,16,7061.22,2025-12-16,Updated,No
INV004940,ST09,P0530,32,8,3,5962.56,2025-12-13,Updated,No
INV002608,ST05,P0354,0,35,10,0.0,2025-12-22,Updated,No
INV006244,ST12,P0154,5,18,5,1638.95,2025-12-23,Updated,No
INV005495,ST10,P0519,4,18,7,4336.24,2025-12-28,Updated,No
INV000880,ST02,P0289,10,44,13,5124.3,2025-12-29,Updated,No
INV000561,ST01,P0569,52,9,4,20726.16,2025-12-28,Updated,No
INV006218,ST12,P0128,6,32,12,613.26,2025-12-15,Updated,No
INV002987,ST06,P0182,36,79,37,18705.96,2025-12-03,Updated,No
INV000834,ST02,P0243,10,23,10,3922.6,2025-12-14,Updated,No
INV005689,ST11,P0134,13,40,13,6831.24,2025-12-04,Updated,No
INV000324,ST01,P0328,4,17,6,96.48,2025-12-20,Updated,No
INV005924,ST11,P0400,266,71,29,34827.38,2025-12-20,Updated,Yes
INV006114,ST12,P0020,16,45,16,1515.84,2025-12-05,Updated,No
INV003023,ST06,P0220,26,45,16,8776.56,2025-12-18,Updated,No
INV000117,ST01,P0119,30,95,33,11040.9,2025-12-18,Updated,No
INV005127,ST10,P0132,69,67,30,14917.8,2025-12-16,Updated,No
INV005013,ST10,P0007,14,32,10,7540.54,2025-12-06,Updated,No
INV003193,ST06,P0403,37,94,39,17252.36,2025-12-11,Updated,No
INV002736,ST05,P0503,9,23,9,8784.45,2025-12-16,Updated,No
INV002340,ST05,P0052,30,68,32,14622.9,2025-12-19,Updated,No
INV001044,ST02,P0453,50,67,27,1802.0,,Not Updated,No
INV002303,ST05,P0011,50,66,27,1504.5,2025-12-17,Updated,No
INV001017,ST02,P0426,37,11,3,3712.95,2025-12-12,Updated,No
INV000612,ST02,P0021,9,22,7,278.01,2025-12-14,Updated,No
INV002582,ST05,P0323,17,40,14,1805.23,2025-12-10,Updated,No
INV006478,ST12,P0399,190,46,20,90445.7,2025-12-30,Updated,Yes
INV004354,ST08,P0488,5,17,5,2352.7,2025-12-18,Updated,No
INV005188,ST10,P0199,24,40,13,2884.08,2025-12-05,Updated,No
INV004261,ST08,P0378,48,86,38,15532.8,2025-12-18,Updated,No
INV001810,ST04,P0049,18,35,10,490.14,2025-12-18,Updated,No
INV001250,ST03,P0061,11,34,12,2036.21,2025-12-21,Updated,No
INV004626,ST09,P0187,71,80,34,16834.1,2025-12-25,Updated,No
INV003479,ST07,P0117,55,81,33,775.5,2025-12-31,Updated,No
INV002163,ST04,P0452,13,46,13,1127.49,2025-12-04,Updated,No
INV001305,ST03,P0118,65,95,41,12409.8,2025-12-28,Updated,No
INV001298,ST03,P0111,8,21,8,932.24,2025-12-11,Updated,No
INV004146,ST08,P0247,8,18,7,3387.44,2025-12-18,Updated,No
INV002636,ST05,P0384,80,93,35,12916.0,2025-12-05,Updated,No
INV004998,ST09,P0592,64,9,3,14098.56,2025-12-13,Updated,No
INV003395,ST07,P0029,8,33,14,3877.84,2025-12-10,Updated,No
INV006157,ST12,P0065,578,94,38,36044.08,2025-12-20,Updated,Yes
INV000052,ST01,P0053,15,46,20,7852.8,2025-12-02,Updated,No
INV000320,ST01,P0324,7,34,13,350.21,2025-12-21,Updated,No
INV002919,ST06,P0103,21,40,17,11628.96,2025-12-31,Updated,No
INV003235,ST06,P0450,3,17,6,71.19,2025-12-08,Updated,No
INV004208,ST08,P0315,49,65,23,4418.33,2025-12-09,Updated,No
INV005296,ST10,P0311,0,33,13,0.0,2025-12-17,Updated,No
INV005888,ST11,P0363,11,41,20,1055.67,2025-12-24,Updated,No
INV001825,ST04,P0068,39,88,29,9236.76,2025-12-22,Updated,No
INV003568,ST07,P0212,370,83,30,10215.7,2025-12-04,Updated,Yes
INV002364,ST05,P0077,18,45,22,2901.06,2025-12-14,Updated,No
INV000737,ST02,P0146,18,35,11,8110.08,2025-12-17,Updated,No
INV004908,ST09,P0497,9,22,8,1782.18,2025-12-16,Updated,No
INV000732,ST02,P0141,0,38,15,0.0,,Not Updated,No
INV006043,ST11,P0542,17,44,18,10968.06,2025-12-16,Updated,No
INV005412,ST10,P0431,43,65,26,1067.26,2025-12-21,Updated,No
INV002795,ST05,P0570,5,19,8,6415.45,2025-12-09,Updated,No
INV002810,ST05,P0586,5,18,5,122.2,2025-12-03,Updated,No
INV004125,ST08,P0223,20,35,17,11306.2,2025-12-06,Updated,No
INV005197,ST10,P0208,80,90,38,6468.0,2025-12-28,Updated,No
INV002108,ST04,P0388,8,22,8,4030.72,2025-12-25,Updated,No
INV005205,ST10,P0216,28,38,17,10240.44,2025-12-09,Updated,No
INV001556,ST03,P0380,22,43,13,7405.2,2025-12-12,Updated,No
INV000321,ST01,P0325,10,37,16,3595.4,2025-12-13,Updated,No
INV003201,ST06,P0412,79,70,27,35144.73,2025-12-23,Updated,No
INV002537,ST05,P0274,8,17,7,2320.0,2025-12-04,Updated,No
INV004364,ST08,P0498,89,22,6,69677.21,2025-12-05,Updated,No
INV003014,ST06,P0211,34,72,30,2536.4,2025-12-27,Updated,No
INV001892,ST04,P0145,52,78,34,16994.64,2025-12-19,Updated,No
INV004594,ST09,P0150,74,73,25,5291.74,2025-12-07,Updated,No
INV000067,ST01,P0068,0,88,35,0.0,2025-12-23,Updated,No
INV002551,ST05,P0290,17,34,12,9159.09,2025-12-17,Updated,No
INV001065,ST02,P0474,8,36,12,4611.6,2025-12-28,Updated,No
INV002697,ST05,P0452,29,33,10,2515.17,2025-12-01,Updated,No
INV005844,ST11,P0314,0,32,13,0.0,2025-12-21,Updated,No
INV004936,ST09,P0526,25,38,11,14916.75,2025-12-15,Updated,No
INV003868,ST07,P0535,20,35,17,16866.4,2025-12-26,Updated,No
INV000599,ST02,P0008,48,82,30,26008.32,2025-12-31,Updated,No
INV002647,ST05,P0398,15,39,17,2090.4,2025-12-31,Updated,No
INV006637,ST12,P0572,8,19,7,11218.48,2025-12-14,Updated,No
INV000395,ST01,P0399,15,34,11,7140.45,2025-12-13,Updated,No
INV003721,ST07,P0378,39,83,28,12620.4,,Not Updated,No
INV002247,ST04,P0546,0,37,14,0.0,2025-12-02,Updated,No
INV000202,ST01,P0206,9,19,9,781.2,2025-12-11,Updated,No
INV004444,ST08,P0586,8,20,8,195.52,2025-12-27,Updated,No
INV001034,ST02,P0443,9,37,13,671.49,2025-12-06,Updated,No
INV001213,ST03,P0022,21,40,18,3237.15,2025-12-10,Updated,No
INV003252,ST06,P0472,45,8,3,3607.2,2025-12-09,Updated,No
INV001948,ST04,P0206,10,23,9,868.0,2025-12-04,Updated,No
INV004854,ST09,P0439,5,17,5,491.05,2025-12-15,Updated,No
INV001314,ST03,P0129,25,44,20,4498.5,2025-12-03,Updated,No
INV005941,ST11,P0420,10,23,9,2864.6,2025-12-31,Updated,No
INV004157,ST08,P0261,87,10,3,7308.87,2025-12-27,Updated,No
INV001764,ST03,P0599,14,38,14,696.64,2025-12-26,Updated,No
INV002145,ST04,P0429,17,38,18,1927.97,2025-12-27,Updated,No
INV006115,ST12,P0021,4,21,7,123.56,2025-12-02,Updated,No
INV002626,ST05,P0374,10,41,12,5135.4,2025-12-15,Updated,No
INV000080,ST01,P0081,34,94,38,3710.08,2025-12-05,Updated,No
INV005675,ST11,P0120,359,70,33,50310.26,2025-12-27,Updated,Yes
INV004043,ST08,P0132,77,66,29,16647.4,,Not Updated,No
INV002563,ST05,P0302,28,45,16,8445.08,2025-12-14,Updated,No
INV003345,ST06,P0572,9,17,7,12620.79,2025-12-03,Updated,No
INV001112,ST02,P0521,14,41,19,4231.64,2025-12-18,Updated,No
INV002691,ST05,P0446,6,17,8,532.56,2025-12-27,Updated,No
INV004219,ST08,P0329,12,38,13,698.4,2025-12-27,Updated,No
INV000338,ST01,P0342,65,9,3,29610.75,2025-12-22,Updated,No
INV004200,ST08,P0307,170,45,18,41559.9,2025-12-05,Updated,Yes
INV001701,ST03,P0531,5,18,8,4861.15,2025-12-26,Updated,No
INV000293,ST01,P0297,250,42,14,68980.0,2025-12-25,Updated,Yes
INV000982,ST02,P0391,10,19,8,2744.4,2025-12-01,Updated,No
INV003359,ST06,P0589,6,20,9,1997.64,2025-12-20,Updated,No
INV001842,ST04,P0088,22,41,14,5401.44,,Not Updated,No
INV001286,ST03,P0099,58,95,37,27862.04,2025-12-11,Updated,No
INV001912,ST04,P0165,29,76,23,11903.63,2025-12-07,Updated,No
INV004740,ST09,P0314,19,45,22,5160.97,2025-12-23,Updated,No
INV006208,ST12,P0118,74,92,43,14128.08,2025-12-08,Updated,No
INV003230,ST06,P0445,13,32,9,1089.4,2025-12-25,Updated,No
INV004769,ST09,P0346,29,80,32,3857.0,2025-12-22,Updated,No
INV005328,ST10,P0344,4,17,6,1742.48,2025-12-24,Updated,No
INV004047,ST08,P0137,26,85,33,9970.22,2025-12-18,Updated,No
INV005498,ST10,P0523,28,42,20,7402.92,2025-12-06,Updated,No
INV002779,ST05,P0551,175,38,14,99748.25,2025-12-22,Updated,Yes
INV005431,ST10,P0453,60,87,42,2162.4,2025-12-27,Updated,No
INV005101,ST10,P0104,30,40,12,2782.8,2025-12-20,Updated,No
INV001914,ST04,P0168,47,74,28,11756.58,2025-12-31,Updated,No
INV005555,ST10,P0584,5,21,6,7710.6,2025-12-09,Updated,No
INV003085,ST06,P0284,20,41,13,11066.2,2025-12-21,Updated,No
INV006129,ST12,P0035,32,80,24,12345.92,2025-12-13,Updated,No
INV002073,ST04,P0353,143,32,12,36336.3,2025-12-10,Updated,Yes
INV003834,ST07,P0498,88,17,7,68894.32,2025-12-13,Updated,No
INV001982,ST04,P0244,12,23,8,5575.56,2025-12-14,Updated,No
INV005154,ST10,P0164,6,20,9,2265.78,2025-12-29,Updated,No
INV003270,ST06,P0492,5,23,9,3793.1,2025-12-04,Updated,No
INV005268,ST10,P0283,62,11,5,22054.02,2025-12-19,Updated,No
INV003036,ST06,P0234,10,21,9,4172.8,2025-12-24,Updated,No
INV000114,ST01,P0116,32,46,16,1488.64,,Not Updated,No
INV000513,ST01,P0521,22,38,13,6649.72,2025-12-17,Updated,No
INV005977,ST11,P0460,27,42,19,3177.36,2025-12-28,Updated,No
INV000689,ST02,P0098,12,38,13,1663.44,2025-12-19,Updated,No
INV005542,ST10,P0569,38,8,3,15146.04,2025-12-06,Updated,No
INV001531,ST03,P0355,32,44,20,15767.04,2025-12-15,Updated,No
INV001180,ST02,P0589,117,23,10,38953.98,2025-12-20,Updated,Yes
INV002581,ST05,P0322,45,11,4,21542.85,2025-12-25,Updated,No
INV005234,ST10,P0246,287,42,18,72065.7,2025-12-07,Updated,Yes
INV001773,ST04,P0008,29,64,21,15713.36,2025-12-09,Updated,No
INV003946,ST08,P0020,0,35,17,0.0,2025-12-30,Updated,No
INV000945,ST02,P0354,22,43,15,7980.06,2025-12-13,Updated,No
INV004319,ST08,P0447,39,75,28,1716.78,2025-12-03,Updated,No
INV003404,ST07,P0039,54,87,26,26128.44,2025-12-25,Updated,No
INV003391,ST07,P0025,35,83,34,13637.4,2025-12-19,Updated,No
INV000851,ST02,P0260,17,42,12,1890.23,2025-12-03,Updated,No
INV005147,ST10,P0156,76,85,42,15863.48,2025-12-12,Updated,No
INV006249,ST12,P0159,63,74,33,17421.39,2025-12-07,Updated,No
INV002906,ST06,P0090,6,20,6,149.46,2025-12-14,Updated,No
INV004117,ST08,P0213,0,74,30,0.0,2025-12-30,Updated,No
INV004124,ST08,P0221,0,32,13,0.0,2025-12-16,Updated,No
INV003095,ST06,P0296,26,36,16,11721.58,2025-12-29,Updated,No
INV001787,ST04,P0023,20,38,16,2085.0,2025-12-12,Updated,No
INV000384,ST01,P0388,69,18,7,34764.96,2025-12-27,Updated,No
INV000184,ST01,P0187,43,93,31,10195.3,2025-12-20,Updated,No
INV004989,ST09,P0583,14,38,18,25777.64,2025-12-24,Updated,No
INV003006,ST06,P0202,24,43,21,2692.08,2025-12-07,Updated,No
INV001823,ST04,P0064,19,44,16,2017.61,2025-12-28,Updated,No
INV005955,ST11,P0438,33,79,30,1815.33,2025-12-05,Updated,No
INV003654,ST07,P0304,16,40,15,8337.44,2025-12-28,Updated,No
INV004909,ST09,P0498,6,20,8,4697.34,2025-12-03,Updated,No
INV001735,ST03,P0567,66,17,7,64092.6,2025-12-13,Updated,No
INV004782,ST09,P0361,5,18,5,1953.15,2025-12-06,Updated,No
INV004697,ST09,P0268,214,45,22,57756.46,2025-12-20,Updated,Yes
INV000551,ST01,P0559,7,41,14,16240.14,2025-12-24,Updated,No
INV003105,ST06,P0306,18,44,18,1907.28,2025-12-11,Updated,No
INV004152,ST08,P0254,12,33,11,3956.4,2025-12-07,Updated,No
INV004905,ST09,P0494,25,47,18,17614.25,2025-12-08,Updated,No
INV006525,ST12,P0451,27,44,16,2387.88,2025-12-15,Updated,No
INV000174,ST01,P0177,90,86,33,23652.9,2025-12-14,Updated,No
INV003195,ST06,P0405,20,41,14,3984.8,2025-12-10,Updated,No
INV001062,ST02,P0471,34,9,4,8427.92,2025-12-29,Updated,No
INV002842,ST06,P0021,7,20,8,216.23,2025-12-12,Updated,No
INV003961,ST08,P0036,68,69,25,14324.2,2025-12-19,Updated,No
INV001913,ST04,P0166,20,40,12,6836.2,2025-12-24,Updated,No
INV002574,ST05,P0314,356,42,13,96700.28,2025-12-24,Updated,Yes
INV001990,ST04,P0252,18,46,20,3246.48,2025-12-02,Updated,No
INV006433,ST12,P0352,26,32,15,13884.52,2025-12-26,Updated,No
INV002415,ST05,P0137,49,92,36,18790.03,2025-12-26,Updated,No
INV005410,ST10,P0429,33,38,15,3742.53,,Not Updated,No
INV005196,ST10,P0207,16,33,14,1647.36,2025-12-30,Updated,No
INV002933,ST06,P0119,70,75,25,25762.1,2025-12-19,Updated,No
INV003525,ST07,P0165,61,76,33,25038.67,2025-12-21,Updated,No
INV002620,ST05,P0367,18,33,15,5795.28,2025-12-31,Updated,No
INV001139,ST02,P0548,6,21,10,2005.74,2025-12-02,Updated,No
INV006207,ST12,P0117,34,87,31,479.4,2025-12-06,Updated,No
INV006618,ST12,P0552,9,22,7,2409.48,2025-12-16,Updated,No
INV005123,ST10,P0128,14,44,19,1430.94,2025-12-11,Updated,No
INV005574,ST11,P0004,41,93,28,20166.67,2025-12-08,Updated,No
INV004059,ST08,P0149,0,83,35,0.0,2025-12-25,Updated,No
INV000475,ST01,P0482,28,35,15,7256.76,2025-12-14,Updated,No
INV001981,ST04,P0243,5,23,11,1961.3,2025-12-08,Updated,No
INV000234,ST01,P0238,9,19,9,737.46,2025-12-29,Updated,No
INV000216,ST01,P0220,11,45,13,3713.16,2025-12-18,Updated,No
INV000839,ST02,P0248,8,17,5,1457.52,2025-12-12,Updated,No
INV003250,ST06,P0470,8,23,7,1136.32,2025-12-12,Updated,No
INV004877,ST09,P0463,45,82,25,5124.15,2025-12-21,Updated,No
INV000221,ST01,P0225,27,47,16,11212.56,2025-12-19,Updated,No
INV000437,ST01,P0443,18,34,16,1342.98,2025-12-18,Updated,No
INV002449,ST05,P0172,15,36,16,7816.35,2025-12-22,Updated,No
INV001736,ST03,P0568,20,44,20,38971.4,2025-12-23,Updated,No
INV001295,ST03,P0108,46,76,27,17268.86,2025-12-10,Updated,No
INV005262,ST10,P0276,79,11,3,19245.19,2025-12-23,Updated,No
INV000032,ST01,P0033,48,67,30,15160.32,2025-12-29,Updated,No
INV000203,ST01,P0207,14,43,16,1441.44,2025-12-21,Updated,No
INV001127,ST02,P0536,50,39,18,27664.0,2025-12-29,Updated,No
INV001700,ST03,P0530,53,8,3,9875.49,2025-12-10,Updated,No
INV001883,ST04,P0134,24,42,19,12611.52,2025-12-11,Updated,No
INV003589,ST07,P0233,9,18,6,247.68,2025-12-09,Updated,No
INV005525,ST10,P0551,23,40,16,13109.77,2025-12-23,Updated,No
INV002310,ST05,P0019,27,83,36,11297.88,2025-12-21,Updated,No
INV005377,ST10,P0394,53,74,34,2633.04,2025-12-25,Updated,No
INV004990,ST09,P0584,5,21,8,7710.6,2025-12-01,Updated,No
INV004736,ST09,P0309,32,46,15,10828.8,2025-12-13,Updated,No
INV000404,ST01,P0408,0,34,11,0.0,2025-12-28,Updated,No
INV005005,ST09,P0599,27,42,14,1343.52,2025-12-26,Updated,No
INV004029,ST08,P0112,34,64,25,18680.62,2025-12-26,Updated,No
INV003016,ST06,P0213,59,70,27,33257.12,2025-12-24,Updated,No
INV000562,ST01,P0570,9,18,6,11547.81,2025-12-01,Updated,No
INV000388,ST01,P0392,9,21,8,249.03,2025-12-16,Updated,No
INV005332,ST10,P0348,21,43,21,11357.22,2025-12-30,Updated,No
INV000220,ST01,P0224,60,92,34,27647.4,2025-12-09,Updated,No
INV005161,ST10,P0171,19,41,13,10749.44,2025-12-04,Updated,No
INV005827,ST11,P0292,22,47,17,8062.78,2025-12-22,Updated,No
INV001083,ST02,P0492,9,21,6,6827.58,2025-12-26,Updated,No
INV001450,ST03,P0268,21,38,18,5667.69,2025-12-24,Updated,No
INV000278,ST01,P0282,58,92,42,4604.04,2025-12-02,Updated,No
INV003080,ST06,P0279,49,74,29,29278.97,2025-12-13,Updated,No
INV004668,ST09,P0234,7,16,6,2920.96,2025-12-23,Updated,No
INV000967,ST02,P0376,18,35,17,4006.98,2025-12-05,Updated,No
INV004576,ST09,P0132,72,92,42,15566.4,2025-12-11,Updated,No
INV003969,ST08,P0046,0,36,15,0.0,2025-12-31,Updated,No
INV006027,ST11,P0521,25,35,11,7556.5,,Not Updated,No
INV005583,ST11,P0014,43,73,24,20856.29,2025-12-28,Updated,No
INV001311,ST03,P0126,31,44,20,10649.43,2025-12-22,Updated,No
INV003142,ST06,P0344,7,19,6,3049.34,2025-12-29,Updated,No
INV005331,ST10,P0347,15,36,15,299.25,2025-12-08,Updated,No
INV000578,ST01,P0586,7,19,6,171.08,2025-12-25,Updated,No
INV006360,ST12,P0276,51,10,3,12424.11,2025-12-26,Updated,No
INV004537,ST09,P0090,5,18,7,124.55,2025-12-10,Updated,No
INV003205,ST06,P0416,7,17,5,1444.66,2025-12-13,Updated,No
INV000074,ST01,P0075,42,85,39,3003.42,2025-12-30,Updated,No
INV003821,ST07,P0485,7,16,5,3929.38,2025-12-15,Updated,No
INV006464,ST12,P0385,137,23,11,38680.58,2025-12-15,Updated,Yes
INV005254,ST10,P0268,0,39,18,0.0,2025-12-07,Updated,No
INV000469,ST01,P0476,2,20,6,1082.56,2025-12-02,Updated,No
INV002345,ST05,P0057,79,87,43,28481.08,2025-12-25,Updated,No
INV003598,ST07,P0243,9,17,7,3530.34,2025-12-13,Updated,No
INV003462,ST07,P0100,13,47,16,7654.01,2025-12-02,Updated,No
INV005609,ST11,P0043,9,23,8,150.93,2025-12-08,Updated,No
INV001376,ST03,P0193,18,42,12,3686.4,2025-12-26,Updated,No
INV005403,ST10,P0422,55,8,3,5083.1,2025-12-06,Updated,No
INV004946,ST09,P0536,24,41,15,13278.72,2025-12-11,Updated,No
INV005029,ST10,P0025,66,86,28,25716.24,2025-12-05,Updated,No
INV003950,ST08,P0024,24,43,18,787.2,2025-12-25,Updated,No
INV004836,ST09,P0418,25,36,15,2321.0,2025-12-05,Updated,No
INV005958,ST11,P0441,11,42,19,481.03,2025-12-06,Updated,No
INV000193,ST01,P0196,247,45,14,44133.96,2025-12-16,Updated,Yes
INV005883,ST11,P0357,8,19,8,1329.44,2025-12-16,Updated,No
INV004714,ST09,P0286,5,19,7,855.3,2025-12-07,Updated,No
INV001917,ST04,P0172,16,42,19,8337.44,2025-12-09,Updated,No
INV004058,ST08,P0148,9,40,18,3463.38,2025-12-28,Updated,No
INV006381,ST12,P0298,67,88,32,28136.65,2025-12-23,Updated,No
INV004139,ST08,P0240,171,37,11,100282.95,2025-12-29,Updated,Yes
INV002042,ST04,P0316,7,17,6,3829.77,2025-12-12,Updated,No
INV006001,ST11,P0491,8,19,8,5700.64,2025-12-29,Updated,No
INV001461,ST03,P0280,73,66,23,1846.9,2025-12-07,Updated,No
INV005358,ST10,P0374,26,32,11,13352.04,2025-12-04,Updated,No
INV003842,ST07,P0506,28,40,17,5545.96,2025-12-16,Updated,No
INV004539,ST09,P0092,62,76,28,3594.14,2025-12-26,Updated,No
INV000858,ST02,P0267,17,37,13,8524.82,2025-12-17,Updated,No
INV000657,ST02,P0066,7,22,7,1032.29,2025-12-21,Updated,No
INV004737,ST09,P0311,23,47,15,8015.96,2025-12-27,Updated,No
INV005148,ST10,P0158,33,75,29,1537.47,2025-12-11,Updated,No
INV001514,ST03,P0338,28,8,3,7820.12,2025-12-05,Updated,No
INV001156,ST02,P0565,304,8,2,676314.88,2025-12-31,Updated,Yes
INV003383,ST07,P0016,77,82,38,12497.1,2025-12-13,Updated,No
INV000621,ST02,P0030,27,91,34,2466.72,2025-12-17,Updated,No
INV000280,ST01,P0284,0,46,15,0.0,2025-12-06,Updated,No
INV006196,ST12,P0104,21,35,12,1947.96,2025-12-17,Updated,No
INV006145,ST12,P0052,51,94,42,24858.93,2025-12-31,Updated,No
INV006459,ST12,P0379,12,46,17,4180.2,2025-12-09,Updated,No
INV003672,ST07,P0325,24,32,9,8628.96,2025-12-09,Updated,No
INV001427,ST03,P0245,15,36,12,6906.6,2025-12-07,Updated,No
INV003551,ST07,P0195,22,39,18,1469.38,2025-12-24,Updated,No
INV002456,ST05,P0181,67,73,27,29971.11,2025-12-29,Updated,No
INV006600,ST12,P0532,161,37,12,158607.54,2025-12-15,Updated,Yes
INV002741,ST05,P0510,18,45,21,13628.52,2025-12-13,Updated,No
INV004541,ST09,P0094,16,40,13,3054.4,2025-12-23,Updated,No
INV002392,ST05,P0110,12,36,14,2584.44,2025-12-09,Updated,No
INV006262,ST12,P0174,7,22,7,1395.73,2025-12-26,Updated,No
INV005652,ST11,P0093,23,46,15,557.75,2025-12-22,Updated,No
INV005425,ST10,P0446,109,23,10,9674.84,2025-12-19,Updated,Yes
INV005316,ST10,P0331,8,16,6,3461.2,2025-12-13,Updated,No
INV001378,ST03,P0195,14,40,13,935.06,,Not Updated,No
INV004652,ST09,P0215,38,84,37,806.36,2025-12-24,Updated,No
INV006417,ST12,P0336,20,46,20,976.6,2025-12-20,Updated,No
INV001039,ST02,P0448,26,35,11,1499.94,2025-12-09,Updated,No
INV004545,ST09,P0099,591,80,29,283904.58,2025-12-12,Updated,Yes
INV003050,ST06,P0248,7,16,7,1275.33,2025-12-29,Updated,No
INV004332,ST08,P0460,15,37,11,1765.2,2025-12-19,Updated,No
INV004370,ST08,P0505,23,46,14,4465.45,2025-12-26,Updated,No
INV001930,ST04,P0186,24,46,21,5111.04,2025-12-30,Updated,No
INV003166,ST06,P0373,28,39,14,15209.32,2025-12-30,Updated,No
INV006652,ST12,P0587,21,37,18,5862.15,2025-12-01,Updated,No
INV000768,ST02,P0177,67,66,29,17608.27,2025-12-06,Updated,No
INV002786,ST05,P0559,0,41,13,0.0,2025-12-12,Updated,No
INV001174,ST02,P0583,14,37,13,25777.64,2025-12-10,Updated,No
INV005515,ST10,P0541,20,42,19,12851.4,2025-12-10,Updated,No
INV005459,ST10,P0481,17,36,17,6145.5,2025-12-21,Updated,No
INV003315,ST06,P0541,22,34,13,14136.54,2025-12-18,Updated,No
INV002081,ST04,P0361,8,20,8,3125.04,2025-12-06,Updated,No
INV000182,ST01,P0185,61,73,33,25755.42,2025-12-08,Updated,No
INV004323,ST08,P0451,0,43,19,0.0,2025-12-26,Updated,No
INV004752,ST09,P0327,27,42,15,11097.0,2025-12-19,Updated,No
INV002120,ST04,P0401,17,44,18,679.83,,Not Updated,No
INV000020,ST01,P0021,8,22,7,247.12,2025-12-12,Updated,No
INV003034,ST06,P0232,49,94,38,27185.69,2025-12-05,Updated,No
INV001712,ST03,P0542,0,40,12,0.0,2025-12-12,Updated,No
INV003231,ST06,P0446,8,18,6,710.08,2025-12-13,Updated,No
INV001012,ST02,P0421,34,87,42,18544.28,2025-12-08,Updated,No
INV006282,ST12,P0194,17,46,16,658.41,2025-12-10,Updated,No
INV002690,ST05,P0445,18,44,19,1508.4,2025-12-15,Updated,No
INV004611,ST09,P0170,59,75,27,11256.02,2025-12-06,Updated,No
INV005381,ST10,P0398,0,38,15,0.0,2025-12-29,Updated,No
INV001794,ST04,P0031,31,79,28,11329.88,2025-12-31,Updated,No
INV005329,ST10,P0345,19,39,17,7163.19,2025-12-25,Updated,No
INV002875,ST06,P0058,9,16,6,3186.63,2025-12-19,Updated,No
INV005085,ST10,P0087,205,43,19,16067.9,2025-12-05,Updated,Yes
INV004658,ST09,P0224,49,93,43,22578.71,2025-12-31,Updated,No
INV003317,ST06,P0543,7,21,10,4991.07,2025-12-21,Updated,No
INV006339,ST12,P0254,24,46,19,7912.8,2025-12-23,Updated,No
INV000782,ST02,P0191,244,43,15,43380.76,2025-12-09,Updated,Yes
INV000392,ST01,P0396,8,19,7,2181.44,2025-12-04,Updated,No
INV000292,ST01,P0296,23,36,17,10369.09,2025-12-31,Updated,No
INV001854,ST04,P0101,54,66,30,11112.66,2025-12-18,Updated,No
INV004429,ST08,P0568,13,39,13,25331.41,2025-12-11,Updated,No
INV001036,ST02,P0445,20,46,15,1676.0,2025-12-18,Updated,No
INV004154,ST08,P0258,67,94,38,8479.52,2025-12-18,Updated,No
INV000065,ST01,P0066,7,18,8,1032.29,2025-12-15,Updated,No
INV004549,ST09,P0103,196,32,11,108536.96,2025-12-20,Updated,Yes
INV005289,ST10,P0304,22,44,18,11463.98,2025-12-03,Updated,No
INV001011,ST02,P0420,6,20,9,1718.76,2025-12-24,Updated,No
INV006284,ST12,P0196,25,42,19,4467.0,2025-12-27,Updated,No
INV006434,ST12,P0353,0,33,12,0.0,2025-12-09,Updated,No
INV006605,ST12,P0537,58,9,4,43341.66,2025-12-18,Updated,No
INV003074,ST06,P0273,204,41,15,117746.76,2025-12-09,Updated,Yes
INV004428,ST08,P0567,9,18,7,8739.9,2025-12-14,Updated,No
INV001355,ST03,P0171,19,37,16,10749.44,2025-12-29,Updated,No
INV002854,ST06,P0035,56,68,33,21605.36,2025-12-13,Updated,No
INV000330,ST01,P0334,29,38,14,5748.38,2025-12-25,Updated,No
INV001331,ST03,P0146,11,36,12,4956.16,2025-12-24,Updated,No
INV003683,ST07,P0337,21,38,15,4526.34,2025-12-21,Updated,No
INV005920,ST11,P0396,9,23,9,2454.12,2025-12-22,Updated,No
INV000519,ST01,P0527,5,16,6,5039.4,2025-12-23,Updated,No
INV000725,ST02,P0134,27,40,13,14187.96,2025-12-17,Updated,No
INV002898,ST06,P0081,70,88,40,7638.4,2025-12-10,Updated,No
INV005384,ST10,P0401,19,33,12,759.81,2025-12-02,Updated,No
INV005145,ST10,P0153,71,93,45,24936.62,2025-12-17,Updated,No
INV000908,ST02,P0317,17,38,16,2372.69,2025-12-28,Updated,No
INV005647,ST11,P0088,13,44,15,3191.76,2025-12-12,Updated,No
INV005059,ST10,P0058,6,21,8,2124.42,2025-12-05,Updated,No
INV003221,ST06,P0435,23,39,15,2373.83,2025-12-14,Updated,No
INV003172,ST06,P0380,30,34,15,10098.0,2025-12-05,Updated,No
INV002479,ST05,P0210,18,47,23,1804.5,2025-12-30,Updated,No
INV000497,ST01,P0504,19,41,19,18639.0,2025-12-05,Updated,No
INV000492,ST01,P0499,14,38,17,4955.58,2025-12-29,Updated,No
INV003959,ST08,P0034,21,34,12,7013.58,2025-12-26,Updated,No
INV003962,ST08,P0037,0,38,17,0.0,2025-12-10,Updated,No
INV004448,ST08,P0590,24,39,17,9180.24,2025-12-04,Updated,No
INV003295,ST06,P0518,9,21,10,10495.35,2025-12-10,Updated,No
INV006315,ST12,P0227,11,40,15,2823.59,2025-12-09,Updated,No
INV002241,ST04,P0539,138,22,7,77620.86,2025-12-03,Updated,Yes
INV003203,ST06,P0414,71,72,21,6294.86,2025-12-01,Updated,No
INV000270,ST01,P0274,8,21,8,2320.0,2025-12-20,Updated,No
INV004371,ST08,P0506,21,40,13,4159.47,2025-12-26,Updated,No
INV003199,ST06,P0409,23,46,19,7975.94,2025-12-11,Updated,No
INV000154,ST01,P0157,65,69,31,8827.65,2025-12-31,Updated,No
INV002491,ST05,P0222,9,21,9,4956.57,2025-12-27,Updated,No
INV001189,ST02,P0598,21,39,19,4038.09,2025-12-13,Updated,No
INV001478,ST03,P0300,31,9,2,2245.02,2025-12-09,Updated,No
INV005766,ST11,P0223,23,46,21,13002.13,2025-12-22,Updated,No
INV001826,ST04,P0069,34,79,36,2233.12,2025-12-26,Updated,No
INV002704,ST05,P0459,44,80,34,905.08,2025-12-25,Updated,No
INV003935,ST08,P0008,45,80,36,24382.8,2025-12-27,Updated,No
INV001788,ST04,P0024,187,33,10,6133.6,2025-12-27,Updated,Yes
INV003536,ST07,P0177,54,88,40,14191.74,2025-12-23,Updated,No
INV005428,ST10,P0450,5,16,6,118.65,2025-12-25,Updated,No
INV003245,ST06,P0463,410,74,22,46686.7,2025-12-26,Updated,Yes
INV002482,ST05,P0213,55,78,28,31002.4,2025-12-29,Updated,No
INV004900,ST09,P0489,14,44,16,1091.16,2025-12-27,Updated,No
INV001555,ST03,P0379,12,47,23,4180.2,2025-12-07,Updated,No
INV002248,ST04,P0547,8,16,6,1603.12,,Not Updated,No
INV004038,ST08,P0124,17,43,18,7014.88,2025-12-01,Updated,No
INV000928,ST02,P0337,22,45,20,4741.88,2025-12-18,Updated,No
INV001980,ST04,P0242,19,42,20,6874.39,2025-12-06,Updated,No
INV002553,ST05,P0292,28,33,13,10261.72,2025-12-16,Updated,No
INV004593,ST09,P0149,81,70,21,19395.45,2025-12-23,Updated,No
INV001094,ST02,P0503,5,19,8,4880.25,2025-12-17,Updated,No
INV002090,ST04,P0370,60,73,26,16996.8,2025-12-24,Updated,No
INV000180,ST01,P0183,15,87,33,1038.75,2025-12-21,Updated,No
INV004480,ST09,P0024,24,33,13,787.2,2025-12-27,Updated,No
INV004550,ST09,P0105,17,43,13,6431.95,,Not Updated,No
INV006425,ST12,P0344,3,18,5,1306.86,2025-12-02,Updated,No
INV003486,ST07,P0124,0,35,11,0.0,2025-12-16,Updated,No
INV002547,ST05,P0286,4,21,6,684.24,2025-12-14,Updated,No
INV004378,ST08,P0514,21,47,17,9525.18,2025-12-22,Updated,No
INV001608,ST03,P0435,12,43,19,1238.52,2025-12-02,Updated,No
INV004897,ST09,P0486,20,34,10,884.0,2025-12-30,Updated,No
INV004190,ST08,P0297,14,33,12,3862.88,2025-12-22,Updated,No
INV003572,ST07,P0216,32,45,16,11703.36,2025-12-25,Updated,No
INV000611,ST02,P0020,23,39,14,2179.02,2025-12-26,Updated,No
INV004270,ST08,P0389,30,89,29,3009.6,2025-12-30,Updated,No
INV003210,ST06,P0423,14,40,14,2863.56,2025-12-20,Updated,No
INV001069,ST02,P0478,15,42,16,5892.75,2025-12-28,Updated,No
INV002629,ST05,P0377,41,89,32,15033.06,2025-12-16,Updated,No
INV003929,ST07,P0600,22,32,13,6581.96,2025-12-09,Updated,No
INV001059,ST02,P0468,62,88,39,7151.08,2025-12-14,Updated,No
INV001129,ST02,P0538,59,11,5,61607.21,2025-12-05,Updated,No
INV004681,ST09,P0251,20,46,18,7686.6,2025-12-09,Updated,No
INV001063,ST02,P0472,62,11,4,4969.92,2025-12-28,Updated,No
INV004306,ST08,P0432,5,16,6,540.55,2025-12-19,Updated,No
INV000197,ST01,P0201,11,44,21,1757.03,2025-12-15,Updated,No
INV004938,ST09,P0528,17,46,21,14289.86,2025-12-12,Updated,No
INV002577,ST05,P0318,12,35,10,896.64,2025-12-24,Updated,No
INV003784,ST07,P0446,6,19,6,532.56,2025-12-25,Updated,No
INV002755,ST05,P0524,62,8,3,33542.0,2025-12-19,Updated,No
INV004768,ST09,P0345,27,37,14,10179.27,2025-12-25,Updated,No
INV000298,ST01,P0302,24,32,10,7238.64,2025-12-12,Updated,No
INV004559,ST09,P0114,7,18,8,1161.65,2025-12-17,Updated,No
INV001480,ST03,P0302,19,32,14,5730.59,2025-12-20,Updated,No
INV004640,ST09,P0203,168,35,13,22900.08,2025-12-31,Updated,Yes
INV005031,ST10,P0027,28,34,11,15267.84,2025-12-13,Updated,No
INV006136,ST12,P0042,26,33,15,7920.9,2025-12-31,Updated,No
INV005336,ST10,P0352,28,40,15,14952.56,2025-12-30,Updated,No
INV000913,ST02,P0322,58,8,3,27766.34,2025-12-02,Updated,No
INV003445,ST07,P0082,23,33,15,950.59,2025-12-24,Updated,No
INV002985,ST06,P0179,19,41,16,458.28,2025-12-02,Updated,No
INV003082,ST06,P0281,27,44,17,4967.73,2025-12-30,Updated,No
INV006517,ST12,P0443,8,33,13,596.88,2025-12-15,Updated,No
INV005552,ST10,P0581,5,16,4,10176.3,2025-12-27,Updated,No
INV003435,ST07,P0071,328,93,35,61047.36,2025-12-19,Updated,Yes
INV006065,ST11,P0566,6,18,8,4147.92,2025-12-27,Updated,No
INV002498,ST05,P0229,0,41,12,0.0,2025-12-26,Updated,No
INV002653,ST05,P0405,21,45,17,4184.04,2025-12-16,Updated,No
INV001955,ST04,P0213,69,67,21,38893.92,2025-12-30,Updated,No
INV006261,ST12,P0173,0,36,16,0.0,2025-12-05,Updated,No
INV002767,ST05,P0537,33,11,3,24659.91,2025-12-12,Updated,No
INV004787,ST09,P0367,8,44,16,2575.68,2025-12-11,Updated,No
INV000669,ST02,P0078,73,81,25,16508.22,2025-12-23,Updated,No
INV003943,ST08,P0017,52,79,25,10163.4,2025-12-03,Updated,No
INV003595,ST07,P0240,24,45,14,14074.8,2025-12-01,Updated,No
INV001165,ST02,P0574,12,23,10,21498.12,2025-12-28,Updated,No
INV001933,ST04,P0189,68,74,35,5474.0,2025-12-01,Updated,No
INV006481,ST12,P0402,66,87,40,2114.64,2025-12-22,Updated,No
INV001008,ST02,P0417,15,32,11,1354.65,2025-12-11,Updated,No
INV006340,ST12,P0255,44,9,4,25035.12,2025-12-31,Updated,No
INV000894,ST02,P0303,15,46,15,7210.8,2025-12-18,Updated,No
INV000821,ST02,P0230,9,22,10,3395.34,2025-12-03,Updated,No
INV003677,ST07,P0330,9,16,7,3847.95,2025-12-03,Updated,No
INV003499,ST07,P0137,38,83,40,14571.86,2025-12-09,Updated,No
INV006591,ST12,P0523,229,39,12,60545.31,2025-12-21,Updated,Yes
INV001219,ST03,P0030,53,88,34,4842.08,2025-12-23,Updated,No
INV005084,ST10,P0086,0,69,34,0.0,2025-12-03,Updated,No
INV003748,ST07,P0409,31,46,15,10750.18,2025-12-11,Updated,No
INV004462,ST09,P0006,33,74,36,17217.09,2025-12-21,Updated,No
INV000660,ST02,P0069,56,92,28,3678.08,2025-12-23,Updated,No
INV004894,ST09,P0483,6,17,5,1789.2,2025-12-17,Updated,No
INV005030,ST10,P0026,21,46,18,11517.66,2025-12-18,Updated,No
INV004682,ST09,P0252,14,41,14,2525.04,2025-12-04,Updated,No
INV001909,ST04,P0162,30,74,33,4784.4,2025-12-12,Updated,No
INV005102,ST10,P0106,9,17,8,557.28,2025-12-24,Updated,No
INV004209,ST08,P0316,6,22,8,3282.66,2025-12-17,Updated,No
INV000189,ST01,P0192,26,33,10,3884.4,2025-12-31,Updated,No
INV000401,ST01,P0405,15,41,19,2988.6,2025-12-27,Updated,No
INV001088,ST02,P0497,6,19,8,1188.12,2025-12-07,Updated,No
INV001175,ST02,P0584,2,19,6,3084.24,2025-12-02,Updated,No
INV004206,ST08,P0313,15,41,12,5770.2,2025-12-29,Updated,No
INV005422,ST10,P0443,26,43,15,1939.86,2025-12-08,Updated,No
INV002583,ST05,P0324,23,43,18,1150.69,2025-12-10,Updated,No
INV006460,ST12,P0380,14,37,11,4712.4,2025-12-28,Updated,No
INV003094,ST06,P0295,45,90,41,18016.65,2025-12-09,Updated,No
INV000639,ST02,P0048,21,39,18,872.76,2025-12-05,Updated,No
INV001007,ST02,P0416,5,22,8,1031.9,2025-12-24,Updated,No
INV005160,ST10,P0170,30,77,31,5723.4,2025-12-25,Updated,No
INV005468,ST10,P0491,6,17,7,4275.48,2025-12-15,Updated,No
INV001510,ST03,P0334,12,34,12,2378.64,2025-12-03,Updated,No
INV004754,ST09,P0329,22,37,16,1280.4,2025-12-15,Updated,No
INV000998,ST02,P0407,8,21,9,3777.12,2025-12-08,Updated,No
INV002027,ST04,P0298,39,70,22,16378.05,2025-12-11,Updated,No
INV005401,ST10,P0420,6,18,5,1718.76,2025-12-20,Updated,No
INV000614,ST02,P0023,248,42,14,25854.0,2025-12-10,Updated,Yes
INV003438,ST07,P0074,37,92,41,3362.93,2025-12-30,Updated,No
INV005871,ST11,P0344,7,17,5,3049.34,2025-12-11,Updated,No
INV004862,ST09,P0447,38,88,31,1672.76,2025-12-08,Updated,No
INV002850,ST06,P0029,17,33,11,8240.41,2025-12-26,Updated,No
INV005802,ST11,P0266,69,9,3,19304.13,2025-12-16,Updated,No
INV004036,ST08,P0122,8,33,13,1321.76,2025-12-01,Updated,No
INV006364,ST12,P0280,49,81,28,1239.7,2025-12-15,Updated,No
INV005350,ST10,P0366,6,23,7,2116.92,2025-12-29,Updated,No
INV000934,ST02,P0343,19,47,22,8758.43,2025-12-12,Updated,No
INV004383,ST08,P0520,8,17,7,2777.28,2025-12-15,Updated,No
INV001793,ST04,P0029,19,36,14,9209.87,2025-12-02,Updated,No
INV002368,ST05,P0081,38,84,29,4146.56,2025-12-31,Updated,No
INV003198,ST06,P0408,20,43,16,3850.4,2025-12-31,Updated,No
INV005792,ST11,P0254,22,32,12,7253.4,,Not Updated,No
INV000570,ST01,P0578,16,43,18,18056.0,2025-12-17,Updated,No
INV002375,ST05,P0090,4,23,8,99.64,2025-12-26,Updated,No
INV000066,ST01,P0067,0,37,13,0.0,2025-12-30,Updated,No
INV003583,ST07,P0227,13,37,14,3336.97,2025-12-27,Updated,No
INV002056,ST04,P0332,7,17,7,3358.95,2025-12-25,Updated,No
INV006142,ST12,P0049,27,46,14,735.21,2025-12-10,Updated,No
INV001108,ST02,P0517,64,9,2,21543.68,2025-12-16,Updated,No
INV001383,ST03,P0201,18,38,18,2875.14,2025-12-02,Updated,No
INV006596,ST12,P0528,27,42,18,22695.66,2025-12-01,Updated,No
INV004268,ST08,P0386,6,19,6,3298.8,2025-12-03,Updated,No
INV000043,ST01,P0044,81,68,26,48166.65,2025-12-03,Updated,No
INV005873,ST11,P0346,58,67,27,7714.0,2025-12-02,Updated,No
INV002588,ST05,P0330,6,21,8,2565.3,2025-12-13,Updated,No
INV004786,ST09,P0365,10,21,9,623.4,2025-12-29,Updated,No
INV003012,ST06,P0209,15,40,16,947.1,2025-12-04,Updated,No
INV001029,ST02,P0438,71,91,35,3905.71,2025-12-08,Updated,No
INV004833,ST09,P0415,31,42,17,7540.75,2025-12-25,Updated,No
INV003071,ST06,P0270,26,34,15,1544.92,2025-12-03,Updated,No
INV001367,ST03,P0183,28,67,24,1939.0,2025-12-08,Updated,No
INV005413,ST10,P0432,10,22,10,1081.1,2025-12-08,Updated,No
INV004330,ST08,P0458,6,19,5,582.6,2025-12-24,Updated,No
INV005529,ST10,P0555,14,37,13,2940.0,2025-12-15,Updated,No
INV002154,ST04,P0438,330,65,28,18153.3,2025-12-07,Updated,Yes
INV001804,ST04,P0043,9,20,7,150.93,2025-12-29,Updated,No
INV005930,ST11,P0408,14,43,14,2695.28,2025-12-21,Updated,No
INV002723,ST05,P0486,19,37,11,839.8,2025-12-12,Updated,No
INV002824,ST06,P0001,54,75,31,16446.78,2025-12-27,Updated,No
INV001724,ST03,P0554,66,11,3,76480.8,2025-12-22,Updated,No
INV002153,ST04,P0437,6,33,10,425.28,2025-12-21,Updated,No
INV002187,ST04,P0478,10,34,13,3928.5,2025-12-17,Updated,No
INV005137,ST10,P0144,19,36,17,8338.91,2025-12-30,Updated,No
INV001591,ST03,P0418,30,42,12,2785.2,2025-12-11,Updated,No
INV003610,ST07,P0256,292,46,21,128246.4,2025-12-04,Updated,Yes
INV003755,ST07,P0416,2,17,6,412.76,2025-12-27,Updated,No
INV004460,ST09,P0004,40,86,41,19674.8,2025-12-29,Updated,No
INV004551,ST09,P0106,9,20,8,557.28,2025-12-24,Updated,No
INV003577,ST07,P0221,15,43,13,299.7,2025-12-15,Updated,No
INV000233,ST01,P0237,6,17,7,569.22,2025-12-15,Updated,No
INV000833,ST02,P0242,14,44,18,5065.34,2025-12-30,Updated,No
INV004650,ST09,P0213,530,84,40,298750.4,2025-12-04,Updated,Yes
INV004087,ST08,P0180,17,33,13,2246.38,2025-12-17,Updated,No
INV001417,ST03,P0235,15,36,14,2382.45,2025-12-14,Updated,No
INV000678,ST02,P0087,29,44,19,2273.02,2025-12-11,Updated,No
INV006447,ST12,P0367,12,33,13,3863.52,2025-12-29,Updated,No
INV001600,ST03,P0427,56,8,3,25153.52,2025-12-19,Updated,No
INV003931,ST08,P0002,17,33,16,9681.67,2025-12-27,Updated,No
INV001220,ST03,P0031,37,78,38,13522.76,2025-12-11,Updated,No
INV003640,ST07,P0289,21,35,14,10761.03,2025-12-16,Updated,No
INV002942,ST06,P0128,0,42,14,0.0,2025-12-08,Updated,No
INV005679,ST11,P0124,18,39,13,7427.52,2025-12-20,Updated,No
INV003763,ST07,P0424,42,10,4,4650.24,2025-12-03,Updated,No
INV002830,ST06,P0008,47,66,19,25466.48,2025-12-28,Updated,No
INV004164,ST08,P0268,15,35,14,4048.35,2025-12-06,Updated,No
INV004656,ST09,P0221,18,45,18,359.64,2025-12-05,Updated,No
INV000389,ST01,P0393,11,33,11,5865.97,2025-12-25,Updated,No
INV004553,ST09,P0108,71,83,35,26654.11,2025-12-15,Updated,No
INV001685,ST03,P0515,23,38,16,20225.74,2025-12-25,Updated,No
INV000541,ST01,P0549,53,8,3,35065.86,2025-12-08,Updated,No
INV001690,ST03,P0520,5,23,8,1735.8,2025-12-09,Updated,No
INV000269,ST01,P0273,9,33,15,5194.71,2025-12-12,Updated,No
INV000037,ST01,P0038,299,47,19,102802.18,2025-12-03,Updated,Yes
INV002503,ST05,P0234,8,17,5,3338.24,2025-12-30,Updated,No
INV002597,ST05,P0341,67,10,3,36204.79,2025-12-04,Updated,No
INV004101,ST08,P0196,0,43,21,0.0,2025-12-11,Updated,No
INV005570,ST10,P0600,20,36,17,5983.6,2025-12-14,Updated,No
INV003407,ST07,P0042,22,39,12,6702.3,2025-12-03,Updated,No
INV006365,ST12,P0281,18,37,16,3311.82,2025-12-03,Updated,No
INV002787,ST05,P0560,29,45,16,18693.69,2025-12-02,Updated,No
INV005621,ST11,P0057,86,82,33,31004.72,2025-12-29,Updated,No
INV004780,ST09,P0358,32,43,16,8432.0,2025-12-10,Updated,No
INV004410,ST08,P0548,136,23,7,45463.44,2025-12-29,Updated,Yes
INV004798,ST09,P0379,16,32,15,5573.6,,Not Updated,No
INV000004,ST01,P0005,64,68,31,18901.76,2025-12-24,Updated,No
INV002270,ST04,P0573,8,19,8,17020.56,2025-12-31,Updated,No
INV005122,ST10,P0127,48,83,27,20231.04,2025-12-15,Updated,No
INV005281,ST10,P0296,19,36,12,8565.77,2025-12-08,Updated,No
INV006116,ST12,P0022,14,35,10,2158.1,2025-12-05,Updated,No
INV001079,ST02,P0488,8,22,7,3764.32,2025-12-10,Updated,No
INV001547,ST03,P0371,42,89,34,5359.2,2025-12-04,Updated,No
INV003887,ST07,P0555,19,40,13,3990.0,2025-12-26,Updated,No
INV002746,ST05,P0515,12,40,12,10552.56,2025-12-15,Updated,No
INV000646,ST02,P0055,38,75,25,11638.26,2025-12-08,Updated,No
INV003068,ST06,P0266,39,10,4,10911.03,2025-12-10,Updated,No
INV001322,ST03,P0137,53,84,30,20323.91,2025-12-27,Updated,No
INV002538,ST05,P0276,879,9,3,214133.19,2025-12-30,Updated,Yes
INV004174,ST08,P0279,11,69,22,6572.83,2025-12-11,Updated,No
INV001423,ST03,P0241,103,17,7,37642.38,2025-12-24,Updated,Yes
INV000115,ST01,P0117,302,69,25,4258.2,2025-12-18,Updated,Yes
INV005879,ST11,P0353,22,44,13,5590.2,2025-12-17,Updated,No
INV006199,ST12,P0108,78,65,25,29281.98,2025-12-17,Updated,No
INV003093,ST06,P0293,16,40,19,8624.48,2025-12-14,Updated,No
INV003417,ST07,P0052,38,93,43,18522.34,2025-12-18,Updated,No
INV001361,ST03,P0177,26,74,29,6833.06,2025-12-06,Updated,No
INV003239,ST06,P0455,0,46,22,0.0,2025-12-05,Updated,No
INV006181,ST12,P0089,13,34,11,2379.52,2025-12-05,Updated,No
INV001813,ST04,P0052,449,68,32,218856.07,2025-12-27,Updated,Yes
INV004879,ST09,P0465,48,74,31,5131.68,2025-12-06,Updated,No
INV003526,ST07,P0166,11,38,14,3759.91,2025-12-10,Updated,No
INV000962,ST02,P0371,50,80,36,6380.0,2025-12-08,Updated,No
INV002471,ST05,P0201,23,42,16,3673.79,2025-12-11,Updated,No
INV001846,ST04,P0093,14,32,13,339.5,2025-12-13,Updated,No
INV004092,ST08,P0187,0,88,40,0.0,2025-12-14,Updated,No
INV000099,ST01,P0100,16,46,17,9420.32,2025-12-06,Updated,No
INV006309,ST12,P0221,28,38,15,559.44,2025-12-04,Updated,No
INV000907,ST02,P0316,8,20,8,4376.88,2025-12-12,Updated,No
INV004024,ST08,P0107,75,80,35,14451.75,2025-12-12,Updated,No
INV001786,ST04,P0022,16,44,16,2466.4,2025-12-22,Updated,No
INV002522,ST05,P0254,16,41,19,5275.2,2025-12-11,Updated,No
INV001855,ST04,P0102,55,68,32,19813.75,2025-12-21,Updated,No
INV000792,ST02,P0201,27,46,18,4312.71,,Not Updated,No
INV005916,ST11,P0392,6,18,5,166.02,2025-12-30,Updated,No
INV005866,ST11,P0339,183,20,6,58452.03,2025-12-31,Updated,Yes
INV005565,ST10,P0594,11,18,7,6363.61,2025-12-29,Updated,No
INV005714,ST11,P0163,23,46,22,1564.46,2025-12-16,Updated,No
INV002710,ST05,P0466,24,42,16,1596.24,2025-12-23,Updated,No
INV002204,ST04,P0500,32,44,13,11013.44,2025-12-15,Updated,No
INV005443,ST10,P0465,83,88,36,8873.53,2025-12-07,Updated,No
INV005157,ST10,P0167,566,91,27,185104.64,2025-12-16,Updated,Yes
INV004175,ST08,P0280,77,68,28,1948.1,2025-12-18,Updated,No
INV002116,ST04,P0396,6,22,7,1636.08,2025-12-06,Updated,No
INV006172,ST12,P0080,8,23,11,1218.8,2025-12-18,Updated,No
INV001304,ST03,P0117,33,71,30,465.3,2025-12-30,Updated,No
INV002285,ST04,P0591,9,16,5,1457.28,2025-12-16,Updated,No
INV003673,ST07,P0326,30,40,14,8590.5,2025-12-13,Updated,No
INV001018,ST02,P0427,73,10,4,32789.41,2025-12-24,Updated,No
INV006266,ST12,P0178,74,95,45,12508.22,2025-12-26,Updated,No
INV000209,ST01,P0213,0,75,37,0.0,2025-12-20,Updated,No
INV001436,ST03,P0254,186,35,14,61324.2,2025-12-16,Updated,Yes
INV005976,ST11,P0459,51,64,29,1049.07,2025-12-01,Updated,No
INV006633,ST12,P0568,26,34,15,50662.82,2025-12-07,Updated,No
INV005020,ST10,P0015,35,82,39,15365.0,2025-12-04,Updated,No
INV004074,ST08,P0166,16,45,19,5468.96,2025-12-23,Updated,No
INV003032,ST06,P0230,9,17,8,3395.34,2025-12-01,Updated,No
INV005650,ST11,P0091,65,17,7,13528.45,2025-12-23,Updated,No
INV003483,ST07,P0121,53,88,29,15525.29,,Not Updated,No
INV004762,ST09,P0338,87,11,3,24298.23,2025-12-02,Updated,No
INV005522,ST10,P0548,7,23,8,2340.03,2025-12-28,Updated,No
INV006024,ST11,P0518,5,20,6,5830.75,2025-12-23,Updated,No
INV003713,ST07,P0370,507,86,41,143622.96,2025-12-09,Updated,Yes
INV005808,ST11,P0272,4,23,7,1917.88,2025-12-12,Updated,No
INV006035,ST11,P0531,7,22,8,6805.61,2025-12-30,Updated,No
INV002907,ST06,P0091,6,21,6,1248.78,2025-12-06,Updated,No
INV001349,ST03,P0165,0,87,37,0.0,2025-12-29,Updated,No
INV003788,ST07,P0451,180,46,21,15919.2,,Not Updated,Yes
INV005066,ST10,P0065,66,93,45,4115.76,2025-12-27,Updated,No
INV004218,ST08,P0328,4,20,9,96.48,2025-12-21,Updated,No
INV003171,ST06,P0378,41,95,32,13267.6,2025-12-14,Updated,No
INV000479,ST01,P0486,26,37,17,1149.2,2025-12-22,Updated,No
INV001460,ST03,P0279,65,64,26,38839.45,2025-12-13,Updated,No
INV005003,ST09,P0597,17,32,15,6806.12,2025-12-31,Updated,No
INV001767,ST04,P0002,24,41,17,13668.24,2025-12-08,Updated,No
INV000556,ST01,P0564,7,22,8,15528.87,2025-12-19,Updated,No
INV002663,ST05,P0415,23,33,14,5594.75,2025-12-07,Updated,No
INV005899,ST11,P0375,6,37,14,2457.42,2025-12-16,Updated,No
INV005240,ST10,P0252,23,47,20,4148.28,2025-12-06,Updated,No
INV001303,ST03,P0116,29,34,11,1349.08,2025-12-15,Updated,No
INV004618,ST09,P0178,43,86,30,7268.29,2025-12-23,Updated,No
INV005202,ST10,P0213,43,69,22,24238.24,2025-12-13,Updated,No
INV002266,ST04,P0568,19,39,17,37022.83,2025-12-20,Updated,No
INV003667,ST07,P0319,74,88,29,28277.62,2025-12-23,Updated,No
INV004098,ST08,P0193,18,38,12,3686.4,2025-12-05,Updated,No
INV006576,ST12,P0508,4,16,6,3851.88,2025-12-04,Updated,No
INV004751,ST09,P0326,30,33,12,8590.5,2025-12-09,Updated,No
INV003573,ST07,P0217,64,74,32,1944.96,2025-12-29,Updated,No
INV002998,ST06,P0194,24,39,14,929.52,2025-12-25,Updated,No
INV001757,ST03,P0592,62,9,3,13657.98,2025-12-31,Updated,No
INV002668,ST05,P0420,10,20,9,2864.6,2025-12-14,Updated,No
INV005634,ST11,P0073,36,75,29,1732.32,2025-12-29,Updated,No
INV001222,ST03,P0033,62,65,26,19582.08,2025-12-14,Updated,No
INV003517,ST07,P0157,0,71,33,0.0,2025-12-25,Updated,No
INV003334,ST06,P0560,22,46,20,14181.42,2025-12-13,Updated,No
INV005626,ST11,P0062,24,37,12,542.64,2025-12-08,Updated,No
INV001610,ST03,P0437,19,37,18,1346.72,2025-12-10,Updated,No
INV005509,ST10,P0535,20,43,19,16866.4,2025-12-20,Updated,No
INV002476,ST05,P0206,5,21,7,434.0,2025-12-28,Updated,No
INV002908,ST06,P0092,58,91,40,3362.26,2025-12-03,Updated,No
INV004876,ST09,P0462,10,34,14,298.7,2025-12-08,Updated,No
INV004639,ST09,P0202,27,46,14,3028.59,2025-12-25,Updated,No
INV004018,ST08,P0101,49,90,42,10083.71,2025-12-10,Updated,No
INV002984,ST06,P0177,69,78,23,18133.89,2025-12-28,Updated,No
INV004457,ST08,P0600,12,45,17,3590.16,2025-12-02,Updated,No
INV000082,ST01,P0083,24,85,30,1322.64,2025-12-29,Updated,No
INV006017,ST11,P0509,358,37,13,101578.92,2025-12-02,Updated,Yes
INV001604,ST03,P0431,55,88,39,1365.1,2025-12-25,Updated,No
INV004276,ST08,P0396,7,22,10,1908.76,2025-12-24,Updated,No
INV005750,ST11,P0203,22,47,22,2998.82,2025-12-25,Updated,No
INV006404,ST12,P0322,53,10,3,25372.69,2025-12-01,Updated,No
INV003473,ST07,P0111,10,22,10,1165.3,2025-12-11,Updated,No
INV002917,ST06,P0101,58,82,39,11935.82,2025-12-15,Updated,No
INV002613,ST05,P0360,6,17,7,118.02,2025-12-28,Updated,No
INV005748,ST11,P0200,47,72,34,3463.43,2025-12-28,Updated,No
INV006169,ST12,P0077,19,43,14,3062.23,2025-12-29,Updated,No
INV002271,ST04,P0574,8,22,8,14332.08,2025-12-01,Updated,No
INV004005,ST08,P0088,21,40,16,5155.92,2025-12-31,Updated,No
INV002318,ST05,P0027,17,47,20,9269.76,2025-12-25,Updated,No
INV000886,ST02,P0295,50,90,44,20018.5,2025-12-19,Updated,No
INV003187,ST06,P0397,33,9,3,4858.92,2025-12-30,Updated,No
INV004917,ST09,P0507,170,46,20,162467.3,2025-12-11,Updated,Yes
INV001756,ST03,P0591,6,17,6,971.52,2025-12-05,Updated,No
INV004560,ST09,P0115,25,39,14,14131.5,2025-12-06,Updated,No
INV002674,ST05,P0426,106,11,5,10637.1,2025-12-12,Updated,Yes
INV004916,ST09,P0506,12,44,14,2376.84,2025-12-01,Updated,No
INV005863,ST11,P0336,26,35,10,1269.58,2025-12-28,Updated,No
INV000335,ST01,P0339,8,21,10,2555.28,2025-12-11,Updated,No
INV003399,ST07,P0034,0,47,18,0.0,2025-12-22,Updated,No
INV002101,ST04,P0381,6,20,8,536.1,2025-12-27,Updated,No
INV005562,ST10,P0591,6,16,5,971.52,2025-12-17,Updated,No
INV003720,ST07,P0377,18,83,32,6599.88,2025-12-12,Updated,No
INV005690,ST11,P0136,77,74,25,40111.61,2025-12-06,Updated,No
INV000951,ST02,P0360,7,19,5,137.69,2025-12-08,Updated,No
INV002599,ST05,P0343,29,38,11,13368.13,2025-12-25,Updated,No
INV006010,ST11,P0500,27,38,16,9292.59,2025-12-17,Updated,No
INV006602,ST12,P0534,54,10,3,27537.84,2025-12-24,Updated,No
INV005754,ST11,P0208,0,64,30,0.0,2025-12-25,Updated,No
INV001997,ST04,P0259,8,21,7,2671.04,2025-12-24,Updated,No
INV000444,ST01,P0450,9,20,8,213.57,2025-12-04,Updated,No
INV005823,ST11,P0287,18,43,19,6337.98,2025-12-25,Updated,No
INV001993,ST04,P0255,52,8,3,29586.96,2025-12-04,Updated,No
INV000832,ST02,P0241,7,18,5,2558.22,2025-12-23,Updated,No
INV006546,ST12,P0475,15,45,16,3984.45,2025-12-11,Updated,No
INV004691,ST09,P0262,20,35,10,1127.4,2025-12-11,Updated,No
INV001353,ST03,P0169,200,34,15,78458.0,2025-12-13,Updated,Yes
INV005482,ST10,P0506,29,46,15,5744.03,2025-12-02,Updated,No
INV000589,ST01,P0598,8,47,14,1538.32,2025-12-27,Updated,No
INV001916,ST04,P0171,18,43,14,10183.68,2025-12-28,Updated,No
INV001732,ST03,P0562,7,37,16,5102.93,2025-12-03,Updated,No
INV004844,ST09,P0428,62,79,33,6838.6,2025-12-06,Updated,No
INV002785,ST05,P0558,7,16,6,6748.56,2025-12-06,Updated,No
INV003200,ST06,P0410,21,37,15,2509.29,2025-12-16,Updated,No
INV006236,ST12,P0146,27,36,13,12165.12,2025-12-26,Updated,No
INV000300,ST01,P0304,15,32,15,7816.35,2025-12-29,Updated,No
INV000171,ST01,P0174,59,17,8,11764.01,2025-12-05,Updated,No
INV000883,ST02,P0292,12,45,15,4397.88,2025-12-08,Updated,No
INV002600,ST05,P0345,17,38,12,6409.17,2025-12-21,Updated,No
INV000024,ST01,P0025,64,90,44,24936.96,2025-12-08,Updated,No
INV004814,ST09,P0396,6,21,8,1636.08,2025-12-22,Updated,No
INV006203,ST12,P0113,53,84,27,12909.21,2025-12-24,Updated,No
INV005984,ST11,P0468,28,92,38,3229.52,2025-12-25,Updated,No
INV006473,ST12,P0394,35,89,34,1738.8,2025-12-13,Updated,No
INV006322,ST12,P0235,17,47,22,2700.11,2025-12-09,Updated,No
INV000253,ST01,P0257,20,41,13,4576.8,2025-12-05,Updated,No
INV006375,ST12,P0292,18,46,18,6596.82,2025-12-15,Updated,No
INV006051,ST11,P0550,15,47,16,6997.35,2025-12-09,Updated,No
INV001288,ST03,P0101,64,74,33,13170.56,2025-12-16,Updated,No
INV001837,ST04,P0080,7,21,7,1066.45,2025-12-30,Updated,No
INV002172,ST04,P0462,11,35,13,328.57,2025-12-28,Updated,No
INV003318,ST06,P0544,7,18,5,2928.17,2025-12-04,Updated,No
INV002349,ST05,P0062,15,36,15,339.15,2025-12-22,Updated,No
INV001738,ST03,P0570,6,22,8,7698.54,2025-12-16,Updated,No
INV001160,ST02,P0569,33,8,2,13153.14,2025-12-10,Updated,No
INV003140,ST06,P0342,73,10,4,33255.15,2025-12-29,Updated,No
INV000160,ST01,P0163,18,44,16,1224.36,2025-12-04,Updated,No
INV003951,ST08,P0025,42,92,45,16364.88,2025-12-01,Updated,No
INV002640,ST05,P0391,7,17,8,1921.08,2025-12-22,Updated,No
INV005999,ST11,P0488,2,19,6,941.08,2025-12-17,Updated,No
INV002007,ST04,P0273,295,44,18,170271.05,2025-12-21,Updated,Yes
INV000925,ST02,P0334,17,35,17,3369.74,2025-12-13,Updated,No
INV004151,ST08,P0252,33,45,19,5951.88,2025-12-15,Updated,No
INV001114,ST02,P0523,25,39,12,6609.75,2025-12-15,Updated,No
INV005824,ST11,P0288,50,68,29,9033.0,2025-12-14,Updated,No
INV000428,ST01,P0433,26,33,15,3046.68,2025-12-31,Updated,No
INV000838,ST02,P0247,5,16,5,2117.15,2025-12-27,Updated,No
INV002178,ST04,P0468,69,66,31,7958.46,2025-12-20,Updated,No
INV000007,ST01,P0008,42,90,42,22757.28,2025-12-23,Updated,No
INV005510,ST10,P0536,31,41,20,17151.68,2025-12-19,Updated,No
INV002085,ST04,P0365,7,16,7,436.38,2025-12-30,Updated,No
INV002729,ST05,P0495,3,21,7,3253.2,2025-12-08,Updated,No
INV002157,ST04,P0441,18,42,18,787.14,2025-12-23,Updated,No
INV001753,ST03,P0587,30,41,14,8374.5,2025-12-25,Updated,No
INV000002,ST01,P0002,22,47,19,12529.22,2025-12-15,Updated,No
INV005486,ST10,P0510,0,42,19,0.0,2025-12-05,Updated,No
INV004792,ST09,P0373,20,39,18,10863.8,2025-12-01,Updated,No
INV002434,ST05,P0156,35,68,31,7305.55,2025-12-09,Updated,No
INV003452,ST07,P0090,7,17,8,174.37,2025-12-12,Updated,No
INV003365,ST06,P0596,11,35,12,2544.85,2025-12-20,Updated,No
INV000086,ST01,P0087,29,45,21,2273.02,2025-12-17,Updated,No
INV005864,ST11,P0337,7,37,14,1508.78,2025-12-30,Updated,No
INV005523,ST10,P0549,57,8,3,37712.34,2025-12-09,Updated,No
INV002239,ST04,P0537,25,8,3,18681.75,2025-12-31,Updated,No
INV000623,ST02,P0032,24,37,15,4352.4,2025-12-04,Updated,No
INV000672,ST02,P0081,51,94,45,5565.12,2025-12-12,Updated,No
INV003406,ST07,P0041,56,94,40,28711.2,2025-12-12,Updated,No
INV002765,ST05,P0535,161,32,12,135774.52,2025-12-07,Updated,Yes
INV000348,ST01,P0352,24,45,15,12816.48,2025-12-22,Updated,No
INV000443,ST01,P0449,26,41,13,3018.34,2025-12-13,Updated,No
INV001111,ST02,P0520,8,18,5,2777.28,2025-12-19,Updated,No
INV000927,ST02,P0336,23,41,13,1123.09,2025-12-06,Updated,No
INV002781,ST05,P0553,17,43,15,9294.58,2025-12-29,Updated,No
INV000985,ST02,P0394,43,88,35,2136.24,2025-12-21,Updated,No
INV006374,ST12,P0291,19,42,19,10464.44,2025-12-14,Updated,No
INV005868,ST11,P0341,67,10,4,36204.79,2025-12-06,Updated,No
INV004240,ST08,P0355,23,47,18,11332.56,2025-12-10,Updated,No
INV001198,ST03,P0007,14,39,18,7540.54,2025-12-24,Updated,No
INV000163,ST01,P0166,24,41,15,8203.44,2025-12-11,Updated,No
INV004016,ST08,P0099,83,64,22,39871.54,2025-12-08,Updated,No
INV005596,ST11,P0027,30,38,17,16358.4,2025-12-02,Updated,No
INV001500,ST03,P0323,17,33,12,1805.23,2025-12-15,Updated,No
INV003882,ST07,P0549,67,10,3,44328.54,2025-12-17,Updated,No
INV004422,ST08,P0560,14,38,17,9024.54,2025-12-31,Updated,No
INV004845,ST09,P0429,9,47,14,1020.69,2025-12-04,Updated,No
INV004052,ST08,P0142,64,72,29,9000.32,2025-12-05,Updated,No
INV003530,ST07,P0170,82,78,38,15643.96,2025-12-07,Updated,No
INV002759,ST05,P0528,15,43,17,12608.7,2025-12-08,Updated,No
INV002256,ST04,P0555,19,35,10,3990.0,2025-12-19,Updated,No
INV001708,ST03,P0538,70,9,3,73093.3,2025-12-25,Updated,No
INV000952,ST02,P0361,3,17,6,1171.89,2025-12-13,Updated,No
INV002162,ST04,P0451,200,37,15,17688.0,2025-12-28,Updated,Yes
INV001669,ST03,P0497,7,20,8,1386.14,2025-12-11,Updated,No
INV002983,ST06,P0176,5,19,7,446.7,2025-12-18,Updated,No
INV001592,ST03,P0419,18,37,17,10190.88,,Not Updated,No
INV002114,ST04,P0394,37,70,31,1838.16,2025-12-20,Updated,No
INV001469,ST03,P0288,0,77,30,0.0,2025-12-08,Updated,No
INV003635,ST07,P0283,46,8,3,16362.66,2025-12-27,Updated,No
INV005139,ST10,P0146,28,44,17,12615.68,2025-12-11,Updated,No
INV003400,ST07,P0035,58,75,32,22376.98,2025-12-28,Updated,No
INV001438,ST03,P0256,23,38,17,10101.6,2025-12-02,Updated,No
INV006563,ST12,P0495,4,22,7,4337.6,2025-12-29,Updated,No
INV000512,ST01,P0520,10,18,7,3471.6,2025-12-13,Updated,No
INV001977,ST04,P0239,19,40,18,1238.04,2025-12-31,Updated,No
INV000342,ST01,P0346,1014,88,31,134862.0,2025-12-01,Updated,Yes
INV005181,ST10,P0192,0,37,16,0.0,2025-12-20,Updated,No
INV004225,ST08,P0338,57,10,3,15919.53,2025-12-29,Updated,No
INV004911,ST09,P0500,15,41,13,5162.55,2025-12-14,Updated,No
INV001010,ST02,P0419,28,39,17,15852.48,2025-12-17,Updated,No
INV004710,ST09,P0282,41,67,27,3254.58,2025-12-30,Updated,No
INV005935,ST11,P0414,46,91,31,4078.36,2025-12-04,Updated,No
INV002176,ST04,P0466,25,34,13,1662.75,,Not Updated,No
INV002905,ST06,P0089,29,38,15,5308.16,2025-12-04,Updated,No
INV000702,ST02,P0111,6,17,6,699.18,2025-12-17,Updated,No
INV002377,ST05,P0092,59,65,30,3420.23,2025-12-11,Updated,No
INV001056,ST02,P0465,57,90,43,6093.87,2025-12-31,Updated,No
INV003263,ST06,P0485,6,20,6,3368.04,2025-12-10,Updated,No
INV003275,ST06,P0497,8,20,9,1584.16,2025-12-08,Updated,No
INV003796,ST07,P0459,67,64,22,1378.19,2025-12-26,Updated,No
INV005242,ST10,P0254,24,46,21,7912.8,,Not Updated,No
INV003817,ST07,P0481,22,33,11,7953.0,2025-12-15,Updated,No
INV004800,ST09,P0381,8,20,6,714.8,2025-12-28,Updated,No
INV005734,ST11,P0184,19,41,15,1570.73,2025-12-11,Updated,No
INV004968,ST09,P0559,13,39,18,30160.26,2025-12-08,Updated,No
INV005501,ST10,P0526,18,34,11,10740.06,2025-12-10,Updated,No
INV005457,ST10,P0479,9,21,8,2612.88,2025-12-29,Updated,No
INV006302,ST12,P0214,50,74,26,11851.0,2025-12-15,Updated,No
INV005753,ST11,P0206,10,22,9,868.0,2025-12-14,Updated,No
INV006597,ST12,P0529,27,42,18,13663.35,2025-12-13,Updated,No
INV005781,ST11,P0240,23,36,14,13488.35,2025-12-18,Updated,No
INV002961,ST06,P0153,82,73,23,28800.04,,Not Updated,No
INV000047,ST01,P0048,20,32,15,831.2,,Not Updated,No
INV003060,ST06,P0258,59,87,37,7467.04,2025-12-04,Updated,No
INV003125,ST06,P0326,15,37,13,4295.25,2025-12-05,Updated,No
INV001896,ST04,P0149,39,65,19,9338.55,2025-12-19,Updated,No
INV000751,ST02,P0160,41,76,25,5785.1,2025-12-10,Updated,No
INV000287,ST01,P0291,24,45,17,13218.24,2025-12-30,Updated,No
INV004562,ST09,P0117,56,91,45,789.6,2025-12-04,Updated,No
INV002458,ST05,P0184,30,32,15,2480.1,2025-12-27,Updated,No
INV000726,ST02,P0135,19,45,18,10898.78,2025-12-10,Updated,No
INV002616,ST05,P0363,25,41,19,2399.25,2025-12-05,Updated,No
INV002253,ST04,P0552,7,17,8,1874.04,2025-12-15,Updated,No
INV000178,ST01,P0181,25,76,34,11183.25,2025-12-10,Updated,No
INV003066,ST06,P0264,37,89,42,16911.96,2025-12-19,Updated,No
INV005527,ST10,P0553,26,40,16,14215.24,2025-12-26,Updated,No
INV003555,ST07,P0199,13,39,15,1562.21,2025-12-09,Updated,No
INV001041,ST02,P0450,9,16,5,213.57,2025-12-25,Updated,No
INV002686,ST05,P0440,65,82,29,3695.25,2025-12-03,Updated,No
INV005169,ST10,P0179,0,41,15,0.0,2025-12-23,Updated,No
INV001803,ST04,P0042,16,39,14,4874.4,2025-12-25,Updated,No
INV003528,ST07,P0168,56,94,37,14007.84,2025-12-01,Updated,No
INV000406,ST01,P0410,21,43,17,2509.29,2025-12-12,Updated,No
INV005445,ST10,P0467,26,72,25,599.04,2025-12-05,Updated,No
INV005109,ST10,P0113,29,74,23,7063.53,2025-12-25,Updated,No
INV006069,ST11,P0571,5,19,8,2324.2,2025-12-18,Updated,No
INV001776,ST04,P0011,55,78,31,1654.95,2025-12-15,Updated,No
INV005061,ST10,P0060,70,90,30,2069.2,2025-12-02,Updated,No
INV006361,ST12,P0277,16,46,15,8395.52,2025-12-05,Updated,No
INV000627,ST02,P0036,50,95,28,10532.5,2025-12-29,Updated,No
INV004458,ST09,P0001,50,73,23,15228.5,2025-12-09,Updated,No
INV005637,ST11,P0076,23,41,15,5130.61,2025-12-06,Updated,No
INV000413,ST01,P0418,21,46,15,1949.64,2025-12-28,Updated,No
INV003867,ST07,P0534,31,9,3,15808.76,2025-12-12,Updated,No
INV001473,ST03,P0295,45,74,31,18016.65,2025-12-20,Updated,No
INV004399,ST08,P0537,48,11,4,35868.96,2025-12-01,Updated,No
INV001003,ST02,P0412,50,95,44,22243.5,2025-12-04,Updated,No
INV004895,ST09,P0484,6,17,6,759.78,2025-12-09,Updated,No
INV006399,ST12,P0317,32,39,14,4466.24,2025-12-15,Updated,No
INV005934,ST11,P0413,74,70,32,19328.06,2025-12-03,Updated,No
INV001161,ST02,P0570,8,23,7,10264.72,2025-12-24,Updated,No
INV003765,ST07,P0426,62,8,2,6221.7,2025-12-12,Updated,No
INV006205,ST12,P0115,10,37,11,5652.6,2025-12-14,Updated,No
INV000820,ST02,P0229,29,45,20,1288.47,2025-12-22,Updated,No
INV000064,ST01,P0065,66,76,31,4115.76,2025-12-26,Updated,No
INV002949,ST06,P0138,40,90,44,1180.8,2025-12-12,Updated,No
INV004360,ST08,P0494,0,32,14,0.0,2025-12-02,Updated,No
INV000376,ST01,P0380,19,39,17,6395.4,2025-12-23,Updated,No
INV006047,ST11,P0546,13,41,12,2332.72,2025-12-05,Updated,No
INV005900,ST11,P0376,26,47,20,5787.86,2025-12-05,Updated,No
INV004243,ST08,P0359,4,16,5,2250.36,2025-12-19,Updated,No
INV004994,ST09,P0588,6,19,7,1157.04,2025-12-29,Updated,No
INV004484,ST09,P0028,17,42,14,1613.64,2025-12-03,Updated,No
INV004874,ST09,P0460,24,38,16,2824.32,2025-12-17,Updated,No
INV001740,ST03,P0572,5,20,6,7011.55,,Not Updated,No
INV001064,ST02,P0473,9,23,8,3046.41,2025-12-17,Updated,No
INV005989,ST11,P0473,93,20,9,31479.57,2025-12-03,Updated,No
INV006041,ST11,P0539,4,17,8,2249.88,2025-12-22,Updated,No
INV003566,ST07,P0210,16,37,13,1604.0,2025-12-21,Updated,No
INV000379,ST01,P0383,1010,77,33,568135.1,2025-12-02,Updated,Yes
INV003982,ST08,P0062,31,34,14,700.91,2025-12-12,Updated,No
INV001751,ST03,P0585,50,9,4,10270.5,2025-12-16,Updated,No
INV003137,ST06,P0339,5,19,6,1597.05,2025-12-15,Updated,No
INV005408,ST10,P0427,57,8,3,25602.69,2025-12-31,Updated,No
INV000547,ST01,P0555,23,42,20,4830.0,2025-12-01,Updated,No
INV001630,ST03,P0457,65,76,35,1541.8,2025-12-12,Updated,No
INV002351,ST05,P0064,30,35,11,3185.7,2025-12-12,Updated,No
INV006087,ST11,P0591,9,18,7,1457.28,2025-12-09,Updated,No
INV004311,ST08,P0437,29,35,13,2055.52,2025-12-29,Updated,No
INV006489,ST12,P0410,15,38,17,1792.35,2025-12-15,Updated,No
INV005638,ST11,P0077,14,39,15,2256.38,2025-12-15,Updated,No
INV004365,ST08,P0499,19,42,12,6725.43,2025-12-11,Updated,No
INV002801,ST05,P0577,41,8,2,62156.41,2025-12-26,Updated,No
INV002139,ST04,P0422,62,10,3,5730.04,2025-12-02,Updated,No
INV002091,ST04,P0371,69,87,33,8804.4,2025-12-27,Updated,No
INV004423,ST08,P0561,0,33,15,0.0,2025-12-25,Updated,No
INV006535,ST12,P0461,18,42,13,1675.26,2025-12-10,Updated,No
INV001232,ST03,P0043,6,20,8,100.62,2025-12-04,Updated,No
INV002080,ST04,P0360,9,23,8,177.03,2025-12-30,Updated,No
INV002474,ST05,P0204,5,19,9,1205.7,,Not Updated,No
INV000987,ST02,P0396,10,20,7,2726.8,2025-12-09,Updated,No
INV003026,ST06,P0223,26,45,16,14698.06,2025-12-26,Updated,No
INV004232,ST08,P0345,22,45,15,8294.22,2025-12-30,Updated,No
INV005708,ST11,P0156,480,93,31,100190.4,2025-12-06,Updated,Yes
INV006369,ST12,P0285,56,71,30,18333.84,2025-12-01,Updated,No
INV001838,ST04,P0082,0,47,20,0.0,2025-12-26,Updated,No
INV004950,ST09,P0541,20,43,16,12851.4,2025-12-03,Updated,No
INV005016,ST10,P0010,25,42,17,2607.5,2025-12-18,Updated,No
INV001559,ST03,P0383,33,91,37,18562.83,2025-12-08,Updated,No
INV005407,ST10,P0426,50,10,4,5017.5,2025-12-29,Updated,No
INV002352,ST05,P0065,46,81,40,2868.56,2025-12-29,Updated,No
INV001682,ST03,P0512,20,46,16,6249.8,2025-12-21,Updated,No
INV001448,ST03,P0266,52,10,3,14548.04,2025-12-27,Updated,No
INV000038,ST01,P0039,509,82,26,246284.74,2025-12-12,Updated,Yes
INV002962,ST06,P0154,9,21,9,2950.11,2025-12-21,Updated,No
INV000311,ST01,P0315,58,79,29,5229.86,2025-12-08,Updated,No
INV004654,ST09,P0217,62,81,38,1884.18,2025-12-06,Updated,No
INV004486,ST09,P0030,44,68,30,4019.84,2025-12-12,Updated,No
INV006389,ST12,P0306,30,40,12,3178.8,2025-12-08,Updated,No
INV006415,ST12,P0334,20,38,12,3964.4,2025-12-05,Updated,No
INV003547,ST07,P0191,32,47,17,5689.28,2025-12-19,Updated,No
INV000462,ST01,P0469,68,77,34,6529.36,2025-12-25,Updated,No
INV004890,ST09,P0478,361,37,11,141818.85,2025-12-29,Updated,Yes
INV005182,ST10,P0193,25,45,21,5120.0,2025-12-11,Updated,No
INV000890,ST02,P0299,5,23,7,1151.75,2025-12-15,Updated,No
INV006283,ST12,P0195,11,32,10,734.69,2025-12-05,Updated,No
INV003300,ST06,P0523,19,33,12,5023.41,2025-12-21,Updated,No
INV006426,ST12,P0345,16,33,15,6032.16,2025-12-31,Updated,No
INV000360,ST01,P0364,20,46,22,9784.2,2025-12-20,Updated,No
INV001678,ST03,P0507,12,42,13,11468.28,2025-12-31,Updated,No
INV004885,ST09,P0472,45,8,2,3607.2,2025-12-13,Updated,No
INV006026,ST11,P0520,6,18,5,2082.96,2025-12-14,Updated,No
INV000566,ST01,P0574,8,17,7,14332.08,2025-12-12,Updated,No
INV005364,ST10,P0380,17,37,15,5722.2,2025-12-02,Updated,No
INV005108,ST10,P0112,90,73,23,49448.7,2025-12-17,Updated,No
INV004729,ST09,P0301,4,19,5,249.44,2025-12-24,Updated,No
INV000816,ST02,P0225,20,35,16,8305.6,2025-12-13,Updated,No
INV005921,ST11,P0397,48,8,3,7067.52,2025-12-16,Updated,No
INV000663,ST02,P0072,50,79,26,4159.5,2025-12-06,Updated,No
INV002158,ST04,P0446,7,16,7,621.32,2025-12-29,Updated,No
INV001411,ST03,P0229,25,34,14,1110.75,2025-12-15,Updated,No
INV000161,ST01,P0164,5,20,7,1888.15,2025-12-10,Updated,No
INV001667,ST03,P0495,9,20,8,9759.6,2025-12-29,Updated,No
INV001086,ST02,P0495,7,23,10,7590.8,2025-12-16,Updated,No
INV003361,ST06,P0592,33,10,4,7269.57,2025-12-10,Updated,No
INV001925,ST04,P0181,35,82,37,15656.55,2025-12-21,Updated,No
INV003472,ST07,P0110,23,37,14,4953.51,2025-12-08,Updated,No
INV003970,ST08,P0047,174,39,18,9911.04,2025-12-11,Updated,Yes
INV004022,ST08,P0105,26,39,15,9837.1,2025-12-10,Updated,No
INV003379,ST07,P0011,38,87,36,1143.42,2025-12-21,Updated,No
INV004765,ST09,P0342,52,8,3,23688.6,2025-12-19,Updated,No
INV005507,ST10,P0533,21,47,21,22396.5,2025-12-27,Updated,No
INV001247,ST03,P0058,5,18,8,1770.35,2025-12-03,Updated,No
INV000194,ST01,P0197,23,42,18,951.28,2025-12-30,Updated,No
INV000613,ST02,P0022,11,35,11,1695.65,2025-12-08,Updated,No
INV002405,ST05,P0125,53,76,24,16687.05,2025-12-12,Updated,No
INV001605,ST03,P0432,5,21,9,540.55,2025-12-09,Updated,No
INV005967,ST11,P0450,7,18,6,166.11,2025-12-21,Updated,No
INV002061,ST04,P0338,35,9,3,9775.15,2025-12-07,Updated,No
INV002095,ST04,P0375,11,37,16,4505.27,2025-12-30,Updated,No
INV005666,ST11,P0107,316,84,27,60890.04,2025-12-25,Updated,Yes
INV001506,ST03,P0330,7,17,8,2992.85,2025-12-19,Updated,No
INV004789,ST09,P0370,54,87,31,15297.12,2025-12-17,Updated,No
INV001445,ST03,P0263,32,44,21,6811.84,2025-12-30,Updated,No
INV001085,ST02,P0494,15,40,15,10568.55,2025-12-10,Updated,No
INV004413,ST08,P0551,9,34,11,5129.91,2025-12-22,Updated,No
INV002780,ST05,P0552,5,18,8,1338.6,2025-12-03,Updated,No
INV002713,ST05,P0470,10,23,7,1420.4,2025-12-10,Updated,No
INV003540,ST07,P0182,0,65,22,0.0,2025-12-19,Updated,No
INV006274,ST12,P0186,28,39,12,5962.88,2025-12-15,Updated,No
INV005472,ST10,P0496,18,47,20,18723.6,2025-12-22,Updated,No
INV005187,ST10,P0198,6,22,10,288.9,2025-12-06,Updated,No
INV003035,ST06,P0233,5,20,8,137.6,2025-12-17,Updated,No
INV005015,ST10,P0009,41,84,38,11753.06,2025-12-07,Updated,No
INV004563,ST09,P0118,30,72,31,5727.6,2025-12-10,Updated,No
INV005276,ST10,P0291,10,32,9,5507.6,2025-12-02,Updated,No
INV005366,ST10,P0382,24,38,12,9918.24,2025-12-23,Updated,No
INV005994,ST11,P0480,10,22,9,4779.9,,Not Updated,No
INV001720,ST03,P0550,231,40,18,107759.19,2025-12-31,Updated,Yes
INV002650,ST05,P0402,59,79,38,1890.36,2025-12-14,Updated,No
INV001379,ST03,P0196,28,34,15,5003.04,2025-12-01,Updated,No
INV004479,ST09,P0023,11,33,13,1146.75,2025-12-12,Updated,No
INV004820,ST09,P0402,65,80,37,2082.6,2025-12-05,Updated,No
INV001181,ST02,P0590,19,34,16,7267.69,2025-12-12,Updated,No
INV003202,ST06,P0413,47,64,23,12275.93,2025-12-14,Updated,No
INV005898,ST11,P0374,25,45,17,12838.5,,Not Updated,No
INV003339,ST06,P0565,24,8,2,53393.28,2025-12-03,Updated,No
INV000362,ST01,P0366,9,18,8,3175.38,2025-12-05,Updated,No
INV004251,ST08,P0367,13,40,12,4185.48,2025-12-02,Updated,No
INV003636,ST07,P0284,22,41,17,12172.82,2025-12-14,Updated,No
INV003466,ST07,P0104,514,45,21,47678.64,2025-12-24,Updated,Yes
INV001470,ST03,P0291,27,41,14,14870.52,2025-12-09,Updated,No
INV002448,ST05,P0171,18,46,18,10183.68,2025-12-02,Updated,No
INV000465,ST01,P0472,52,9,2,4168.32,2025-12-22,Updated,No
INV001661,ST03,P0489,20,39,18,1558.8,2025-12-21,Updated,No
INV005388,ST10,P0405,13,45,20,2590.12,2025-12-07,Updated,No
INV006097,ST12,P0003,29,39,17,5000.47,2025-12-03,Updated,No
INV005466,ST10,P0489,19,43,18,1480.86,2025-12-21,Updated,No
INV005926,ST11,P0404,27,42,14,14578.38,2025-12-13,Updated,No
INV001009,ST02,P0418,18,40,19,1671.12,2025-12-15,Updated,No
INV002070,ST04,P0348,24,33,10,12979.68,2025-12-16,Updated,No
INV006468,ST12,P0389,61,72,33,6119.52,2025-12-14,Updated,No
INV000364,ST01,P0368,18,37,17,7742.7,2025-12-09,Updated,No
INV006538,ST12,P0464,35,77,30,2479.75,2025-12-29,Updated,No
INV000569,ST01,P0577,36,11,4,54576.36,2025-12-01,Updated,No
INV001856,ST04,P0103,28,36,10,15505.28,2025-12-07,Updated,No
INV003619,ST07,P0267,177,44,18,88758.42,2025-12-04,Updated,Yes
INV000694,ST02,P0103,18,41,15,9967.68,2025-12-30,Updated,No
INV004233,ST08,P0346,78,87,31,10374.0,2025-12-28,Updated,No
INV001774,ST04,P0009,40,74,36,11466.4,2025-12-23,Updated,No
INV005195,ST10,P0206,8,17,6,694.4,2025-12-13,Updated,No
INV003862,ST07,P0529,13,45,15,6578.65,2025-12-10,Updated,No
INV002382,ST05,P0098,24,39,13,3326.88,2025-12-30,Updated,No
INV006155,ST12,P0062,22,38,17,497.42,2025-12-15,Updated,No
INV003070,ST06,P0268,177,38,12,47770.53,2025-12-29,Updated,Yes
INV005073,ST10,P0074,67,94,37,6089.63,2025-12-01,Updated,No
INV005027,ST10,P0022,20,44,17,3083.0,2025-12-08,Updated,No
INV004387,ST08,P0524,58,8,3,31378.0,2025-12-04,Updated,No
INV005644,ST11,P0084,26,44,20,3829.8,2025-12-20,Updated,No
INV003132,ST06,P0334,23,38,12,4559.06,,Not Updated,No
INV006135,ST12,P0041,25,84,38,12817.5,2025-12-03,Updated,No
INV002314,ST05,P0023,14,44,17,1459.5,2025-12-24,Updated,No
INV004822,ST09,P0404,21,47,21,11338.74,2025-12-27,Updated,No
INV000916,ST02,P0325,0,32,11,0.0,2025-12-27,Updated,No
INV004048,ST08,P0138,76,94,40,2243.52,2025-12-03,Updated,No
INV001273,ST03,P0086,49,73,28,5175.38,2025-12-27,Updated,No
INV006316,ST12,P0228,20,37,12,9672.6,2025-12-21,Updated,No
INV005334,ST10,P0350,28,42,19,15291.92,2025-12-10,Updated,No
INV001915,ST04,P0170,77,84,33,14690.06,2025-12-01,Updated,No
INV002093,ST04,P0373,9,47,21,4888.71,2025-12-09,Updated,No
INV005047,ST10,P0046,27,47,16,12476.16,2025-12-10,Updated,No
INV001641,ST03,P0468,53,73,27,6113.02,2025-12-29,Updated,No
INV005352,ST10,P0368,187,40,19,80438.05,,Not Updated,Yes
INV003387,ST07,P0021,6,19,8,185.34,2025-12-20,Updated,No
INV001900,ST04,P0153,57,66,25,20019.54,2025-12-02,Updated,No
INV000679,ST02,P0088,14,36,14,3437.28,2025-12-04,Updated,No
INV003083,ST06,P0282,52,76,25,4127.76,2025-12-01,Updated,No
INV001196,ST03,P0005,54,94,35,15948.36,2025-12-29,Updated,No
INV006176,ST12,P0084,9,47,20,1325.7,2025-12-27,Updated,No
INV001432,ST03,P0250,26,8,3,8583.12,2025-12-26,Updated,No
INV003027,ST06,P0224,25,90,28,11519.75,2025-12-18,Updated,No
INV002732,ST05,P0499,24,35,15,8495.28,2025-12-07,Updated,No
INV002876,ST06,P0059,39,83,40,18790.98,2025-12-03,Updated,No
INV002463,ST05,P0189,24,64,24,1932.0,2025-12-02,Updated,No
INV000595,ST02,P0004,48,70,22,23609.76,2025-12-20,Updated,No
INV004126,ST08,P0224,61,69,26,28108.19,2025-12-23,Updated,No
INV000179,ST01,P0182,0,94,40,0.0,2025-12-09,Updated,No
INV003377,ST07,P0009,80,84,40,22932.8,2025-12-16,Updated,No
INV000828,ST02,P0237,6,21,7,569.22,2025-12-04,Updated,No
INV000218,ST01,P0222,7,19,5,3855.11,2025-12-27,Updated,No
INV003191,ST06,P0401,16,47,15,639.84,2025-12-15,Updated,No
INV001829,ST04,P0072,63,64,29,5240.97,2025-12-04,Updated,No
INV004778,ST09,P0355,22,47,23,10839.84,2025-12-29,Updated,No
INV002483,ST05,P0214,47,82,37,11139.94,2025-12-14,Updated,No
INV001481,ST03,P0304,18,47,17,9379.62,2025-12-11,Updated,No
INV006537,ST12,P0463,51,82,27,5807.37,2025-12-06,Updated,No
INV002610,ST05,P0357,8,22,9,1329.44,2025-12-02,Updated,No
INV000518,ST01,P0526,21,42,16,12530.07,2025-12-13,Updated,No
INV002059,ST04,P0336,16,33,14,781.28,2025-12-11,Updated,No
INV003467,ST07,P0105,14,44,20,5296.9,2025-12-23,Updated,No
INV006558,ST12,P0488,9,16,7,4234.86,2025-12-06,Updated,No
INV003534,ST07,P0175,8,19,7,302.64,2025-12-08,Updated,No
INV002594,ST05,P0338,56,9,4,15640.24,2025-12-19,Updated,No
INV005845,ST11,P0315,50,84,26,4508.5,2025-12-29,Updated,No
INV003215,ST06,P0428,1177,95,37,129823.1,2025-12-31,Updated,Yes
INV006624,ST12,P0558,9,20,8,8676.72,2025-12-07,Updated,No
INV003446,ST07,P0083,20,84,35,1102.2,2025-12-04,Updated,No
INV006214,ST12,P0124,19,42,17,7840.16,2025-12-25,Updated,No
INV005307,ST10,P0322,70,10,4,33511.1,2025-12-12,Updated,No
INV005905,ST11,P0381,8,23,8,714.8,2025-12-15,Updated,No
INV002627,ST05,P0375,27,37,18,11058.39,,Not Updated,No
INV006246,ST12,P0156,82,90,41,17115.86,,Not Updated,No
INV004207,ST08,P0314,10,43,20,2716.3,2025-12-18,Updated,No
INV002348,ST05,P0061,19,39,17,3517.09,2025-12-21,Updated,No
INV003501,ST07,P0139,30,47,19,7287.3,2025-12-13,Updated,No
INV002972,ST06,P0164,8,19,8,3021.04,2025-12-17,Updated,No
INV000016,ST01,P0017,24,69,21,4690.8,2025-12-22,Updated,No
INV006055,ST11,P0554,28,8,3,32446.4,,Not Updated,No
INV005710,ST11,P0158,80,70,25,3727.2,2025-12-09,Updated,No
INV006305,ST12,P0217,79,91,37,2400.81,2025-12-07,Updated,No
INV006221,ST12,P0131,22,36,11,7181.24,2025-12-12,Updated,No
INV006393,ST12,P0310,58,9,3,16002.2,2025-12-02,Updated,No
INV006245,ST12,P0155,20,41,16,8013.6,2025-12-13,Updated,No
INV005744,ST11,P0196,0,38,16,0.0,2025-12-14,Updated,No
INV006232,ST12,P0142,0,88,42,0.0,2025-12-05,Updated,No
INV003408,ST07,P0043,6,17,6,100.62,2025-12-29,Updated,No
INV003244,ST06,P0462,24,46,20,716.88,2025-12-17,Updated,No
INV000584,ST01,P0592,53,10,3,11675.37,2025-12-01,Updated,No
INV004646,ST09,P0209,15,40,14,947.1,2025-12-11,Updated,No
INV003192,ST06,P0402,371,84,40,11886.84,2025-12-21,Updated,Yes
INV000560,ST01,P0568,10,32,13,19485.7,2025-12-15,Updated,No
INV004494,ST09,P0040,77,74,23,17636.85,2025-12-09,Updated,No
INV004502,ST09,P0051,26,90,34,5864.3,2025-12-21,Updated,No
INV001077,ST02,P0486,12,35,11,530.4,,Not Updated,No
INV000971,ST02,P0380,20,46,22,6732.0,2025-12-22,Updated,No
INV000875,ST02,P0284,18,46,16,9959.58,2025-12-24,Updated,No
INV004046,ST08,P0135,22,46,19,12619.64,2025-12-06,Updated,No
INV001686,ST03,P0516,5,20,6,2537.55,2025-12-20,Updated,No
INV004245,ST08,P0361,9,23,10,3515.67,2025-12-02,Updated,No
INV005670,ST11,P0114,8,21,7,1327.6,2025-12-15,Updated,No
INV000204,ST01,P0208,313,64,22,25306.05,2025-12-31,Updated,Yes
INV000575,ST01,P0583,25,40,17,46031.5,2025-12-12,Updated,No
INV004928,ST09,P0518,9,20,8,10495.35,2025-12-31,Updated,No
INV006414,ST12,P0333,8,23,7,414.72,2025-12-18,Updated,No
INV004093,ST08,P0188,16,41,12,3103.52,2025-12-05,Updated,No
INV001455,ST03,P0273,32,32,14,18470.08,2025-12-22,Updated,No
INV002283,ST04,P0589,6,17,6,1997.64,2025-12-28,Updated,No
INV003637,ST07,P0286,9,16,5,1539.54,2025-12-08,Updated,No
INV003437,ST07,P0073,431,80,29,20739.72,2025-12-28,Updated,Yes
INV000139,ST01,P0141,15,40,19,4001.1,2025-12-13,Updated,No
INV005382,ST10,P0399,25,40,15,11900.75,2025-12-28,Updated,No
INV003264,ST06,P0486,17,39,17,751.4,2025-12-27,Updated,No
INV002778,ST05,P0550,0,42,20,0.0,2025-12-12,Updated,No
INV002472,ST05,P0202,0,35,12,0.0,2025-12-05,Updated,No
INV000447,ST01,P0453,32,94,31,1153.28,2025-12-02,Updated,No
INV001472,ST03,P0294,15,74,32,4238.7,2025-12-20,Updated,No
INV002265,ST04,P0567,8,21,7,7768.8,2025-12-27,Updated,No
INV002761,ST05,P0531,5,16,5,4861.15,2025-12-19,Updated,No
INV005885,ST11,P0360,7,16,7,137.69,2025-12-05,Updated,No
INV005932,ST11,P0410,15,37,16,1792.35,2025-12-27,Updated,No
INV006522,ST12,P0448,18,46,20,1038.42,2025-12-01,Updated,No
INV004235,ST08,P0348,27,41,14,14602.14,2025-12-28,Updated,No
INV001451,ST03,P0269,0,38,12,0.0,2025-12-26,Updated,No
INV001202,ST03,P0011,53,84,29,1594.77,2025-12-27,Updated,No
INV003332,ST06,P0558,8,21,7,7712.64,2025-12-10,Updated,No
INV005470,ST10,P0494,23,39,18,16205.11,2025-12-04,Updated,No
INV003612,ST07,P0259,7,17,7,2337.16,2025-12-30,Updated,No
INV001818,ST04,P0057,51,93,38,18386.52,2025-12-07,Updated,No
INV006348,ST12,P0264,63,74,32,28796.04,2025-12-17,Updated,No
INV005991,ST11,P0475,8,37,11,2125.04,2025-12-08,Updated,No
INV000720,ST02,P0129,10,34,14,1799.4,2025-12-02,Updated,No
INV001328,ST03,P0143,14,79,27,4589.2,2025-12-13,Updated,No
INV004675,ST09,P0244,7,18,7,3252.41,2025-12-23,Updated,No
INV006164,ST12,P0072,0,79,38,0.0,2025-12-19,Updated,No
INV000969,ST02,P0378,35,89,39,11326.0,2025-12-26,Updated,No
INV004182,ST08,P0289,24,34,16,12298.32,2025-12-28,Updated,No
INV003414,ST07,P0049,24,42,20,653.52,2025-12-21,Updated,No
INV002254,ST04,P0553,30,36,12,16402.2,2025-12-16,Updated,No
INV001507,ST03,P0331,8,22,9,3461.2,2025-12-11,Updated,No
INV003141,ST06,P0343,213,45,14,98186.61,2025-12-02,Updated,Yes
INV001907,ST04,P0160,66,77,28,9312.6,2025-12-04,Updated,No
INV003382,ST07,P0015,40,74,30,17560.0,2025-12-02,Updated,No
INV005645,ST11,P0086,46,89,41,4858.52,2025-12-24,Updated,No
INV000926,ST02,P0335,11,32,14,417.45,2025-12-06,Updated,No
INV004591,ST09,P0147,25,95,38,2000.75,2025-12-19,Updated,No
INV001441,ST03,P0259,6,19,6,2003.28,2025-12-07,Updated,No
INV005034,ST10,P0030,72,88,33,6577.92,2025-12-29,Updated,No
INV003428,ST07,P0064,10,32,11,1061.9,2025-12-27,Updated,No
INV003937,ST08,P0011,39,78,26,1173.51,2025-12-18,Updated,No
INV006150,ST12,P0057,78,70,22,28120.56,2025-12-16,Updated,No
INV001814,ST04,P0053,16,40,12,8376.32,2025-12-26,Updated,No
INV006630,ST12,P0564,8,19,8,17747.28,2025-12-07,Updated,No
INV003554,ST07,P0198,10,23,7,481.5,2025-12-26,Updated,No
INV000740,ST02,P0149,44,92,44,10535.8,2025-12-15,Updated,No
INV001054,ST02,P0463,70,78,36,7970.9,2025-12-02,Updated,No
INV001549,ST03,P0373,25,38,12,13579.75,2025-12-08,Updated,No
INV000306,ST01,P0310,83,11,3,22899.7,2025-12-08,Updated,No
INV002617,ST05,P0364,20,40,19,9784.2,2025-12-07,Updated,No
INV001931,ST04,P0187,31,81,27,7350.1,2025-12-02,Updated,No
INV005040,ST10,P0036,773,64,23,162832.45,2025-12-12,Updated,Yes
INV003912,ST07,P0582,5,23,8,7806.1,2025-12-23,Updated,No
INV004138,ST08,P0239,24,34,11,1563.84,2025-12-19,Updated,No
INV003512,ST07,P0152,24,41,18,8503.44,2025-12-13,Updated,No
INV000208,ST01,P0212,41,67,21,1132.01,2025-12-30,Updated,No
INV003310,ST06,P0535,12,37,14,10119.84,2025-12-27,Updated,No
INV002192,ST04,P0486,24,45,21,1060.8,2025-12-17,Updated,No
INV001877,ST04,P0128,10,35,12,1022.1,2025-12-23,Updated,No
INV003633,ST07,P0281,22,33,11,4047.78,2025-12-09,Updated,No
INV005830,ST11,P0296,15,37,15,6762.45,2025-12-14,Updated,No
INV003288,ST06,P0511,14,32,11,3427.34,2025-12-05,Updated,No
INV005255,ST10,P0269,20,44,21,9159.2,2025-12-25,Updated,No
INV002841,ST06,P0020,12,39,13,1136.88,2025-12-08,Updated,No
INV000036,ST01,P0037,19,42,20,7929.46,2025-12-19,Updated,No
INV004470,ST09,P0014,49,77,30,23766.47,2025-12-21,Updated,No
INV001852,ST04,P0099,66,87,39,31705.08,2025-12-29,Updated,No
INV001920,ST04,P0175,5,18,5,189.15,2025-12-06,Updated,No
INV000588,ST01,P0597,21,40,15,8407.56,2025-12-03,Updated,No
INV000415,ST01,P0420,10,22,10,2864.6,2025-12-07,Updated,No
INV003920,ST07,P0590,17,35,12,6502.67,2025-12-23,Updated,No
INV005184,ST10,P0195,206,42,14,13758.74,2025-12-31,Updated,Yes
INV000546,ST01,P0554,68,11,3,78798.4,2025-12-08,Updated,No
INV004427,ST08,P0566,10,20,9,6913.2,2025-12-16,Updated,No
INV002738,ST05,P0506,16,45,21,3169.12,2025-12-26,Updated,No
INV004848,ST09,P0432,10,23,10,1081.1,2025-12-05,Updated,No
INV006578,ST12,P0510,28,44,19,21199.92,2025-12-16,Updated,No
INV000862,ST02,P0271,19,36,15,2755.0,2025-12-15,Updated,No
INV003015,ST06,P0212,39,76,34,1076.79,2025-12-24,Updated,No
INV000807,ST02,P0216,23,37,12,8411.79,2025-12-16,Updated,No
INV005192,ST10,P0203,248,47,17,33804.88,2025-12-16,Updated,Yes
INV003174,ST06,P0382,20,44,21,8265.2,2025-12-21,Updated,No
INV001285,ST03,P0098,14,43,17,1940.68,2025-12-31,Updated,No
INV003789,ST07,P0452,25,39,13,2168.25,2025-12-21,Updated,No
INV003960,ST08,P0035,60,84,34,23148.6,2025-12-09,Updated,No
INV006321,ST12,P0234,6,19,6,2503.68,2025-12-22,Updated,No
INV002296,ST05,P0003,15,36,13,2586.45,2025-12-30,Updated,No
INV005018,ST10,P0012,57,85,25,3571.05,2025-12-16,Updated,No
INV003353,ST06,P0581,9,22,9,18317.34,2025-12-23,Updated,No
INV005646,ST11,P0087,17,39,17,1332.46,2025-12-09,Updated,No
INV004709,ST09,P0281,19,40,18,3495.81,2025-12-27,Updated,No
INV006583,ST12,P0515,20,41,14,17587.6,2025-12-25,Updated,No
INV000472,ST01,P0479,8,21,9,2322.56,2025-12-02,Updated,No
INV001570,ST03,P0395,116,9,4,40369.16,2025-12-27,Updated,Yes
INV000840,ST02,P0249,23,47,20,1480.97,2025-12-25,Updated,No
INV005028,ST10,P0024,0,39,14,0.0,2025-12-25,Updated,No
INV006450,ST12,P0370,36,92,37,10198.08,2025-12-11,Updated,No
INV003905,ST07,P0575,25,47,23,38498.75,2025-12-18,Updated,No
INV003514,ST07,P0154,5,16,5,1638.95,2025-12-20,Updated,No
INV004670,ST09,P0238,5,17,6,409.7,2025-12-13,Updated,No
INV003781,ST07,P0443,22,33,13,1641.42,2025-12-05,Updated,No
INV000594,ST02,P0003,22,35,10,3793.46,2025-12-11,Updated,No
INV005178,ST10,P0188,8,38,11,1551.76,2025-12-16,Updated,No
INV000979,ST02,P0388,7,19,8,3526.88,2025-12-08,Updated,No
INV005151,ST10,P0161,50,69,27,17796.5,2025-12-20,Updated,No
INV006625,ST12,P0559,13,45,17,30160.26,2025-12-26,Updated,No
INV002504,ST05,P0235,32,47,15,5082.56,2025-12-29,Updated,No
INV001923,ST04,P0178,44,88,43,7437.32,,Not Updated,No
INV002531,ST05,P0265,66,78,38,8462.52,2025-12-04,Updated,No
INV000641,ST02,P0050,23,94,46,5184.43,2025-12-01,Updated,No
INV001405,ST03,P0223,21,44,17,11871.51,2025-12-19,Updated,No
INV003143,ST06,P0345,0,43,16,0.0,2025-12-26,Updated,No
INV000288,ST01,P0292,251,45,15,91988.99,2025-12-24,Updated,Yes
INV006012,ST11,P0502,18,46,19,3082.5,2025-12-28,Updated,No
INV004401,ST08,P0539,7,22,10,3937.29,2025-12-12,Updated,No
INV002326,ST05,P0036,28,72,27,5898.2,2025-12-10,Updated,No
INV002975,ST06,P0168,67,68,33,16759.38,2025-12-13,Updated,No
INV002957,ST06,P0148,30,45,21,11544.6,2025-12-07,Updated,No
INV004438,ST08,P0580,45,10,3,14696.55,2025-12-16,Updated,No
INV004067,ST08,P0158,29,87,42,1351.11,2025-12-31,Updated,No
INV000808,ST02,P0217,350,73,24,10636.5,2025-12-29,Updated,Yes
INV003258,ST06,P0478,234,38,16,91926.9,,Not Updated,Yes
INV001673,ST03,P0501,8,23,7,4479.2,2025-12-08,Updated,No
INV004274,ST08,P0393,26,42,18,13865.02,2025-12-19,Updated,No
INV001957,ST04,P0215,60,84,38,1273.2,2025-12-23,Updated,No
INV005982,ST11,P0466,21,37,14,1396.71,2025-12-11,Updated,No
INV000098,ST01,P0099,65,81,35,31224.7,2025-12-19,Updated,No
INV000231,ST01,P0235,10,37,15,1588.3,2025-12-17,Updated,No
INV003953,ST08,P0027,28,39,15,15267.84,2025-12-20,Updated,No
INV004493,ST09,P0039,58,84,39,28063.88,2025-12-23,Updated,No
INV001203,ST03,P0012,0,75,26,0.0,2025-12-14,Updated,No
INV003925,ST07,P0595,112,18,6,33989.76,2025-12-15,Updated,Yes
INV004199,ST08,P0306,8,35,12,847.68,2025-12-05,Updated,No
INV004285,ST08,P0407,7,19,6,3304.98,2025-12-31,Updated,No
INV002284,ST04,P0590,12,41,13,4590.12,2025-12-01,Updated,No
INV002164,ST04,P0453,38,94,41,1369.52,2025-12-04,Updated,No
INV003312,ST06,P0537,49,9,2,36616.23,2025-12-25,Updated,No
INV001698,ST03,P0528,28,33,12,23536.24,2025-12-29,Updated,No
INV003204,ST06,P0415,13,39,15,3162.25,2025-12-17,Updated,No
INV002137,ST04,P0420,6,18,8,1718.76,,Not Updated,No
INV006569,ST12,P0501,7,22,7,3919.3,2025-12-19,Updated,No
INV004529,ST09,P0080,4,17,7,609.4,2025-12-28,Updated,No
INV006147,ST12,P0054,80,77,33,9444.0,2025-12-03,Updated,No
INV000434,ST01,P0440,51,85,27,2899.35,2025-12-18,Updated,No
INV004851,ST09,P0435,22,45,17,2270.62,2025-12-17,Updated,No
INV003297,ST06,P0520,7,16,6,2430.12,2025-12-07,Updated,No
INV001717,ST03,P0547,8,19,6,1603.12,2025-12-09,Updated,No
INV003908,ST07,P0578,11,43,16,12413.5,2025-12-14,Updated,No
INV001666,ST03,P0494,26,37,17,18318.82,2025-12-22,Updated,No
INV000606,ST02,P0015,20,90,40,8780.0,2025-12-30,Updated,No
INV006048,ST11,P0547,6,22,9,1202.34,2025-12-07,Updated,No
INV000676,ST02,P0085,29,82,36,4865.33,2025-12-03,Updated,No
INV004045,ST08,P0134,17,37,17,8933.16,2025-12-02,Updated,No
INV001429,ST03,P0247,7,18,8,2964.01,2025-12-05,Updated,No
INV001031,ST02,P0440,63,80,26,3581.55,2025-12-20,Updated,No
INV003465,ST07,P0103,0,37,12,0.0,2025-12-18,Updated,No
INV006003,ST11,P0493,5,20,9,5200.9,2025-12-20,Updated,No
INV006333,ST12,P0247,10,20,6,4234.3,2025-12-08,Updated,No
INV000223,ST01,P0227,12,33,14,3080.28,2025-12-15,Updated,No
INV001080,ST02,P0489,12,36,16,935.28,2025-12-17,Updated,No
INV003736,ST07,P0394,33,70,23,1639.44,2025-12-14,Updated,No
INV001234,ST03,P0045,0,94,46,0.0,2025-12-28,Updated,No
INV004193,ST08,P0300,73,11,4,5286.66,2025-12-24,Updated,No
INV003390,ST07,P0024,23,35,15,754.4,2025-12-20,Updated,No
INV005702,ST11,P0149,39,94,31,9338.55,2025-12-01,Updated,No
INV001839,ST04,P0083,64,86,37,3527.04,2025-12-03,Updated,No
INV006067,ST11,P0568,224,46,19,436479.68,2025-12-23,Updated,Yes
INV003274,ST06,P0496,28,38,16,29125.6,2025-12-04,Updated,No
INV003538,ST07,P0180,8,41,17,1057.12,2025-12-27,Updated,No
INV001373,ST03,P0190,15,37,13,3505.65,2025-12-16,Updated,No
INV000185,ST01,P0188,29,32,11,5625.13,2025-12-02,Updated,No
INV005213,ST10,P0224,23,76,35,10598.17,2025-12-25,Updated,No
INV005597,ST11,P0028,27,36,12,2562.84,2025-12-03,Updated,No
INV002439,ST05,P0162,62,94,44,9887.76,2025-12-08,Updated,No
INV004002,ST08,P0084,22,47,15,3240.6,2025-12-31,Updated,No
INV003956,ST08,P0031,83,93,35,30334.84,2025-12-03,Updated,No
INV005780,ST11,P0239,238,40,14,15508.08,2025-12-24,Updated,Yes
INV000860,ST02,P0269,16,37,17,7327.36,2025-12-04,Updated,No
INV004515,ST09,P0064,14,34,13,1486.66,2025-12-13,Updated,No
INV003385,ST07,P0019,33,71,29,13808.52,2025-12-26,Updated,No
INV005452,ST10,P0474,27,44,18,15564.15,2025-12-12,Updated,No
INV000582,ST01,P0590,20,43,13,7650.2,2025-12-23,Updated,No
INV004041,ST08,P0130,22,43,18,10329.22,2025-12-09,Updated,No
INV003638,ST07,P0287,17,34,16,5985.87,2025-12-05,Updated,No
INV006534,ST12,P0460,19,43,14,2235.92,2025-12-14,Updated,No
INV006500,ST12,P0423,15,47,15,3068.1,2025-12-06,Updated,No
INV004394,ST08,P0532,14,32,14,13791.96,2025-12-16,Updated,No
INV006206,ST12,P0116,25,33,11,1163.0,2025-12-02,Updated,No
INV006589,ST12,P0521,14,38,13,4231.64,2025-12-01,Updated,No
INV000845,ST02,P0254,0,45,19,0.0,2025-12-09,Updated,No
INV000140,ST01,P0142,64,95,31,9000.32,2025-12-06,Updated,No
INV004001,ST08,P0083,0,93,44,0.0,2025-12-31,Updated,No
INV002558,ST05,P0297,13,34,13,3586.96,2025-12-12,Updated,No
INV001722,ST03,P0552,7,20,7,1874.04,2025-12-12,Updated,No
INV001053,ST02,P0462,23,40,17,687.01,2025-12-17,Updated,No
INV002356,ST05,P0069,28,71,34,1839.04,2025-12-09,Updated,No
INV001058,ST02,P0467,41,93,38,944.64,,Not Updated,No
INV001841,ST04,P0086,0,72,32,0.0,2025-12-14,Updated,No
INV006188,ST12,P0096,63,72,32,6082.02,2025-12-07,Updated,No
INV003599,ST07,P0245,190,38,13,87483.6,2025-12-27,Updated,Yes
INV005203,ST10,P0214,881,66,27,208814.62,2025-12-19,Updated,Yes
INV006310,ST12,P0222,6,21,9,3304.38,2025-12-24,Updated,No
INV004997,ST09,P0591,5,18,7,809.6,2025-12-20,Updated,No
INV003333,ST06,P0559,50,32,14,116001.0,2025-12-29,Updated,No
INV005605,ST11,P0037,17,43,20,7094.78,2025-12-04,Updated,No
INV005043,ST10,P0040,50,67,27,11452.5,2025-12-13,Updated,No
INV000449,ST01,P0455,14,36,16,807.52,2025-12-24,Updated,No
INV004359,ST08,P0493,8,18,8,8321.44,2025-12-11,Updated,No
INV005097,ST10,P0100,0,36,15,0.0,2025-12-20,Updated,No
INV005314,ST10,P0329,24,47,23,1396.8,2025-12-20,Updated,No
INV001524,ST03,P0348,18,41,13,9734.76,2025-12-22,Updated,No
INV002037,ST04,P0311,19,39,18,6621.88,2025-12-08,Updated,No
INV000959,ST02,P0368,14,34,15,6022.1,2025-12-21,Updated,No
INV004304,ST08,P0430,48,82,34,1021.44,2025-12-23,Updated,No
INV005836,ST11,P0304,22,40,16,11463.98,2025-12-26,Updated,No
INV002879,ST06,P0062,13,37,12,293.93,2025-12-24,Updated,No
INV001101,ST02,P0510,22,47,16,16657.08,2025-12-30,Updated,No
INV003403,ST07,P0038,15,47,17,5157.3,2025-12-19,Updated,No
INV002565,ST05,P0305,18,32,12,8607.78,2025-12-23,Updated,No
INV002737,ST05,P0505,31,47,20,6018.65,2025-12-16,Updated,No
INV001437,ST03,P0255,30,8,2,17069.4,2025-12-22,Updated,No
INV006336,ST12,P0250,33,10,3,10893.96,,Not Updated,No
INV005693,ST11,P0139,9,43,19,2186.19,2025-12-18,Updated,No
INV001479,ST03,P0301,6,19,8,374.16,2025-12-16,Updated,No
INV005248,ST10,P0261,50,8,3,4200.5,2025-12-10,Updated,No
INV002893,ST06,P0076,25,33,13,5576.75,2025-12-25,Updated,No
INV005225,ST10,P0237,4,19,7,379.48,2025-12-26,Updated,No
INV005988,ST11,P0472,27,9,4,2164.32,2025-12-15,Updated,No
INV000454,ST01,P0460,163,45,18,19181.84,2025-12-02,Updated,Yes
INV001348,ST03,P0164,11,23,10,4153.93,,Not Updated,No
INV004799,ST09,P0380,19,45,18,6395.4,2025-12-12,Updated,No
INV003022,ST06,P0219,0,34,13,0.0,2025-12-18,Updated,No
INV000535,ST01,P0543,8,20,7,5704.08,2025-12-24,Updated,No
INV005155,ST10,P0165,43,88,39,17650.21,2025-12-16,Updated,No
INV005143,ST10,P0150,57,71,22,4076.07,2025-12-11,Updated,No
INV004902,ST09,P0491,9,22,9,6413.22,2025-12-24,Updated,No
INV000021,ST01,P0022,17,39,16,2620.55,2025-12-20,Updated,No
INV006132,ST12,P0038,8,35,11,2750.56,2025-12-29,Updated,No
INV004573,ST09,P0129,17,45,19,3058.98,2025-12-14,Updated,No
INV003634,ST07,P0282,50,72,34,3969.0,2025-12-18,Updated,No
INV000754,ST02,P0163,21,47,19,1428.42,2025-12-31,Updated,No
INV005534,ST10,P0560,28,44,13,18049.08,2025-12-15,Updated,No
INV002184,ST04,P0475,27,33,10,7172.01,2025-12-10,Updated,No
INV006612,ST12,P0545,6,40,16,4995.96,2025-12-18,Updated,No
INV005019,ST10,P0014,23,69,33,11155.69,2025-12-28,Updated,No
INV004863,ST09,P0448,7,37,11,403.83,2025-12-12,Updated,No
INV006054,ST11,P0553,12,38,17,6560.88,2025-12-25,Updated,No
INV001269,ST03,P0082,13,32,12,537.29,2025-12-01,Updated,No
INV003311,ST06,P0536,23,43,13,12725.44,2025-12-20,Updated,No
INV000697,ST02,P0106,7,21,8,433.44,2025-12-08,Updated,No
INV001956,ST04,P0214,59,84,37,13984.18,2025-12-16,Updated,No
INV006326,ST12,P0239,23,44,15,1498.68,2025-12-22,Updated,No
INV005816,ST11,P0280,29,93,31,733.7,2025-12-19,Updated,No
INV001537,ST03,P0361,6,20,8,2343.78,2025-12-02,Updated,No
INV000935,ST02,P0344,5,19,7,2178.1,2025-12-31,Updated,No
INV005929,ST11,P0407,122,23,10,57601.08,2025-12-19,Updated,Yes
INV001394,ST03,P0212,62,91,30,1711.82,2025-12-24,Updated,No
INV002883,ST06,P0066,8,19,8,1179.76,2025-12-06,Updated,No
INV003579,ST07,P0223,26,42,13,14698.06,2025-12-17,Updated,No
INV001447,ST03,P0265,85,85,34,10898.7,2025-12-31,Updated,No
INV006420,ST12,P0339,8,21,8,2555.28,2025-12-02,Updated,No
INV004239,ST08,P0354,28,39,13,10156.44,2025-12-22,Updated,No
INV000544,ST01,P0552,6,17,8,1606.32,,Not Updated,No
INV000738,ST02,P0147,66,93,36,5281.98,2025-12-18,Updated,No
INV003352,ST06,P0580,58,9,3,18942.22,2025-12-25,Updated,No
INV006303,ST12,P0215,20,81,30,424.4,2025-12-16,Updated,No
INV002931,ST06,P0116,8,44,21,372.16,2025-12-11,Updated,No
INV006638,ST12,P0573,5,19,5,10637.85,2025-12-01,Updated,No
INV001502,ST03,P0325,20,44,16,7190.8,2025-12-03,Updated,No
INV000794,ST02,P0203,31,42,13,4225.61,2025-12-24,Updated,No
INV004956,ST09,P0547,94,20,9,18836.66,2025-12-11,Updated,No
INV002715,ST05,P0474,27,44,18,15564.15,2025-12-12,Updated,No
INV003381,ST07,P0014,83,94,42,40257.49,2025-12-06,Updated,No
INV001670,ST03,P0498,8,20,9,6263.12,2025-12-24,Updated,No
INV006323,ST12,P0236,4,21,9,1340.24,2025-12-05,Updated,No
INV003076,ST06,P0275,7,17,8,1031.1,2025-12-31,Updated,No
INV000675,ST02,P0084,23,43,13,3387.9,2025-12-02,Updated,No
INV004542,ST09,P0095,39,70,23,3340.74,2025-12-20,Updated,No
INV005811,ST11,P0275,11,23,11,1620.3,2025-12-18,Updated,No
INV005304,ST10,P0319,72,87,34,27513.36,2025-12-03,Updated,No
INV005434,ST10,P0456,28,43,15,1537.76,2025-12-23,Updated,No
INV000466,ST01,P0473,13,21,7,4400.37,2025-12-16,Updated,No
INV004724,ST09,P0296,11,36,16,4959.13,2025-12-26,Updated,No
INV002486,ST05,P0217,55,84,41,1671.45,2025-12-28,Updated,No
INV000357,ST01,P0361,5,22,9,1953.15,2025-12-02,Updated,No
INV003336,ST06,P0562,28,35,10,20411.72,2025-12-18,Updated,No
INV003627,ST07,P0275,7,16,4,1031.1,2025-12-31,Updated,No
INV005593,ST11,P0024,0,41,18,0.0,2025-12-12,Updated,No
INV003690,ST07,P0344,8,17,5,3484.96,2025-12-07,Updated,No
INV000417,ST01,P0422,49,11,3,4528.58,2025-12-18,Updated,No
INV000420,ST01,P0425,4,20,8,1885.64,2025-12-16,Updated,No
INV005659,ST11,P0100,33,41,12,19429.41,2025-12-23,Updated,No
INV005180,ST10,P0190,232,41,19,54220.72,2025-12-15,Updated,Yes
INV002670,ST05,P0422,55,9,3,5083.1,2025-12-12,Updated,No
INV004860,ST09,P0445,20,45,13,1676.0,2025-12-10,Updated,No
INV000358,ST01,P0362,17,44,18,1892.44,2025-12-23,Updated,No
INV003733,ST07,P0391,5,19,5,1372.2,2025-12-17,Updated,No
INV001217,ST03,P0026,26,45,16,14259.96,2025-12-04,Updated,No
INV000097,ST01,P0098,15,46,16,2079.3,2025-12-06,Updated,No
INV001827,ST04,P0070,49,78,23,9556.47,2025-12-03,Updated,No
INV003346,ST06,P0574,9,23,11,16123.59,2025-12-24,Updated,No
INV006210,ST12,P0120,0,76,27,0.0,2025-12-08,Updated,No
INV002904,ST06,P0088,24,37,11,5892.48,2025-12-17,Updated,No
INV005071,ST10,P0072,50,69,32,4159.5,2025-12-07,Updated,No
INV001398,ST03,P0216,9,45,21,3291.57,2025-12-11,Updated,No
INV002673,ST05,P0425,122,21,9,57512.02,2025-12-09,Updated,Yes
INV004595,ST09,P0151,37,73,26,5462.68,2025-12-15,Updated,No
INV002185,ST04,P0476,5,22,7,2706.4,2025-12-28,Updated,No
INV002912,ST06,P0096,34,64,28,3282.36,2025-12-05,Updated,No
INV006491,ST12,P0414,40,83,34,3546.4,2025-12-28,Updated,No
INV002804,ST05,P0580,51,9,2,16656.09,2025-12-15,Updated,No
INV001474,ST03,P0296,14,39,18,6311.62,2025-12-31,Updated,No
INV001119,ST02,P0528,17,39,17,14289.86,2025-12-01,Updated,No
INV005312,ST10,P0327,14,33,14,5754.0,,Not Updated,No
INV006308,ST12,P0220,28,37,17,9451.68,2025-12-29,Updated,No
INV000089,ST01,P0090,10,23,10,249.1,2025-12-28,Updated,No
INV004376,ST08,P0511,20,38,16,4896.2,2025-12-25,Updated,No
INV006307,ST12,P0219,29,36,16,13313.03,2025-12-02,Updated,No
INV002488,ST05,P0219,12,39,15,5508.84,2025-12-23,Updated,No
INV006029,ST11,P0523,23,34,14,6080.97,2025-12-23,Updated,No
INV000310,ST01,P0314,12,35,17,3259.56,2025-12-31,Updated,No
INV004939,ST09,P0529,17,37,17,8602.85,2025-12-29,Updated,No
INV005298,ST10,P0313,16,44,21,6154.88,,Not Updated,No
INV001336,ST03,P0151,71,75,23,10482.44,2025-12-22,Updated,No
INV003558,ST07,P0202,30,38,12,3365.1,2025-12-11,Updated,No
INV004903,ST09,P0492,9,23,9,6827.58,2025-12-23,Updated,No
INV001264,ST03,P0077,19,47,20,3062.23,2025-12-24,Updated,No
INV006222,ST12,P0132,46,84,40,9945.2,2025-12-07,Updated,No
INV006621,ST12,P0555,13,47,18,2730.0,2025-12-03,Updated,No
INV004727,ST09,P0299,7,23,10,1612.45,2025-12-19,Updated,No
INV000106,ST01,P0107,51,81,34,9827.19,2025-12-21,Updated,No
INV006190,ST12,P0098,169,45,21,23426.78,2025-12-01,Updated,Yes
INV002889,ST06,P0072,358,88,33,29782.02,2025-12-03,Updated,Yes
INV005831,ST11,P0297,20,36,12,5518.4,2025-12-16,Updated,No
INV004749,ST09,P0323,17,45,18,1805.23,2025-12-04,Updated,No
INV000667,ST02,P0076,10,39,15,2230.7,2025-12-08,Updated,No
INV003003,ST06,P0199,10,42,14,1201.7,2025-12-25,Updated,No
INV000325,ST01,P0329,19,39,17,1105.8,2025-12-29,Updated,No
INV005478,ST10,P0502,8,42,16,1370.0,2025-12-25,Updated,No
INV003240,ST06,P0457,61,74,36,1446.92,2025-12-26,Updated,No
INV000190,ST01,P0193,297,46,13,60825.6,2025-12-31,Updated,Yes
INV006091,ST11,P0596,12,33,14,2776.2,2025-12-21,Updated,No
INV004191,ST08,P0298,357,79,27,149922.15,2025-12-03,Updated,Yes
INV005442,ST10,P0464,56,70,29,3967.6,2025-12-09,Updated,No
INV002406,ST05,P0126,12,40,12,4122.36,2025-12-12,Updated,No
INV004711,ST09,P0283,79,11,4,28101.09,2025-12-16,Updated,No
INV005946,ST11,P0428,37,88,34,4081.1,2025-12-26,Updated,No
INV004603,ST09,P0161,86,95,42,30609.98,2025-12-22,Updated,No
INV003738,ST07,P0398,13,43,18,1811.68,2025-12-18,Updated,No
INV001696,ST03,P0526,14,46,14,8353.38,2025-12-19,Updated,No
INV000026,ST01,P0027,10,33,13,5452.8,2025-12-05,Updated,No
INV001672,ST03,P0500,22,42,14,7571.74,2025-12-30,Updated,No
INV002390,ST05,P0108,71,92,43,26654.11,2025-12-14,Updated,No
INV000397,ST01,P0401,200,44,20,7998.0,2025-12-15,Updated,Yes
INV006530,ST12,P0456,17,47,17,933.64,2025-12-27,Updated,No
INV003216,ST06,P0429,16,38,16,1814.56,2025-12-26,Updated,No
INV005508,ST10,P0534,47,9,3,23968.12,2025-12-06,Updated,No
INV001939,ST04,P0197,29,45,20,1199.44,2025-12-09,Updated,No
INV006628,ST12,P0562,17,43,16,12392.83,2025-12-25,Updated,No
INV006036,ST11,P0532,19,44,14,18717.66,2025-12-27,Updated,No
INV001005,ST02,P0414,358,77,23,31740.28,2025-12-01,Updated,Yes
INV005733,ST11,P0183,50,73,26,3462.5,2025-12-01,Updated,No
INV006211,ST12,P0121,54,67,26,15818.22,2025-12-14,Updated,No
INV001533,ST03,P0357,6,21,8,997.08,2025-12-20,Updated,No
INV001037,ST02,P0446,6,22,7,532.56,2025-12-04,Updated,No
INV006045,ST11,P0544,7,17,5,2928.17,2025-12-25,Updated,No
INV002365,ST05,P0078,24,85,40,5427.36,2025-12-17,Updated,No
INV004693,ST09,P0264,46,95,35,21025.68,2025-12-06,Updated,No
INV006217,ST12,P0127,66,67,30,27817.68,2025-12-13,Updated,No
INV006649,ST12,P0584,8,22,7,12336.96,2025-12-23,Updated,No
INV006436,ST12,P0355,12,37,11,5912.64,2025-12-31,Updated,No
INV001632,ST03,P0459,59,75,32,1213.63,2025-12-27,Updated,No
INV001387,ST03,P0205,67,92,42,3674.95,2025-12-09,Updated,No
INV005743,ST11,P0195,31,42,14,2070.49,2025-12-12,Updated,No
INV000872,ST02,P0281,22,46,21,4047.78,2025-12-31,Updated,No
INV004501,ST09,P0049,21,35,14,571.83,2025-12-25,Updated,No
INV003864,ST07,P0531,7,20,9,6805.61,2025-12-23,Updated,No
INV001492,ST03,P0315,44,89,39,3967.48,2025-12-21,Updated,No
INV005444,ST10,P0466,25,44,17,1662.75,2025-12-24,Updated,No
INV001729,ST03,P0559,16,33,12,37120.32,,Not Updated,No
INV002200,ST04,P0495,9,19,7,9759.6,2025-12-14,Updated,No
INV006498,ST12,P0421,477,88,27,260165.34,2025-12-29,Updated,Yes
INV003182,ST06,P0391,10,21,6,2744.4,2025-12-31,Updated,No
INV003918,ST07,P0588,5,23,8,964.2,2025-12-16,Updated,No
INV001711,ST03,P0541,28,40,17,17991.96,2025-12-19,Updated,No
INV003455,ST07,P0093,14,33,13,339.5,2025-12-04,Updated,No
INV003978,ST08,P0058,6,18,7,2124.42,2025-12-20,Updated,No
INV005490,ST10,P0514,10,45,16,4535.8,2025-12-02,Updated,No
INV004519,ST09,P0068,78,67,24,18473.52,2025-12-22,Updated,No
INV000008,ST01,P0009,24,86,28,6879.84,2025-12-10,Updated,No
INV005846,ST11,P0316,2,16,6,1094.22,2025-12-21,Updated,No
INV000093,ST01,P0094,24,45,21,4581.6,2025-12-03,Updated,No
INV005480,ST10,P0504,24,38,13,23544.0,2025-12-29,Updated,No
INV006233,ST12,P0143,62,87,33,20323.6,2025-12-29,Updated,No
INV000275,ST01,P0279,55,70,24,32864.15,2025-12-27,Updated,No
INV005803,ST11,P0267,25,32,15,12536.5,2025-12-17,Updated,No
INV006334,ST12,P0248,8,18,8,1457.52,2025-12-06,Updated,No
INV003186,ST06,P0395,86,11,4,29928.86,2025-12-16,Updated,No
INV003520,ST07,P0160,39,82,38,5502.9,2025-12-08,Updated,No
INV003984,ST08,P0064,20,34,13,2123.8,2025-12-27,Updated,No
INV005462,ST10,P0485,8,23,8,4490.72,2025-12-27,Updated,No
INV000739,ST02,P0148,0,39,15,0.0,2025-12-05,Updated,No
INV001687,ST03,P0517,52,9,3,17504.24,2025-12-18,Updated,No
INV003047,ST06,P0245,22,42,16,10129.68,2025-12-27,Updated,No
INV005947,ST11,P0429,30,35,11,3402.3,2025-12-03,Updated,No
INV006327,ST12,P0241,6,17,6,2192.76,2025-12-12,Updated,No
INV002152,ST04,P0436,55,78,26,5496.7,2025-12-04,Updated,No
INV000441,ST01,P0447,69,89,33,3037.38,2025-12-20,Updated,No
INV006263,ST12,P0175,81,17,6,3064.23,2025-12-02,Updated,No
INV003531,ST07,P0171,20,33,13,11315.2,2025-12-28,Updated,No
INV005070,ST10,P0071,45,77,27,8375.4,2025-12-08,Updated,No
INV005292,ST10,P0307,17,38,12,4155.99,2025-12-11,Updated,No
INV005044,ST10,P0041,56,80,25,28711.2,2025-12-08,Updated,No
INV005591,ST11,P0022,17,44,18,2620.55,2025-12-06,Updated,No
INV005096,ST10,P0099,58,68,27,27862.04,2025-12-01,Updated,No
INV004320,ST08,P0448,20,43,21,1153.8,2025-12-08,Updated,No
INV000941,ST02,P0350,31,41,14,16930.34,2025-12-03,Updated,No
INV003621,ST07,P0269,22,34,13,10075.12,2025-12-22,Updated,No
INV003276,ST06,P0498,7,23,8,5480.23,2025-12-15,Updated,No
INV005069,ST10,P0070,456,74,29,88933.68,2025-12-05,Updated,Yes
INV000944,ST02,P0353,15,38,14,3811.5,2025-12-24,Updated,No
INV001396,ST03,P0214,74,71,24,17539.48,2025-12-02,Updated,No
INV001414,ST03,P0232,356,77,29,197512.36,2025-12-09,Updated,Yes
INV003005,ST06,P0201,26,32,14,4152.98,2025-12-27,Updated,No
INV004676,ST09,P0245,5,35,12,2302.2,2025-12-13,Updated,No
INV004600,ST09,P0158,53,86,34,2469.27,2025-12-02,Updated,No
INV000867,ST02,P0276,61,8,3,14860.21,2025-12-28,Updated,No
INV000101,ST01,P0102,76,89,37,27379.0,2025-12-15,Updated,No
INV006161,ST12,P0069,76,74,26,4991.68,2025-12-16,Updated,No
INV006293,ST12,P0205,62,94,43,3400.7,2025-12-18,Updated,No
INV000700,ST02,P0109,71,83,31,15328.19,,Not Updated,No
INV006571,ST12,P0503,6,20,9,5856.3,2025-12-23,Updated,No
INV004003,ST08,P0085,82,82,29,13757.14,2025-12-06,Updated,No
INV002575,ST05,P0316,4,16,7,2188.44,2025-12-13,Updated,No
INV004659,ST09,P0225,17,39,14,7059.76,2025-12-14,Updated,No
INV005839,ST11,P0307,9,32,9,2200.23,2025-12-01,Updated,No
INV003004,ST06,P0200,33,75,29,2431.77,2025-12-21,Updated,No
INV005042,ST10,P0038,226,33,10,77703.32,2025-12-28,Updated,Yes
INV005283,ST10,P0298,21,66,32,8818.95,2025-12-31,Updated,No
INV005549,ST10,P0578,22,38,11,24827.0,2025-12-04,Updated,No
INV003421,ST07,P0057,59,91,41,21270.68,2025-12-11,Updated,No
INV000948,ST02,P0357,7,17,5,1163.26,2025-12-25,Updated,No
INV000438,ST01,P0444,5,18,8,530.1,2025-12-28,Updated,No
INV006241,ST12,P0151,59,67,29,8710.76,2025-12-06,Updated,No
INV000110,ST01,P0112,65,87,43,35712.95,2025-12-03,Updated,No
INV003108,ST06,P0309,0,43,14,0.0,2025-12-26,Updated,No
INV001551,ST03,P0375,24,44,21,9829.68,2025-12-30,Updated,No
INV006544,ST12,P0471,56,8,3,13881.28,2025-12-02,Updated,No
INV000873,ST02,P0282,65,79,32,5159.7,2025-12-31,Updated,No
INV002121,ST04,P0402,67,70,30,2146.68,2025-12-24,Updated,No
INV003916,ST07,P0586,5,17,8,122.2,2025-12-19,Updated,No
INV004066,ST08,P0157,66,85,37,8963.46,2025-12-19,Updated,No
INV005237,ST10,P0249,20,34,12,1287.8,2025-12-10,Updated,No
INV005402,ST10,P0421,83,90,35,45269.86,2025-12-21,Updated,No
INV005620,ST11,P0056,73,75,30,7608.79,2025-12-03,Updated,No
INV001033,ST02,P0442,88,72,27,5484.16,2025-12-07,Updated,No
INV004832,ST09,P0414,595,91,42,52752.7,2025-12-11,Updated,Yes
INV003442,ST07,P0079,462,85,29,83146.14,2025-12-02,Updated,Yes
INV002580,ST05,P0321,25,36,11,6162.25,2025-12-19,Updated,No
INV006250,ST12,P0161,34,92,29,12101.62,2025-12-18,Updated,No
INV004797,ST09,P0378,22,64,23,7119.2,2025-12-06,Updated,No
INV005642,ST11,P0081,38,68,23,4146.56,2025-12-19,Updated,No
INV002916,ST06,P0100,22,35,11,12952.94,2025-12-04,Updated,No
INV002932,ST06,P0117,40,95,40,564.0,,Not Updated,No
INV006229,ST12,P0139,20,42,13,4858.2,2025-12-04,Updated,No
INV006396,ST12,P0314,14,36,17,3802.82,2025-12-26,Updated,No
INV004977,ST09,P0570,8,16,6,10264.72,2025-12-08,Updated,No
INV005812,ST11,P0276,45,11,4,10962.45,2025-12-13,Updated,No
INV002940,ST06,P0126,19,40,17,6527.07,2025-12-12,Updated,No
INV000313,ST01,P0317,20,41,19,2791.4,2025-12-09,Updated,No
INV002559,ST05,P0298,47,68,32,19737.65,2025-12-13,Updated,No
INV002058,ST04,P0335,18,33,12,683.1,2025-12-29,Updated,No
INV005755,ST11,P0209,24,32,12,1515.36,2025-12-28,Updated,No
INV001875,ST04,P0125,0,90,31,0.0,2025-12-14,Updated,No
INV000793,ST02,P0202,20,41,18,2243.4,2025-12-04,Updated,No
INV004830,ST09,P0412,73,89,41,32475.51,2025-12-29,Updated,No
INV001168,ST02,P0577,58,10,3,87928.58,2025-12-02,Updated,No
INV004622,ST09,P0183,62,92,27,4293.5,2025-12-10,Updated,No
INV000963,ST02,P0372,8,35,17,2424.48,2025-12-17,Updated,No
INV004694,ST09,P0265,38,94,37,4872.36,2025-12-15,Updated,No
INV006452,ST12,P0372,23,38,16,6970.38,2025-12-05,Updated,No
INV002105,ST04,P0385,4,16,7,1129.36,2025-12-15,Updated,No
INV005800,ST11,P0264,59,88,43,26967.72,2025-12-19,Updated,No
INV002082,ST04,P0362,20,47,21,2226.4,2025-12-24,Updated,No
INV000224,ST01,P0228,18,41,13,8705.34,2025-12-04,Updated,No
INV006102,ST12,P0008,41,92,32,22215.44,,Not Updated,No
INV000682,ST02,P0091,6,21,7,1248.78,2025-12-17,Updated,No
INV001574,ST03,P0399,35,47,19,16661.05,2025-12-10,Updated,No
INV003948,ST08,P0022,31,41,15,4778.65,2025-12-28,Updated,No
INV000085,ST01,P0086,72,70,24,7604.64,2025-12-09,Updated,No
INV001499,ST03,P0322,31,9,2,14840.63,2025-12-01,Updated,No
INV006209,ST12,P0119,88,86,37,32386.64,2025-12-11,Updated,No
INV001589,ST03,P0416,4,17,6,825.52,2025-12-20,Updated,No
INV006022,ST11,P0516,10,21,9,5075.1,2025-12-24,Updated,No
INV001490,ST03,P0313,18,47,20,6924.24,2025-12-25,Updated,No
INV002646,ST05,P0397,406,8,3,59779.44,2025-12-30,Updated,Yes
INV003630,ST07,P0278,22,36,14,8151.0,2025-12-08,Updated,No
INV005901,ST11,P0377,1069,92,39,391959.54,2025-12-31,Updated,Yes
INV005385,ST10,P0402,55,70,32,1762.2,2025-12-02,Updated,No
INV003177,ST06,P0385,5,17,6,1411.7,2025-12-12,Updated,No
INV001266,ST03,P0079,43,91,31,7738.71,2025-12-23,Updated,No
INV000781,ST02,P0190,18,33,13,4206.78,2025-12-21,Updated,No
INV002892,ST06,P0075,0,71,22,0.0,2025-12-07,Updated,No
INV001750,ST03,P0584,6,17,5,9252.72,2025-12-24,Updated,No
INV006520,ST12,P0446,78,21,8,6923.28,2025-12-20,Updated,No
INV000955,ST02,P0364,20,37,11,9784.2,2025-12-08,Updated,No
INV006366,ST12,P0282,445,89,42,35324.1,2025-12-01,Updated,Yes
INV002677,ST05,P0429,0,38,11,0.0,2025-12-21,Updated,No
INV000631,ST02,P0040,53,83,38,12139.65,2025-12-25,Updated,No
INV004495,ST09,P0041,33,73,32,16919.1,2025-12-05,Updated,No
INV006609,ST12,P0541,12,39,15,7710.84,2025-12-06,Updated,No
INV005277,ST10,P0292,17,34,14,6230.33,2025-12-04,Updated,No
INV006260,ST12,P0172,29,36,17,15111.61,,Not Updated,No
INV002662,ST05,P0414,83,94,30,7358.78,2025-12-23,Updated,No
INV005759,ST11,P0213,43,88,28,24238.24,2025-12-22,Updated,No
INV002888,ST06,P0071,55,89,31,10236.6,2025-12-11,Updated,No
INV003646,ST07,P0295,57,84,28,22821.09,2025-12-15,Updated,No
INV002549,ST05,P0288,65,78,27,11742.9,2025-12-03,Updated,No
INV000055,ST01,P0056,76,67,28,7921.48,2025-12-15,Updated,No
INV003648,ST07,P0297,16,43,14,4414.72,2025-12-06,Updated,No
INV000371,ST01,P0375,9,32,9,3686.13,2025-12-11,Updated,No
INV002367,ST05,P0080,4,16,6,609.4,2025-12-06,Updated,No
INV004286,ST08,P0408,20,37,15,3850.4,2025-12-04,Updated,No
INV000446,ST01,P0452,20,33,10,1734.6,2025-12-19,Updated,No
INV002797,ST05,P0573,8,22,8,17020.56,2025-12-03,Updated,No
INV004548,ST09,P0102,67,71,28,24136.75,2025-12-13,Updated,No
INV001422,ST03,P0240,14,32,11,8210.3,2025-12-18,Updated,No
INV005009,ST10,P0003,382,37,17,65868.26,2025-12-15,Updated,Yes
INV002468,ST05,P0197,32,34,15,1323.52,2025-12-12,Updated,No
INV000006,ST01,P0007,23,47,16,12388.03,2025-12-17,Updated,No
INV000294,ST01,P0298,75,90,27,31496.25,2025-12-31,Updated,No
INV004430,ST08,P0569,70,11,3,27900.6,2025-12-20,Updated,No
INV005233,ST10,P0245,0,44,15,0.0,2025-12-17,Updated,No
INV002075,ST04,P0355,16,39,15,7883.52,2025-12-27,Updated,No
INV003419,ST07,P0054,28,88,26,3305.4,2025-12-30,Updated,No
INV000947,ST02,P0356,16,75,28,7773.44,2025-12-05,Updated,No
INV005904,ST11,P0380,26,38,16,8751.6,2025-12-09,Updated,No
INV005606,ST11,P0039,35,73,31,16935.1,2025-12-01,Updated,No
INV006090,ST11,P0594,5,17,5,2892.55,2025-12-20,Updated,No
INV003384,ST07,P0017,41,80,35,8013.45,2025-12-13,Updated,No
INV001848,ST04,P0095,0,79,25,0.0,2025-12-12,Updated,No
INV003299,ST06,P0522,12,35,13,12405.36,2025-12-30,Updated,No
INV005911,ST11,P0387,0,68,20,0.0,2025-12-23,Updated,No
INV006269,ST12,P0181,53,69,32,23708.49,2025-12-20,Updated,No
INV005159,ST10,P0169,13,37,13,5099.77,2025-12-06,Updated,No
INV004882,ST09,P0468,624,93,32,71972.16,2025-12-05,Updated,Yes
INV002094,ST04,P0374,12,34,14,6162.48,2025-12-23,Updated,No
INV001082,ST02,P0491,9,20,9,6413.22,2025-12-27,Updated,No
INV003055,ST06,P0253,0,77,29,0.0,,Not Updated,No
INV002568,ST05,P0308,16,47,15,6337.28,2025-12-13,Updated,No
INV004892,ST09,P0481,19,39,12,6868.5,,Not Updated,No
INV003805,ST07,P0469,52,69,21,4993.04,2025-12-05,Updated,No
INV005580,ST11,P0010,21,44,17,2190.3,2025-12-31,Updated,No
INV006153,ST12,P0060,59,69,30,1744.04,2025-12-14,Updated,No
INV001344,ST03,P0160,74,82,30,10441.4,2025-12-06,Updated,No
INV004625,ST09,P0186,21,35,11,4472.16,2025-12-19,Updated,No
INV002312,ST05,P0021,8,20,8,247.12,2025-12-16,Updated,No
INV006159,ST12,P0067,32,43,14,5470.4,2025-12-25,Updated,No
INV000483,ST01,P0490,17,38,18,7608.01,2025-12-02,Updated,No
INV004554,ST09,P0109,25,75,30,5397.25,2025-12-10,Updated,No
INV004196,ST08,P0303,13,36,15,6249.36,2025-12-14,Updated,No
INV003866,ST07,P0533,21,46,14,22396.5,2025-12-04,Updated,No
INV004227,ST08,P0340,349,83,27,74256.73,2025-12-07,Updated,Yes
INV005972,ST11,P0455,5,36,10,288.4,2025-12-18,Updated,No
INV005581,ST11,P0012,64,95,43,4009.6,2025-12-13,Updated,No
INV005861,ST11,P0333,6,22,6,311.04,2025-12-25,Updated,No
INV002745,ST05,P0514,28,45,22,12700.24,2025-12-07,Updated,No
INV001267,ST03,P0080,1142,21,9,173983.7,2025-12-01,Updated,Yes
INV000668,ST02,P0077,23,45,15,3706.91,2025-12-11,Updated,No
INV005104,ST10,P0108,360,90,27,135147.6,2025-12-09,Updated,Yes
INV006141,ST12,P0048,11,45,13,457.16,2025-12-24,Updated,No
INV004439,ST08,P0581,7,16,7,14246.82,2025-12-19,Updated,No
INV002960,ST06,P0151,74,75,34,10925.36,2025-12-06,Updated,No
INV000755,ST02,P0164,7,21,10,2643.41,2025-12-24,Updated,No
INV002024,ST04,P0294,52,76,34,14694.16,2025-12-05,Updated,No
INV000977,ST02,P0386,5,18,5,2749.0,2025-12-04,Updated,No
INV005810,ST11,P0274,7,19,6,2030.0,2025-12-16,Updated,No
INV003944,ST08,P0018,15,44,17,2319.15,2025-12-29,Updated,No
INV004064,ST08,P0155,29,35,11,11619.72,2025-12-25,Updated,No
INV003895,ST07,P0565,57,8,2,126809.04,2025-12-12,Updated,No
INV006626,ST12,P0560,24,36,12,15470.64,2025-12-29,Updated,No
INV004926,ST09,P0516,68,16,5,34510.68,2025-12-26,Updated,No
INV005375,ST10,P0391,7,16,7,1921.08,2025-12-26,Updated,No
INV004396,ST08,P0534,52,9,4,26517.92,2025-12-08,Updated,No
INV000778,ST02,P0187,66,66,23,15648.6,2025-12-29,Updated,No
INV002279,ST04,P0585,60,11,3,12324.6,2025-12-11,Updated,No
INV005209,ST10,P0220,22,33,16,7426.32,2025-12-31,Updated,No
INV001377,ST03,P0194,28,38,15,1084.44,2025-12-29,Updated,No
INV001104,ST02,P0513,11,23,10,5109.17,2025-12-02,Updated,No
INV000374,ST01,P0378,483,92,43,156298.8,2025-12-07,Updated,Yes
INV001015,ST02,P0424,49,9,3,5425.28,2025-12-30,Updated,No
INV005651,ST11,P0092,21,82,26,1217.37,2025-12-17,Updated,No
INV002514,ST05,P0245,31,33,10,14273.64,2025-12-06,Updated,No
INV001176,ST02,P0585,77,11,4,15816.57,2025-12-04,Updated,No
INV000767,ST02,P0176,8,20,7,714.72,2025-12-04,Updated,No
INV005481,ST10,P0505,253,43,18,49119.95,2025-12-10,Updated,Yes
INV006335,ST12,P0249,17,39,15,1094.63,2025-12-20,Updated,No
INV001087,ST02,P0496,30,34,16,31206.0,2025-12-09,Updated,No
INV004733,ST09,P0305,21,32,13,10042.41,2025-12-22,Updated,No
INV001807,ST04,P0046,10,37,11,4620.8,2025-12-28,Updated,No
INV002136,ST04,P0419,14,47,14,7926.24,2025-12-26,Updated,No
INV003116,ST06,P0317,17,39,17,2372.69,2025-12-19,Updated,No
INV003088,ST06,P0287,404,45,14,142252.44,2025-12-03,Updated,Yes
INV002319,ST05,P0028,0,46,21,0.0,2025-12-14,Updated,No
INV000387,ST01,P0391,8,21,8,2195.52,2025-12-29,Updated,No
INV000533,ST01,P0541,17,33,16,10923.69,2025-12-26,Updated,No
INV003995,ST08,P0076,31,32,13,6915.17,2025-12-26,Updated,No
INV001290,ST03,P0103,17,32,11,9413.92,2025-12-09,Updated,No
INV002113,ST04,P0393,25,35,13,13331.75,2025-12-30,Updated,No
INV003493,ST07,P0131,12,36,17,3917.04,2025-12-23,Updated,No
INV000532,ST01,P0540,51,8,3,34866.66,2025-12-16,Updated,No
INV003941,ST08,P0015,73,83,25,32047.0,2025-12-18,Updated,No
INV002823,ST05,P0600,14,46,20,4188.52,2025-12-17,Updated,No
INV003232,ST06,P0447,88,92,33,3873.76,2025-12-13,Updated,No
INV001046,ST02,P0455,23,43,14,1326.64,2025-12-31,Updated,No
INV001677,ST03,P0506,19,43,14,3763.33,2025-12-14,Updated,No
INV006453,ST12,P0373,32,33,16,17382.08,2025-12-05,Updated,No
INV003017,ST06,P0214,34,78,30,8058.68,2025-12-24,Updated,No
INV006486,ST12,P0407,9,16,6,4249.26,2025-12-15,Updated,No
INV004366,ST08,P0501,102,23,7,57109.8,2025-12-14,Updated,Yes
INV003909,ST07,P0579,19,39,16,42497.3,2025-12-01,Updated,No
INV001542,ST03,P0366,8,17,7,2822.56,2025-12-18,Updated,No
INV004203,ST08,P0310,42,8,3,11587.8,2025-12-09,Updated,No
INV005721,ST11,P0170,45,74,26,8585.1,2025-12-26,Updated,No
INV006121,ST12,P0027,31,43,17,16903.68,2025-12-22,Updated,No
INV005200,ST10,P0211,77,72,34,5744.2,2025-12-08,Updated,No
INV001162,ST02,P0571,5,19,7,2324.2,2025-12-05,Updated,No
INV001821,ST04,P0061,17,42,15,3146.87,2025-12-16,Updated,No
INV003471,ST07,P0109,70,80,33,15112.3,2025-12-31,Updated,No
INV004033,ST08,P0119,30,65,25,11040.9,2025-12-29,Updated,No
INV000964,ST02,P0373,36,33,14,19554.84,2025-12-21,Updated,No
INV003822,ST07,P0486,30,33,14,1326.0,2025-12-24,Updated,No
INV000078,ST01,P0079,362,93,32,65149.14,2025-12-27,Updated,Yes
INV005918,ST11,P0394,73,73,35,3626.64,2025-12-14,Updated,No
INV006268,ST12,P0180,162,39,12,21406.68,2025-12-20,Updated,Yes
INV001584,ST03,P0410,23,44,17,2748.27,2025-12-04,Updated,No
INV003843,ST07,P0507,19,41,19,18158.11,2025-12-04,Updated,No
INV000554,ST01,P0562,18,36,16,13121.82,2025-12-04,Updated,No
INV002407,ST05,P0127,67,81,27,28239.16,2025-12-09,Updated,No
INV000046,ST01,P0047,15,41,19,854.4,,Not Updated,No
INV001726,ST03,P0556,4,16,6,4781.16,2025-12-29,Updated,No
INV006198,ST12,P0107,52,86,28,10019.88,,Not Updated,No
INV005834,ST11,P0301,74,17,5,4614.64,2025-12-21,Updated,No
INV003774,ST07,P0436,31,68,29,3098.14,2025-12-16,Updated,No
INV004167,ST08,P0272,9,21,9,4315.23,2025-12-17,Updated,No
INV004491,ST09,P0036,60,74,34,12639.0,2025-12-25,Updated,No
INV004783,ST09,P0362,25,41,12,2783.0,2025-12-23,Updated,No
INV001664,ST03,P0492,6,18,6,4551.72,2025-12-11,Updated,No
INV003894,ST07,P0564,4,22,7,8873.64,2025-12-10,Updated,No
INV004929,ST09,P0519,10,18,8,10840.6,2025-12-11,Updated,No
INV003298,ST06,P0521,11,38,16,3324.86,2025-12-27,Updated,No
INV000265,ST01,P0269,19,44,16,8701.24,2025-12-28,Updated,No
INV005860,ST11,P0332,9,16,6,4318.65,2025-12-19,Updated,No
INV001105,ST02,P0514,16,35,15,7257.28,2025-12-29,Updated,No
INV001221,ST03,P0032,13,45,16,2357.55,2025-12-14,Updated,No
INV004514,ST09,P0063,34,86,42,6827.54,2025-12-28,Updated,No
INV004194,ST08,P0301,6,20,7,374.16,2025-12-07,Updated,No
INV001693,ST03,P0523,13,47,19,3437.07,,Not Updated,No
INV000835,ST02,P0244,110,22,6,51109.3,2025-12-23,Updated,Yes
INV005953,ST11,P0435,12,37,16,1238.52,2025-12-22,Updated,No
INV005025,ST10,P0020,19,40,16,1800.06,2025-12-22,Updated,No
INV000624,ST02,P0033,27,84,31,8527.68,2025-12-26,Updated,No
INV004356,ST08,P0490,9,41,15,4027.77,2025-12-06,Updated,No
INV002028,ST04,P0299,5,20,6,1151.75,2025-12-22,Updated,No
INV005275,ST10,P0290,28,46,15,15085.56,2025-12-30,Updated,No
INV000799,ST02,P0208,34,64,30,2748.9,2025-12-22,Updated,No
INV006004,ST11,P0494,33,34,11,23250.81,2025-12-22,Updated,No
INV002790,ST05,P0563,13,32,14,4056.91,2025-12-13,Updated,No
INV004324,ST08,P0452,6,44,14,520.38,2025-12-09,Updated,No
INV006557,ST12,P0487,29,43,13,12326.45,2025-12-17,Updated,No
INV006072,ST11,P0575,25,39,18,38498.75,2025-12-04,Updated,No
INV000685,ST02,P0094,18,38,18,3436.2,2025-12-11,Updated,No
INV001835,ST04,P0078,33,80,35,7462.62,2025-12-31,Updated,No
INV003059,ST06,P0257,17,46,15,3890.28,2025-12-05,Updated,No
INV005103,ST10,P0107,32,68,24,6166.08,2025-12-21,Updated,No
INV001824,ST04,P0067,10,47,22,1709.5,2025-12-05,Updated,No
INV004044,ST08,P0133,31,74,25,5473.05,,Not Updated,No
INV005682,ST11,P0127,43,65,20,18123.64,2025-12-27,Updated,No
INV003527,ST07,P0167,41,89,41,13408.64,2025-12-12,Updated,No
INV001567,ST03,P0392,7,23,9,193.69,2025-12-02,Updated,No
INV003785,ST07,P0448,17,47,20,980.73,2025-12-04,Updated,No
INV003687,ST07,P0341,61,8,3,32962.57,2025-12-08,Updated,No
INV003212,ST06,P0425,8,19,8,3771.28,2025-12-31,Updated,No
INV003983,ST08,P0063,48,82,28,9638.88,2025-12-21,Updated,No
INV002584,ST05,P0325,13,37,12,4674.02,2025-12-28,Updated,No
INV004970,ST09,P0561,15,35,15,25988.1,,Not Updated,No
INV005625,ST11,P0061,26,34,14,4812.86,2025-12-15,Updated,No
INV004858,ST09,P0443,16,35,12,1193.76,2025-12-28,Updated,No
INV000527,ST01,P0535,15,36,16,12649.8,2025-12-22,Updated,No
INV000134,ST01,P0136,57,75,33,29693.01,2025-12-27,Updated,No
INV002220,ST04,P0517,54,10,3,18177.48,2025-12-22,Updated,No
INV000432,ST01,P0438,38,92,38,2090.38,2025-12-09,Updated,No
INV003845,ST07,P0509,26,34,13,7377.24,2025-12-22,Updated,No
INV005779,ST11,P0238,104,16,6,8521.76,2025-12-29,Updated,Yes
INV004766,ST09,P0343,20,37,17,9219.4,2025-12-29,Updated,No
INV001536,ST03,P0360,4,19,7,78.68,2025-12-09,Updated,No
INV000531,ST01,P0539,7,18,8,3937.29,2025-12-09,Updated,No
INV003832,ST07,P0496,0,42,18,0.0,2025-12-13,Updated,No
INV000766,ST02,P0175,4,17,7,151.32,2025-12-22,Updated,No
INV005730,ST11,P0179,21,37,12,506.52,2025-12-23,Updated,No
INV004289,ST08,P0412,51,67,30,22688.37,2025-12-26,Updated,No
INV003542,ST07,P0185,54,83,27,22799.88,2025-12-29,Updated,No
INV001310,ST03,P0125,25,73,25,7871.25,2025-12-06,Updated,No
INV006089,ST11,P0593,7,23,11,2745.4,,Not Updated,No
INV001325,ST03,P0140,6,20,6,2920.44,2025-12-01,Updated,No
INV002096,ST04,P0376,13,34,12,2893.93,2025-12-31,Updated,No
INV004050,ST08,P0140,5,17,6,2433.7,2025-12-20,Updated,No
INV003134,ST06,P0336,11,34,12,537.13,2025-12-09,Updated,No
INV005612,ST11,P0047,238,37,15,13556.48,2025-12-09,Updated,Yes
INV006469,ST12,P0390,19,37,13,8895.61,2025-12-08,Updated,No
INV004353,ST08,P0487,0,37,15,0.0,2025-12-23,Updated,No
INV002520,ST05,P0252,23,35,11,4148.28,2025-12-22,Updated,No
INV002843,ST06,P0022,20,40,13,3083.0,2025-12-12,Updated,No
INV002269,ST04,P0572,5,16,7,7011.55,2025-12-05,Updated,No
INV000852,ST02,P0261,36,11,4,3024.36,2025-12-17,Updated,No
INV003584,ST07,P0228,18,33,16,8705.34,2025-12-04,Updated,No
INV001763,ST03,P0598,16,33,16,3076.64,2025-12-09,Updated,No
INV001346,ST03,P0162,27,78,28,4305.96,2025-12-10,Updated,No
INV006403,ST12,P0321,20,37,11,4929.8,2025-12-13,Updated,No
INV004388,ST08,P0525,10,23,8,7858.8,2025-12-19,Updated,No
INV001231,ST03,P0042,13,45,17,3960.45,2025-12-23,Updated,No
INV005266,ST10,P0281,18,37,16,3311.82,2025-12-15,Updated,No
INV006066,ST11,P0567,7,17,6,6797.7,2025-12-16,Updated,No
INV004941,ST09,P0531,8,16,6,7777.84,2025-12-14,Updated,No
INV005906,ST11,P0382,20,35,15,8265.2,2025-12-21,Updated,No
INV000198,ST01,P0202,151,35,13,16937.67,2025-12-11,Updated,Yes
INV003691,ST07,P0345,18,33,14,6786.18,2025-12-31,Updated,No
INV005544,ST10,P0571,10,23,9,4648.4,2025-12-05,Updated,No
INV006524,ST12,P0450,7,21,8,166.11,2025-12-20,Updated,No
INV003490,ST07,P0128,0,46,17,0.0,2025-12-11,Updated,No
INV005817,ST11,P0281,8,38,16,1471.92,2025-12-03,Updated,No
INV000891,ST02,P0300,40,8,2,2896.8,2025-12-20,Updated,No
INV004072,ST08,P0163,15,34,14,1020.3,2025-12-25,Updated,No
INV002828,ST06,P0006,65,85,37,33912.45,2025-12-03,Updated,No
INV006641,ST12,P0576,5,23,8,4143.3,2025-12-23,Updated,No
INV006585,ST12,P0517,65,11,5,21880.3,2025-12-20,Updated,No
INV000770,ST02,P0179,7,38,14,168.84,2025-12-12,Updated,No
INV005867,ST11,P0340,76,91,38,16170.52,2025-12-09,Updated,No
INV006200,ST12,P0109,33,73,31,7124.37,2025-12-08,Updated,No
INV002078,ST04,P0358,13,44,14,3425.5,2025-12-11,Updated,No
INV004236,ST08,P0350,13,40,13,7099.82,2025-12-26,Updated,No
INV001107,ST02,P0516,7,22,8,3552.57,2025-12-16,Updated,No
INV000005,ST01,P0006,47,83,37,24521.31,2025-12-27,Updated,No
INV006192,ST12,P0100,21,38,13,12364.17,2025-12-03,Updated,No
INV003161,ST06,P0367,12,42,13,3863.52,2025-12-25,Updated,No
INV004620,ST09,P0180,20,34,11,2642.8,2025-12-21,Updated,No
INV002424,ST05,P0146,28,42,12,12615.68,2025-12-18,Updated,No
INV003769,ST07,P0430,39,88,42,829.92,2025-12-26,Updated,No
INV002023,ST04,P0293,16,46,14,8624.48,2025-12-06,Updated,No
INV003647,ST07,P0296,15,38,18,6762.45,2025-12-01,Updated,No
INV006662,ST12,P0599,23,44,20,1144.48,2025-12-17,Updated,No
INV004228,ST08,P0341,37,8,3,19993.69,2025-12-20,Updated,No
INV004262,ST08,P0379,25,36,12,8708.75,2025-12-05,Updated,No
INV003642,ST07,P0291,200,41,13,110152.0,2025-12-10,Updated,Yes
INV002423,ST05,P0145,42,90,36,13726.44,2025-12-21,Updated,No
INV000264,ST01,P0268,0,43,20,0.0,2025-12-01,Updated,No
INV005915,ST11,P0391,8,23,9,2195.52,2025-12-01,Updated,No
INV001662,ST03,P0490,19,38,11,8503.07,2025-12-05,Updated,No
INV003314,ST06,P0540,54,10,4,36917.64,2025-12-31,Updated,No
INV004869,ST09,P0455,476,39,12,27455.68,2025-12-09,Updated,Yes
INV002777,ST05,P0549,50,11,3,33081.0,2025-12-28,Updated,No
INV002714,ST05,P0471,39,9,4,9667.32,2025-12-12,Updated,No
INV003340,ST06,P0566,10,20,9,6913.2,2025-12-31,Updated,No
INV005604,ST11,P0036,84,87,42,17694.6,2025-12-25,Updated,No
INV000302,ST01,P0306,13,37,16,1377.48,2025-12-24,Updated,No
INV002848,ST06,P0027,11,35,13,5998.08,2025-12-11,Updated,No
INV003575,ST07,P0219,187,34,11,85846.09,2025-12-23,Updated,Yes
INV003489,ST07,P0127,0,90,34,0.0,2025-12-17,Updated,No
INV000069,ST01,P0070,42,68,33,8191.26,2025-12-24,Updated,No
INV002703,ST05,P0458,8,16,7,776.8,2025-12-01,Updated,No
INV003614,ST07,P0261,49,8,2,4116.49,2025-12-24,Updated,No
INV001739,ST03,P0571,8,16,5,3718.72,2025-12-24,Updated,No
INV002607,ST05,P0353,15,35,16,3811.5,2025-12-01,Updated,No
INV003139,ST06,P0341,74,11,4,39987.38,2025-12-13,Updated,No
INV001210,ST03,P0019,47,66,22,19666.68,2025-12-31,Updated,No
INV006371,ST12,P0288,43,65,29,7768.38,2025-12-18,Updated,No
INV005936,ST11,P0415,26,38,14,6324.5,2025-12-21,Updated,No
INV000681,ST02,P0090,5,16,5,124.55,2025-12-28,Updated,No
INV000196,ST01,P0200,398,80,27,29328.62,2025-12-20,Updated,Yes
INV006521,ST12,P0447,26,79,26,1144.52,2025-12-27,Updated,No
INV001733,ST03,P0563,24,40,15,7489.68,2025-12-25,Updated,No
INV001752,ST03,P0586,5,17,6,122.2,2025-12-11,Updated,No
INV000868,ST02,P0277,15,35,15,7870.8,2025-12-04,Updated,No
INV001674,ST03,P0502,163,40,12,27913.75,,Not Updated,Yes
INV003652,ST07,P0302,21,44,19,6333.81,2025-12-04,Updated,No
INV005818,ST11,P0282,73,88,42,5794.74,2025-12-20,Updated,No
INV005136,ST10,P0143,43,74,24,14095.4,2025-12-11,Updated,No
INV005774,ST11,P0233,9,17,8,247.68,2025-12-19,Updated,No
INV001679,ST03,P0508,6,21,7,5777.82,2025-12-21,Updated,No
INV003394,ST07,P0028,24,37,13,2278.08,2025-12-20,Updated,No
INV002150,ST04,P0434,45,69,32,4874.4,2025-12-31,Updated,No
INV006551,ST12,P0481,0,42,18,0.0,2025-12-30,Updated,No
INV006220,ST12,P0130,15,41,15,7042.65,2025-12-02,Updated,No
INV006290,ST12,P0202,24,32,14,2692.08,2025-12-12,Updated,No
INV005875,ST11,P0349,45,64,30,6189.75,2025-12-01,Updated,No
INV005120,ST10,P0124,28,44,18,11553.92,2025-12-09,Updated,No
INV006068,ST11,P0570,5,17,6,6415.45,2025-12-10,Updated,No
INV003261,ST06,P0482,16,37,17,4146.72,2025-12-21,Updated,No
INV001308,ST03,P0122,10,45,16,1652.2,2025-12-28,Updated,No
INV006285,ST12,P0197,165,32,10,6824.4,2025-12-02,Updated,Yes
INV001040,ST02,P0449,15,41,15,1741.35,2025-12-09,Updated,No
INV002567,ST05,P0307,19,33,10,4644.93,2025-12-11,Updated,No
INV006533,ST12,P0459,17,89,35,349.69,2025-12-07,Updated,No
INV002462,ST05,P0188,10,37,15,1939.7,2025-12-22,Updated,No
INV001488,ST03,P0311,24,32,14,8364.48,2025-12-10,Updated,No
INV002245,ST04,P0544,6,23,8,2509.86,2025-12-29,Updated,No
INV003958,ST08,P0033,44,86,35,13896.96,2025-12-05,Updated,No
INV006094,ST11,P0600,16,36,14,4786.88,2025-12-14,Updated,No
INV002702,ST05,P0457,43,88,35,1019.96,2025-12-29,Updated,No
INV006541,ST12,P0467,29,66,29,668.16,2025-12-16,Updated,No
INV006616,ST12,P0550,16,36,15,7463.84,2025-12-28,Updated,No
INV004315,ST08,P0442,75,81,28,4674.0,2025-12-14,Updated,No
INV004759,ST09,P0335,20,38,12,759.0,2025-12-08,Updated,No
INV000596,ST02,P0005,29,64,30,8564.86,2025-12-08,Updated,No
INV003994,ST08,P0075,0,82,30,0.0,2025-12-07,Updated,No
INV004641,ST09,P0204,5,23,9,1205.7,2025-12-30,Updated,No
INV003277,ST06,P0500,26,42,18,8948.42,2025-12-16,Updated,No
INV004497,ST09,P0044,70,78,35,41625.5,2025-12-15,Updated,No
INV003508,ST07,P0147,57,79,26,4561.71,2025-12-24,Updated,No
INV001759,ST03,P0594,9,19,6,5206.59,2025-12-27,Updated,No
INV000373,ST01,P0377,28,81,29,10266.48,2025-12-17,Updated,No
INV005587,ST11,P0018,18,38,16,2782.98,2025-12-24,Updated,No
INV001072,ST02,P0481,9,42,18,3253.5,2025-12-19,Updated,No
INV003227,ST06,P0441,196,34,12,8571.08,2025-12-25,Updated,Yes
INV005251,ST10,P0265,69,82,38,8847.18,2025-12-18,Updated,No
INV006151,ST12,P0058,5,22,6,1770.35,2025-12-18,Updated,No
INV004933,ST09,P0523,170,32,10,44946.3,2025-12-27,Updated,Yes
INV006304,ST12,P0216,24,33,16,8777.52,2025-12-20,Updated,No
INV004568,ST09,P0123,68,70,32,8833.88,2025-12-11,Updated,No
INV001289,ST03,P0102,45,67,23,16211.25,2025-12-11,Updated,No
INV000019,ST01,P0020,0,34,14,0.0,2025-12-24,Updated,No
INV005250,ST10,P0263,0,44,20,0.0,2025-12-23,Updated,No
INV000552,ST01,P0560,25,45,20,16115.25,2025-12-05,Updated,No
INV003255,ST06,P0475,13,37,16,3453.19,2025-12-06,Updated,No
INV006511,ST12,P0435,21,41,19,2167.41,2025-12-28,Updated,No
INV005919,ST11,P0395,68,11,4,23664.68,2025-12-11,Updated,No
INV006230,ST12,P0140,9,23,9,4380.66,,Not Updated,No
INV006034,ST11,P0529,16,40,15,8096.8,2025-12-16,Updated,No
INV005287,ST10,P0302,20,41,16,6032.2,2025-12-05,Updated,No
INV001573,ST03,P0398,16,37,13,2229.76,2025-12-01,Updated,No
INV005308,ST10,P0323,0,34,12,0.0,2025-12-30,Updated,No
INV000013,ST01,P0014,52,95,44,25221.56,2025-12-12,Updated,No
INV004317,ST08,P0445,15,32,11,1257.0,2025-12-06,Updated,No
INV000377,ST01,P0381,5,17,5,446.75,2025-12-04,Updated,No
INV002226,ST04,P0523,203,32,14,53671.17,2025-12-01,Updated,Yes
INV005024,ST10,P0019,66,94,43,27617.04,2025-12-04,Updated,No
INV005423,ST10,P0444,8,18,6,848.16,2025-12-12,Updated,No
INV001223,ST03,P0034,1451,33,15,484604.98,2025-12-04,Updated,Yes
INV005538,ST10,P0565,867,11,5,1928832.24,2025-12-23,Updated,Yes
INV003870,ST07,P0537,53,10,3,39605.31,2025-12-04,Updated,No
INV001525,ST03,P0349,52,65,31,7152.6,2025-12-09,Updated,No
INV000809,ST02,P0218,48,74,25,7211.04,2025-12-06,Updated,No
INV001978,ST04,P0240,15,40,12,8796.75,2025-12-07,Updated,No
INV004214,ST08,P0323,18,38,18,1911.42,2025-12-17,Updated,No
INV004590,ST09,P0146,238,45,17,107233.28,2025-12-24,Updated,Yes
INV000549,ST01,P0557,10,17,7,11086.6,2025-12-07,Updated,No
INV001665,ST03,P0493,4,22,8,4160.72,2025-12-18,Updated,No
INV003625,ST07,P0273,30,39,16,17315.7,2025-12-02,Updated,No
INV004461,ST09,P0005,41,81,31,12108.94,2025-12-13,Updated,No
INV006052,ST11,P0551,11,46,14,6269.89,2025-12-29,Updated,No
INV000075,ST01,P0076,25,37,16,5576.75,2025-12-17,Updated,No
INV006432,ST12,P0351,21,38,17,5328.75,2025-12-17,Updated,No
INV005981,ST11,P0465,48,91,29,5131.68,2025-12-03,Updated,No
INV001151,ST02,P0560,22,41,19,14181.42,2025-12-25,Updated,No
INV002034,ST04,P0307,12,34,13,2933.64,2025-12-25,Updated,No
INV003798,ST07,P0461,184,40,19,17124.88,2025-12-20,Updated,Yes
INV004008,ST08,P0091,8,21,9,1665.04,2025-12-05,Updated,No
INV001350,ST03,P0166,14,39,15,4785.34,2025-12-10,Updated,No
INV000289,ST01,P0293,21,32,12,11319.63,2025-12-01,Updated,No
INV006554,ST12,P0484,7,19,8,886.41,2025-12-07,Updated,No
INV005608,ST11,P0042,20,44,14,6093.0,2025-12-11,Updated,No
INV006023,ST11,P0517,48,8,2,16157.76,2025-12-17,Updated,No
INV001831,ST04,P0074,0,95,40,0.0,2025-12-17,Updated,No
INV002216,ST04,P0513,7,17,6,3251.29,2025-12-01,Updated,No
INV001323,ST03,P0138,28,81,25,826.56,2025-12-10,Updated,No
INV002166,ST04,P0455,8,39,14,461.44,2025-12-27,Updated,No
INV005474,ST10,P0498,9,17,6,7046.01,2025-12-07,Updated,No
INV004632,ST09,P0193,17,44,16,3481.6,2025-12-08,Updated,No
INV004019,ST08,P0102,71,73,21,25577.75,2025-12-04,Updated,No
INV001816,ST04,P0055,49,89,36,15007.23,2025-12-01,Updated,No
INV000467,ST01,P0474,25,46,14,14411.25,2025-12-14,Updated,No
INV001935,ST04,P0191,23,38,12,4089.17,2025-12-01,Updated,No
INV003326,ST06,P0552,8,18,5,2141.76,2025-12-01,Updated,No
INV002711,ST05,P0467,55,82,40,1267.2,2025-12-23,Updated,No
INV003745,ST07,P0405,19,38,13,3785.56,2025-12-03,Updated,No
INV001329,ST03,P0144,0,43,13,0.0,2025-12-24,Updated,No
INV005193,ST10,P0204,7,16,7,1687.98,2025-12-21,Updated,No
INV001594,ST03,P0421,50,82,36,27271.0,2025-12-31,Updated,No
INV001695,ST03,P0525,10,21,8,7858.8,2025-12-23,Updated,No
INV000933,ST02,P0342,32,9,4,14577.6,2025-12-19,Updated,No
INV002281,ST04,P0587,16,34,14,4466.4,2025-12-07,Updated,No
INV001564,ST03,P0388,10,23,9,5038.4,2025-12-05,Updated,No
INV003331,ST06,P0557,5,19,7,5543.3,2025-12-21,Updated,No
INV001546,ST03,P0370,31,81,27,8781.68,2025-12-26,Updated,No
INV005725,ST11,P0174,7,17,6,1395.73,2025-12-29,Updated,No
INV005376,ST10,P0392,8,23,9,221.36,2025-12-10,Updated,No
INV003889,ST07,P0557,103,19,7,114191.98,2025-12-02,Updated,Yes
INV002361,ST05,P0074,65,94,29,5907.85,2025-12-10,Updated,No
INV002993,ST06,P0188,13,35,14,2521.61,2025-12-16,Updated,No
INV003169,ST06,P0376,24,36,13,5342.64,2025-12-17,Updated,No
INV001812,ST04,P0051,23,72,27,5187.65,2025-12-27,Updated,No
INV002548,ST05,P0287,17,38,18,5985.87,2025-12-08,Updated,No
INV004418,ST08,P0556,9,19,6,10757.61,2025-12-01,Updated,No
INV003007,ST06,P0203,15,45,16,2044.65,2025-12-03,Updated,No
INV000503,ST01,P0510,22,41,15,16657.08,2025-12-27,Updated,No
INV005806,ST11,P0270,214,40,12,12715.88,2025-12-20,Updated,Yes
INV004077,ST08,P0169,18,34,16,7061.22,2025-12-30,Updated,No
INV000980,ST02,P0389,57,72,25,5718.24,2025-12-20,Updated,No
INV006083,ST11,P0587,18,43,19,5024.7,2025-12-12,Updated,No
INV004742,ST09,P0316,9,22,10,4923.99,2025-12-30,Updated,No
INV003794,ST07,P0457,76,65,20,1802.72,2025-12-13,Updated,No
INV006400,ST12,P0318,22,39,13,1643.84,2025-12-06,Updated,No
INV003211,ST06,P0424,74,10,4,8193.28,2025-12-16,Updated,No
INV003075,ST06,P0274,9,17,8,2610.0,2025-12-09,Updated,No
INV003485,ST07,P0123,0,81,35,0.0,2025-12-04,Updated,No
INV002140,ST04,P0423,24,41,15,4908.96,2025-12-05,Updated,No
INV003622,ST07,P0270,23,37,16,1366.66,2025-12-03,Updated,No
INV003461,ST07,P0099,20,91,38,9607.6,2025-12-02,Updated,No
INV003549,ST07,P0193,0,43,17,0.0,2025-12-29,Updated,No
INV004558,ST09,P0113,34,73,22,8281.38,2025-12-10,Updated,No
INV004522,ST09,P0072,71,82,38,5906.49,2025-12-15,Updated,No
INV006603,ST12,P0535,18,39,18,15179.76,2025-12-07,Updated,No
INV001699,ST03,P0529,16,42,20,8096.8,2025-12-05,Updated,No
INV000414,ST01,P0419,27,34,12,15286.32,2025-12-29,Updated,No
INV001843,ST04,P0089,0,32,13,0.0,2025-12-15,Updated,No
INV000555,ST01,P0563,0,44,16,0.0,2025-12-21,Updated,No
INV005677,ST11,P0122,35,47,21,5782.7,2025-12-18,Updated,No
INV000125,ST01,P0127,0,86,27,0.0,2025-12-27,Updated,No
INV001237,ST03,P0048,11,41,13,457.16,2025-12-01,Updated,No
INV000260,ST01,P0264,36,64,24,16454.88,2025-12-18,Updated,No
INV000095,ST01,P0096,35,65,27,3378.9,2025-12-14,Updated,No
INV003752,ST07,P0413,78,78,33,20372.82,2025-12-27,Updated,No
INV003698,ST07,P0352,35,46,20,18690.7,2025-12-25,Updated,No
INV004434,ST08,P0574,5,19,7,8957.55,2025-12-11,Updated,No
INV003537,ST07,P0178,37,77,28,6254.11,2025-12-10,Updated,No
INV001613,ST03,P0440,81,78,28,4604.85,2025-12-18,Updated,No
INV006109,ST12,P0015,58,90,44,25462.0,2025-12-12,Updated,No
INV000628,ST02,P0037,23,34,10,9598.82,2025-12-11,Updated,No
INV003707,ST07,P0363,26,40,15,2495.22,2025-12-30,Updated,No
INV002329,ST05,P0039,44,92,44,21289.84,2025-12-17,Updated,No
INV001715,ST03,P0545,14,47,20,11657.24,2025-12-29,Updated,No
INV004856,ST09,P0441,19,39,16,830.87,2025-12-28,Updated,No
INV001583,ST03,P0409,8,47,22,2774.24,2025-12-07,Updated,No
INV002783,ST05,P0555,20,47,18,4200.0,2025-12-07,Updated,No
INV002359,ST05,P0072,24,87,30,1996.56,2025-12-24,Updated,No
INV005280,ST10,P0295,53,66,22,21219.61,2025-12-14,Updated,No
INV004335,ST08,P0464,48,89,39,3400.8,2025-12-23,Updated,No
INV004609,ST09,P0168,36,75,35,9005.04,2025-12-04,Updated,No
INV002443,ST05,P0166,9,47,14,3076.29,2025-12-31,Updated,No
INV003099,ST06,P0300,40,10,3,2896.8,2025-12-24,Updated,No
INV004363,ST08,P0497,83,17,8,16435.66,2025-12-15,Updated,No
INV003747,ST07,P0408,16,40,15,3080.32,2025-12-29,Updated,No
INV003243,ST06,P0461,24,45,20,2233.68,2025-12-19,Updated,No
INV001554,ST03,P0378,26,72,34,8413.6,2025-12-16,Updated,No
INV006384,ST12,P0301,6,23,9,374.16,2025-12-14,Updated,No
INV002127,ST04,P0408,28,37,13,5390.56,2025-12-25,Updated,No
INV001074,ST02,P0483,9,21,8,2683.8,2025-12-27,Updated,No
INV004979,ST09,P0573,7,19,5,14892.99,,Not Updated,No
INV000496,ST01,P0503,4,23,7,3904.2,2025-12-03,Updated,No
INV003815,ST07,P0479,82,19,8,23806.24,2025-12-05,Updated,No
INV004278,ST08,P0400,47,89,43,6153.71,2025-12-16,Updated,No
INV003127,ST06,P0328,5,22,7,120.6,2025-12-01,Updated,No
INV001861,ST04,P0109,61,79,31,13169.29,2025-12-08,Updated,No
INV004557,ST09,P0112,47,68,33,25823.21,2025-12-30,Updated,No
INV002497,ST05,P0228,19,41,17,9188.97,2025-12-06,Updated,No
INV003348,ST06,P0576,4,21,10,3314.64,2025-12-04,Updated,No
INV001140,ST02,P0549,36,9,2,23818.32,2025-12-01,Updated,No
INV005526,ST10,P0552,8,18,7,2141.76,2025-12-20,Updated,No
INV005856,ST11,P0328,9,19,6,217.08,2025-12-10,Updated,No
INV005179,ST10,P0189,52,95,46,4186.0,2025-12-23,Updated,No
INV005183,ST10,P0194,24,32,15,929.52,2025-12-11,Updated,No
INV006279,ST12,P0191,329,35,13,58492.91,2025-12-10,Updated,Yes
INV002696,ST05,P0451,29,33,16,2564.76,2025-12-30,Updated,No
INV000128,ST01,P0130,27,33,9,12676.77,2025-12-03,Updated,No
INV006564,ST12,P0496,16,39,17,16643.2,2025-12-24,Updated,No
INV005927,ST11,P0405,228,46,21,45426.72,2025-12-02,Updated,Yes
INV002251,ST04,P0550,275,47,18,128284.75,2025-12-05,Updated,Yes
INV005227,ST10,P0239,28,46,17,1824.48,2025-12-12,Updated,No
INV001193,ST03,P0002,16,45,14,9112.16,2025-12-11,Updated,No
INV001688,ST03,P0518,7,21,7,8163.05,2025-12-19,Updated,No
INV000829,ST02,P0238,4,19,7,327.76,2025-12-16,Updated,No
INV002134,ST04,P0416,8,17,6,1651.04,2025-12-02,Updated,No
INV000084,ST01,P0085,38,66,29,6375.26,2025-12-01,Updated,No
INV000540,ST01,P0548,3,20,7,1002.87,2025-12-08,Updated,No
INV005448,ST10,P0470,9,23,11,1278.36,2025-12-17,Updated,No
INV001746,ST03,P0580,37,11,3,12083.83,2025-12-15,Updated,No
INV003135,ST06,P0337,12,46,21,2586.48,2025-12-14,Updated,No
INV005261,ST10,P0275,4,17,6,589.2,2025-12-12,Updated,No
INV006108,ST12,P0014,46,89,34,22311.38,2025-12-29,Updated,No
INV000391,ST01,P0395,29,8,3,10092.29,2025-12-24,Updated,No
INV001270,ST03,P0083,24,75,26,1322.64,2025-12-02,Updated,No
INV003705,ST07,P0361,5,20,8,1953.15,2025-12-23,Updated,No
INV002990,ST06,P0185,81,82,37,34199.82,2025-12-19,Updated,No
INV000079,ST01,P0080,7,17,5,1066.45,2025-12-28,Updated,No
INV001801,ST04,P0040,72,79,23,16491.6,2025-12-24,Updated,No
INV002847,ST06,P0026,19,47,21,10420.74,2025-12-26,Updated,No
INV005554,ST10,P0583,20,43,13,36825.2,2025-12-01,Updated,No
INV002014,ST04,P0282,52,93,36,4127.76,2025-12-26,Updated,No
INV005008,ST10,P0002,21,34,11,11959.71,2025-12-18,Updated,No
INV001765,ST03,P0600,9,43,21,2692.62,2025-12-24,Updated,No
INV000534,ST01,P0542,11,40,15,7096.98,2025-12-28,Updated,No
INV003307,ST06,P0532,16,33,11,15762.24,2025-12-06,Updated,No
INV001209,ST03,P0018,31,43,21,4792.91,2025-12-30,Updated,No
INV004992,ST09,P0586,4,17,5,97.76,2025-12-19,Updated,No
INV002385,ST05,P0102,47,93,37,16931.75,2025-12-01,Updated,No
INV001208,ST03,P0017,53,88,40,10358.85,2025-12-12,Updated,No
INV003746,ST07,P0406,7,17,7,841.54,2025-12-30,Updated,No
INV003896,ST07,P0566,8,21,10,5530.56,2025-12-06,Updated,No
INV002676,ST05,P0428,816,75,37,90004.8,2025-12-14,Updated,Yes
INV004075,ST08,P0167,0,64,31,0.0,2025-12-15,Updated,No
INV002308,ST05,P0017,10,64,23,1954.5,2025-12-20,Updated,No
INV001865,ST04,P0113,0,85,30,0.0,2025-12-09,Updated,No
INV000638,ST02,P0047,0,34,15,0.0,,Not Updated,No
INV000481,ST01,P0488,4,18,7,1882.16,2025-12-26,Updated,No
INV006477,ST12,P0398,32,36,13,4459.52,2025-12-09,Updated,No
INV004887,ST09,P0475,7,38,14,1859.41,2025-12-17,Updated,No
INV004465,ST09,P0009,56,93,46,16052.96,2025-12-16,Updated,No
INV004760,ST09,P0336,23,41,20,1123.09,2025-12-27,Updated,No
INV003469,ST07,P0107,63,72,25,12139.47,2025-12-20,Updated,No
INV004316,ST08,P0443,14,32,12,1044.54,2025-12-17,Updated,No
INV002799,ST05,P0575,12,36,12,18479.4,2025-12-20,Updated,No
INV006329,ST12,P0243,5,17,6,1961.3,2025-12-24,Updated,No
INV004342,ST08,P0473,86,16,5,29110.14,2025-12-17,Updated,No
INV004211,ST08,P0318,21,32,11,1569.12,2025-12-31,Updated,No
INV000177,ST01,P0180,33,36,11,4360.62,2025-12-03,Updated,No
INV002633,ST05,P0381,72,16,6,6433.2,2025-12-06,Updated,No
INV000113,ST01,P0115,17,37,13,9609.42,2025-12-16,Updated,No
INV001535,ST03,P0359,8,19,7,4500.72,2025-12-13,Updated,No
INV003524,ST07,P0164,8,20,9,3021.04,2025-12-05,Updated,No
INV001833,ST04,P0076,0,32,10,0.0,2025-12-17,Updated,No
INV006042,ST11,P0540,79,9,2,54009.14,2025-12-06,Updated,No
INV004932,ST09,P0522,23,43,20,23776.94,2025-12-02,Updated,No
INV000137,ST01,P0139,19,37,11,4615.29,2025-12-06,Updated,No
INV001395,ST03,P0213,88,74,27,49603.84,2025-12-07,Updated,No
INV001229,ST03,P0040,0,90,32,0.0,2025-12-22,Updated,No
INV004149,ST08,P0250,34,10,3,11224.08,2025-12-12,Updated,No
INV002946,ST06,P0133,80,70,29,14124.0,2025-12-22,Updated,No
INV000435,ST01,P0441,28,45,16,1224.44,2025-12-06,Updated,No
INV001902,ST04,P0155,162,33,12,64910.16,2025-12-18,Updated,Yes
INV000706,ST02,P0115,20,40,14,11305.2,2025-12-04,Updated,No
INV004134,ST08,P0235,23,33,15,3653.09,2025-12-07,Updated,No
INV004812,ST09,P0394,29,73,34,1440.72,2025-12-04,Updated,No
INV002953,ST06,P0144,14,35,12,6144.46,2025-12-18,Updated,No
INV001216,ST03,P0025,67,84,27,26105.88,2025-12-21,Updated,No
INV000188,ST01,P0191,12,45,15,2133.48,2025-12-28,Updated,No
INV000201,ST01,P0205,71,82,36,3894.35,2025-12-14,Updated,No
INV003855,ST07,P0521,17,46,18,5138.42,2025-12-11,Updated,No
INV006350,ST12,P0266,67,9,3,18744.59,2025-12-13,Updated,No
INV000207,ST01,P0211,82,94,28,6117.2,2025-12-13,Updated,No
INV005399,ST10,P0418,23,37,15,2135.32,2025-12-14,Updated,No
INV006216,ST12,P0126,19,42,19,6527.07,2025-12-20,Updated,No
INV002867,ST06,P0050,52,89,36,11721.32,2025-12-25,Updated,No
INV005270,ST10,P0285,41,80,38,13422.99,2025-12-27,Updated,No
INV003992,ST08,P0073,26,88,29,1251.12,2025-12-05,Updated,No
INV002212,ST04,P0509,21,34,16,5958.54,2025-12-06,Updated,No
INV004456,ST08,P0599,22,34,12,1094.72,2025-12-10,Updated,No
INV001904,ST04,P0157,52,72,26,7062.12,2025-12-10,Updated,No
INV001306,ST03,P0119,33,69,30,12144.99,2025-12-22,Updated,No
INV002019,ST04,P0288,69,86,41,12465.54,2025-12-03,Updated,No
INV000282,ST01,P0286,7,17,6,1197.42,2025-12-25,Updated,No
INV002605,ST05,P0350,10,43,16,5461.4,2025-12-20,Updated,No
INV000273,ST01,P0277,14,37,11,7346.08,2025-12-24,Updated,No
INV000453,ST01,P0459,22,64,23,452.54,2025-12-27,Updated,No
INV001426,ST03,P0244,7,19,5,3252.41,2025-12-08,Updated,No
INV002510,ST05,P0241,7,20,6,2558.22,2025-12-20,Updated,No
INV002708,ST05,P0464,0,81,32,0.0,2025-12-08,Updated,No
INV001400,ST03,P0218,44,89,42,6610.12,2025-12-05,Updated,No
INV005706,ST11,P0154,13,16,5,4261.27,2025-12-13,Updated,No
INV001781,ST04,P0016,62,71,33,10062.6,2025-12-29,Updated,No
INV004612,ST09,P0172,12,33,10,6253.08,2025-12-22,Updated,No
INV005128,ST10,P0133,35,78,30,6179.25,2025-12-30,Updated,No
INV006173,ST12,P0081,52,81,26,5674.24,2025-12-29,Updated,No
INV002966,ST06,P0158,58,85,32,2702.22,2025-12-10,Updated,No
INV003020,ST06,P0217,38,79,36,1154.82,2025-12-18,Updated,No
INV004042,ST08,P0131,19,43,14,6201.98,2025-12-03,Updated,No
INV001552,ST03,P0376,18,47,22,4006.98,2025-12-30,Updated,No
INV001655,ST03,P0483,9,23,10,2683.8,2025-12-13,Updated,No
INV003163,ST06,P0370,65,95,35,18413.2,2025-12-25,Updated,No
INV002262,ST04,P0563,11,39,13,3432.77,2025-12-11,Updated,No
INV005658,ST11,P0099,33,83,35,15852.54,2025-12-21,Updated,No
INV004949,ST09,P0540,81,8,3,55376.46,2025-12-25,Updated,No
INV001443,ST03,P0261,41,8,2,3444.41,2025-12-02,Updated,No
INV003856,ST07,P0522,27,41,18,27912.06,2025-12-08,Updated,No
INV005075,ST10,P0077,0,42,15,0.0,2025-12-26,Updated,No
INV001276,ST03,P0089,19,39,12,3477.76,2025-12-04,Updated,No
INV002747,ST05,P0516,7,18,5,3552.57,2025-12-06,Updated,No
INV006658,ST12,P0594,6,20,9,3471.06,2025-12-18,Updated,No
INV002634,ST05,P0382,12,42,17,4959.12,2025-12-17,Updated,No
INV002774,ST05,P0546,12,34,11,2153.28,2025-12-31,Updated,No
INV004464,ST09,P0008,53,67,20,28717.52,2025-12-13,Updated,No
INV000745,ST02,P0154,106,17,6,34745.74,,Not Updated,Yes
INV006475,ST12,P0396,3,20,6,818.04,2025-12-28,Updated,No
INV002561,ST05,P0300,44,9,3,3186.48,2025-12-17,Updated,No
INV002219,ST04,P0516,85,21,9,43138.35,2025-12-31,Updated,No
INV002447,ST05,P0170,53,66,29,10111.34,2025-12-23,Updated,No
INV005129,ST10,P0134,25,47,21,13137.0,2025-12-30,Updated,No
INV004329,ST08,P0457,75,80,38,1779.0,2025-12-13,Updated,No
INV006504,ST12,P0427,45,8,2,20212.65,2025-12-24,Updated,No
INV005293,ST10,P0308,14,35,15,5545.12,2025-12-05,Updated,No
INV000929,ST02,P0338,36,9,3,10054.44,2025-12-28,Updated,No
INV002109,ST04,P0389,49,89,36,4915.68,2025-12-15,Updated,No
INV000730,ST02,P0139,28,40,13,6801.48,2025-12-09,Updated,No
INV000937,ST02,P0346,59,92,28,7847.0,2025-12-15,Updated,No
INV002624,ST05,P0371,29,85,38,3700.4,2025-12-28,Updated,No
INV002516,ST05,P0247,8,19,7,3387.44,2025-12-23,Updated,No
INV004976,ST09,P0569,54,9,2,21523.32,,Not Updated,No
INV001851,ST04,P0098,26,41,14,3604.12,2025-12-31,Updated,No
INV001599,ST03,P0426,627,8,3,62919.45,2025-12-21,Updated,Yes
INV004907,ST09,P0496,11,40,12,11442.2,2025-12-06,Updated,No
INV003727,ST07,P0385,138,20,8,38962.92,2025-12-23,Updated,Yes
INV005363,ST10,P0379,13,37,16,4528.55,2025-12-11,Updated,No
INV001643,ST03,P0470,8,18,6,1136.32,2025-12-27,Updated,No
INV002859,ST06,P0042,22,39,17,6702.3,2025-12-27,Updated,No
INV001493,ST03,P0316,6,21,9,3282.66,2025-12-29,Updated,No
INV000254,ST01,P0258,60,66,19,7593.6,2025-12-16,Updated,No
INV002450,ST05,P0174,5,18,8,996.95,2025-12-01,Updated,No
INV002071,ST04,P0349,57,81,26,7840.35,2025-12-19,Updated,No
INV004628,ST09,P0189,76,84,35,6118.0,2025-12-08,Updated,No
INV005387,ST10,P0404,21,42,20,11338.74,2025-12-07,Updated,No
INV005719,ST11,P0168,62,92,43,15508.68,2025-12-20,Updated,No
INV003233,ST06,P0448,13,42,18,749.97,2025-12-03,Updated,No
INV003714,ST07,P0371,45,67,28,5742.0,2025-12-30,Updated,No
INV006013,ST11,P0504,15,38,15,14715.0,2025-12-05,Updated,No
INV001889,ST04,P0141,24,37,17,6401.76,2025-12-12,Updated,No
INV002195,ST04,P0489,28,37,12,2182.32,2025-12-15,Updated,No
INV001296,ST03,P0109,0,89,43,0.0,2025-12-20,Updated,No
INV001625,ST03,P0452,21,42,14,1821.33,2025-12-01,Updated,No
INV002442,ST05,P0165,35,93,35,14366.45,2025-12-03,Updated,No
INV004988,ST09,P0582,4,16,7,6244.88,2025-12-09,Updated,No
INV005264,ST10,P0278,0,38,12,0.0,2025-12-27,Updated,No
INV001652,ST03,P0480,8,23,10,3823.92,2025-12-24,Updated,No
INV003188,ST06,P0398,30,47,14,4180.8,2025-12-01,Updated,No
INV003782,ST07,P0444,7,17,5,742.14,2025-12-10,Updated,No
INV005548,ST10,P0576,5,19,6,4143.3,2025-12-19,Updated,No
INV001853,ST04,P0100,18,37,14,10597.86,2025-12-10,Updated,No
INV006095,ST12,P0001,28,94,33,8527.96,2025-12-18,Updated,No
INV000240,ST01,P0244,8,23,9,3717.04,2025-12-24,Updated,No
INV005362,ST10,P0378,70,77,27,22652.0,2025-12-01,Updated,No
INV004121,ST08,P0217,32,92,30,972.48,2025-12-14,Updated,No
INV003509,ST07,P0148,31,32,12,11929.42,2025-12-04,Updated,No
INV005441,ST10,P0463,48,71,29,5465.76,2025-12-28,Updated,No
INV005975,ST11,P0458,3,19,7,291.3,2025-12-13,Updated,No
INV003144,ST06,P0346,48,92,28,6384.0,2025-12-17,Updated,No
INV005497,ST10,P0522,356,33,15,368025.68,2025-12-01,Updated,Yes
INV002978,ST06,P0171,288,47,18,162938.88,2025-12-13,Updated,Yes
INV005962,ST11,P0445,14,42,15,1173.2,2025-12-29,Updated,No
INV001368,ST03,P0184,202,37,16,16699.34,2025-12-26,Updated,Yes
INV006320,ST12,P0233,6,21,9,165.12,2025-12-22,Updated,No
INV000557,ST01,P0565,40,10,4,88988.8,2025-12-06,Updated,No
INV004872,ST09,P0458,8,21,8,776.8,2025-12-05,Updated,No
INV004132,ST08,P0233,9,16,6,247.68,2025-12-05,Updated,No
INV002428,ST05,P0150,30,68,28,2145.3,2025-12-13,Updated,No
INV003649,ST07,P0298,54,90,42,22677.3,2025-12-17,Updated,No
INV005295,ST10,P0310,91,10,4,25106.9,2025-12-17,Updated,No
INV004012,ST08,P0095,36,75,23,3083.76,2025-12-03,Updated,No
INV004679,ST09,P0248,6,20,8,1093.14,2025-12-26,Updated,No
INV000150,ST01,P0152,19,43,17,6731.89,2025-12-03,Updated,No
INV001541,ST03,P0365,7,18,7,436.38,2025-12-07,Updated,No
INV001366,ST03,P0182,39,74,36,20264.79,2025-12-02,Updated,No
INV005053,ST10,P0052,62,66,30,30220.66,2025-12-20,Updated,No
INV000252,ST01,P0256,17,40,19,7466.4,2025-12-19,Updated,No
INV005849,ST11,P0320,78,90,42,4350.84,2025-12-29,Updated,No
INV002959,ST06,P0150,293,74,33,20952.43,2025-12-26,Updated,Yes
INV006137,ST12,P0043,9,19,9,150.93,2025-12-10,Updated,No
INV003674,ST07,P0327,183,37,18,75213.0,2025-12-12,Updated,Yes
INV005617,ST11,P0053,221,41,13,115697.92,2025-12-03,Updated,Yes
INV000103,ST01,P0104,24,36,12,2226.24,2025-12-20,Updated,No
INV006351,ST12,P0267,14,39,14,7020.44,,Not Updated,No
INV002997,ST06,P0192,0,47,17,0.0,2025-12-08,Updated,No
INV001999,ST04,P0264,77,64,20,35195.16,2025-12-19,Updated,No
INV004834,ST09,P0416,7,22,7,1444.66,2025-12-17,Updated,No
INV003826,ST07,P0490,12,32,13,5370.36,2025-12-18,Updated,No
INV002321,ST05,P0030,63,87,32,5755.68,2025-12-25,Updated,No
INV004131,ST08,P0229,15,40,16,666.45,2025-12-25,Updated,No
INV000604,ST02,P0013,24,33,13,3010.56,2025-12-06,Updated,No
INV005144,ST10,P0151,55,70,24,8120.2,2025-12-15,Updated,No
INV000988,ST02,P0397,30,8,3,4417.2,2025-12-22,Updated,No
INV002086,ST04,P0366,3,20,8,1058.46,2025-12-31,Updated,No
INV005909,ST11,P0385,5,21,6,1411.7,2025-12-31,Updated,No
INV004561,ST09,P0116,23,33,15,1069.96,2025-12-02,Updated,No
INV003519,ST07,P0159,19,87,28,5254.07,2025-12-23,Updated,No
INV002174,ST04,P0464,46,80,29,3259.1,2025-12-15,Updated,No
INV004969,ST09,P0560,10,47,15,6446.1,2025-12-10,Updated,No
INV006532,ST12,P0458,10,21,9,971.0,2025-12-09,Updated,No
INV004795,ST09,P0376,28,41,20,6233.08,2025-12-17,Updated,No
INV001571,ST03,P0396,4,19,8,1090.72,2025-12-27,Updated,No
INV005114,ST10,P0118,78,68,26,14891.76,2025-12-08,Updated,No
INV003371,ST07,P0002,30,47,14,17085.3,2025-12-25,Updated,No
INV006480,ST12,P0401,17,40,16,679.83,2025-12-11,Updated,No
INV005622,ST11,P0058,95,19,9,33636.65,2025-12-04,Updated,No
INV004717,ST09,P0289,15,35,13,7686.45,2025-12-15,Updated,No
INV001258,ST03,P0070,45,72,35,8776.35,2025-12-21,Updated,No
INV002791,ST05,P0564,8,22,9,17747.28,2025-12-30,Updated,No
INV000354,ST01,P0358,140,33,13,36890.0,2025-12-12,Updated,Yes
INV005219,ST10,P0231,25,72,34,14599.75,2025-12-18,Updated,No
INV004966,ST09,P0557,5,21,9,5543.3,2025-12-30,Updated,No
INV000056,ST01,P0057,69,81,37,24875.88,2025-12-12,Updated,No
INV002493,ST05,P0224,62,64,28,28568.98,2025-12-01,Updated,No
INV000795,ST02,P0204,6,21,7,1446.84,2025-12-15,Updated,No
INV001644,ST03,P0471,34,10,4,8427.92,2025-12-04,Updated,No
INV000811,ST02,P0220,7,36,13,2362.92,2025-12-22,Updated,No
INV001971,ST04,P0232,287,71,22,159230.47,2025-12-30,Updated,Yes
INV004569,ST09,P0124,20,45,16,8252.8,2025-12-04,Updated,No
INV004361,ST08,P0495,6,21,8,6506.4,2025-12-07,Updated,No
INV006076,ST11,P0579,13,32,13,29077.1,2025-12-11,Updated,No
INV000096,ST01,P0097,22,47,21,729.08,2025-12-29,Updated,No
INV004651,ST09,P0214,27,78,34,6399.54,2025-12-10,Updated,No
INV003045,ST06,P0243,5,16,6,1961.3,2025-12-28,Updated,No
INV005271,ST10,P0286,9,23,9,1539.54,2025-12-19,Updated,No
INV006588,ST12,P0520,4,23,9,1388.64,2025-12-17,Updated,No
INV000885,ST02,P0294,49,91,43,13846.42,2025-12-08,Updated,No
INV003106,ST06,P0307,24,43,14,5867.28,2025-12-15,Updated,No
INV001566,ST03,P0391,8,16,6,2195.52,2025-12-05,Updated,No
INV004166,ST08,P0270,272,46,22,16162.24,2025-12-31,Updated,Yes
INV002228,ST04,P0525,7,22,7,5501.16,,Not Updated,No
INV004875,ST09,P0461,18,43,14,1675.26,2025-12-04,Updated,No
INV002026,ST04,P0297,27,37,14,7449.84,2025-12-17,Updated,No
INV001815,ST04,P0054,453,78,26,53476.65,2025-12-17,Updated,Yes
INV001799,ST04,P0038,21,34,11,7220.22,2025-12-31,Updated,No
INV006467,ST12,P0388,10,23,9,5038.4,2025-12-18,Updated,No
INV006483,ST12,P0404,22,40,14,11878.68,2025-12-15,Updated,No
INV001279,ST03,P0092,32,69,33,1855.04,2025-12-28,Updated,No
INV006204,ST12,P0114,10,19,7,1659.5,2025-12-02,Updated,No
INV000424,ST01,P0429,17,35,13,1927.97,2025-12-06,Updated,No
INV002315,ST05,P0024,16,46,21,524.8,2025-12-18,Updated,No
INV001496,ST03,P0319,78,74,33,29806.14,2025-12-12,Updated,No
INV006272,ST12,P0184,21,43,18,1736.07,2025-12-18,Updated,No
INV006590,ST12,P0522,23,34,16,23776.94,2025-12-03,Updated,No
INV005107,ST10,P0111,9,20,8,1048.77,2025-12-19,Updated,No
INV001744,ST03,P0576,9,19,6,7457.94,2025-12-27,Updated,No
INV000693,ST02,P0102,55,88,38,19813.75,2025-12-23,Updated,No
INV002545,ST05,P0284,35,44,15,19365.85,2025-12-21,Updated,No
INV003350,ST06,P0578,13,44,16,14670.5,2025-12-01,Updated,No
INV003148,ST06,P0350,24,42,14,13107.36,2025-12-11,Updated,No
INV003019,ST06,P0216,10,38,15,3657.3,2025-12-05,Updated,No
INV001128,ST02,P0537,44,10,4,32879.88,2025-12-29,Updated,No
INV003375,ST07,P0006,23,81,38,11999.79,2025-12-13,Updated,No
INV000567,ST01,P0575,24,36,13,36958.8,2025-12-26,Updated,No
INV006413,ST12,P0332,8,18,7,3838.8,2025-12-27,Updated,No
INV005796,ST11,P0258,0,78,24,0.0,2025-12-13,Updated,No
INV002654,ST05,P0406,5,19,6,601.1,2025-12-31,Updated,No
INV002923,ST06,P0108,0,75,34,0.0,2025-12-11,Updated,No
INV003609,ST07,P0255,76,11,4,43242.48,2025-12-25,Updated,No
INV000164,ST01,P0167,76,76,30,24855.04,2025-12-02,Updated,No
INV001675,ST03,P0503,9,22,7,8784.45,2025-12-09,Updated,No
INV004886,ST09,P0473,7,23,9,2369.43,2025-12-25,Updated,No
INV002753,ST05,P0522,14,42,13,14472.92,2025-12-22,Updated,No
INV002350,ST05,P0063,27,85,26,5421.87,2025-12-24,Updated,No
INV004770,ST09,P0347,32,46,18,638.4,2025-12-23,Updated,No
INV003644,ST07,P0293,15,37,17,8085.45,2025-12-10,Updated,No
INV000169,ST01,P0172,17,44,18,8858.53,2025-12-15,Updated,No
INV003388,ST07,P0022,16,36,12,2466.4,2025-12-21,Updated,No
INV003296,ST06,P0519,9,22,8,9756.54,2025-12-13,Updated,No
INV001070,ST02,P0479,6,19,7,1741.92,2025-12-27,Updated,No
INV004496,ST09,P0043,4,16,7,67.08,2025-12-16,Updated,No
INV002508,ST05,P0239,34,47,19,2215.44,2025-12-21,Updated,No
INV001714,ST03,P0544,8,22,7,3346.48,2025-12-09,Updated,No
INV001341,ST03,P0156,68,86,40,14193.64,2025-12-15,Updated,No
INV003772,ST07,P0434,68,88,39,7365.76,2025-12-14,Updated,No
INV006025,ST11,P0519,3,16,6,3252.18,2025-12-20,Updated,No
INV004572,ST09,P0128,32,44,16,3270.72,2025-12-25,Updated,No
INV003587,ST07,P0231,38,89,34,22191.62,2025-12-01,Updated,No
INV003154,ST06,P0359,7,23,11,3938.13,2025-12-01,Updated,No
INV001927,ST04,P0183,39,95,32,2700.75,2025-12-24,Updated,No
INV003741,ST07,P0401,24,37,16,959.76,2025-12-13,Updated,No
INV005649,ST11,P0090,7,16,6,174.37,2025-12-07,Updated,No
INV000146,ST01,P0148,14,34,12,5387.48,2025-12-07,Updated,No
INV004367,ST08,P0502,13,33,13,2226.25,,Not Updated,No
INV004995,ST09,P0589,7,18,7,2330.58,2025-12-10,Updated,No
INV000996,ST02,P0405,18,39,16,3586.32,2025-12-12,Updated,No
INV002398,ST05,P0117,73,71,23,1029.3,2025-12-29,Updated,No
INV002077,ST04,P0357,8,16,7,1329.44,2025-12-20,Updated,No
INV001317,ST03,P0132,47,91,44,10161.4,2025-12-27,Updated,No
INV002506,ST05,P0237,6,20,9,569.22,2025-12-31,Updated,No
INV000643,ST02,P0052,44,81,28,21446.92,2025-12-20,Updated,No
INV001374,ST03,P0191,8,42,19,1422.32,2025-12-12,Updated,No
INV005771,ST11,P0230,7,22,8,2640.82,2025-12-21,Updated,No
INV002944,ST06,P0131,173,39,18,56470.66,2025-12-24,Updated,Yes
INV003639,ST07,P0288,44,83,34,7949.04,2025-12-07,Updated,No
INV000587,ST01,P0596,24,44,21,5552.4,2025-12-02,Updated,No
INV000206,ST01,P0210,10,42,14,1002.5,2025-12-28,Updated,No
INV000484,ST01,P0491,9,22,9,6413.22,2025-12-23,Updated,No
INV000656,ST02,P0065,38,94,38,2369.68,2025-12-11,Updated,No
INV003893,ST07,P0563,15,44,20,4681.05,2025-12-08,Updated,No
INV004297,ST08,P0420,4,18,7,1145.84,,Not Updated,No
INV000127,ST01,P0129,18,46,22,3238.92,2025-12-29,Updated,No
INV003801,ST07,P0464,65,93,38,4605.25,2025-12-23,Updated,No
INV001960,ST04,P0218,65,85,40,9764.95,2025-12-01,Updated,No
INV006663,ST12,P0600,26,38,17,7778.68,2025-12-02,Updated,No
INV000866,ST02,P0275,9,17,6,1325.7,2025-12-05,Updated,No
INV003030,ST06,P0227,24,38,13,6160.56,2025-12-29,Updated,No
INV000126,ST01,P0128,6,33,11,613.26,2025-12-31,Updated,No
INV002587,ST05,P0329,22,39,16,1280.4,2025-12-21,Updated,No
INV003459,ST07,P0097,13,45,14,430.82,2025-12-03,Updated,No
INV006646,ST12,P0581,3,20,8,6105.78,2025-12-25,Updated,No
INV002899,ST06,P0082,32,44,14,1322.56,2025-12-20,Updated,No
INV000591,ST01,P0600,0,39,15,0.0,2025-12-22,Updated,No
INV003858,ST07,P0524,46,10,3,24886.0,2025-12-07,Updated,No
INV000111,ST01,P0113,56,75,23,13639.92,2025-12-12,Updated,No
INV001602,ST03,P0429,31,41,17,3515.71,2025-12-21,Updated,No
INV002637,ST05,P0385,101,17,8,28516.34,2025-12-15,Updated,Yes
INV004095,ST08,P0190,190,43,14,44404.9,2025-12-30,Updated,Yes
INV001282,ST03,P0095,297,74,36,25441.02,2025-12-15,Updated,Yes
INV002307,ST05,P0015,632,83,28,277448.0,2025-12-08,Updated,Yes
INV005142,ST10,P0149,34,77,30,8141.3,2025-12-09,Updated,No
INV000104,ST01,P0105,16,39,14,6053.6,2025-12-27,Updated,No
INV005528,ST10,P0554,54,11,4,62575.2,2025-12-21,Updated,No
INV001318,ST03,P0133,33,70,29,5826.15,2025-12-11,Updated,No
INV004390,ST08,P0527,6,20,6,6047.28,2025-12-14,Updated,No
INV005545,ST10,P0573,5,18,5,10637.85,2025-12-23,Updated,No
INV004596,ST09,P0152,15,44,18,5314.65,2025-12-04,Updated,No
INV003681,ST07,P0335,18,33,12,683.1,2025-12-29,Updated,No
INV002688,ST05,P0443,24,32,10,1790.64,2025-12-02,Updated,No
INV006593,ST12,P0525,8,18,7,6287.04,2025-12-01,Updated,No
INV000485,ST01,P0492,6,17,5,4551.72,2025-12-03,Updated,No
INV002655,ST05,P0407,121,23,8,57128.94,2025-12-21,Updated,Yes
INV003532,ST07,P0172,13,39,13,6774.17,2025-12-23,Updated,No
INV002540,ST05,P0278,190,33,13,70395.0,2025-12-07,Updated,Yes
INV003126,ST06,P0327,161,36,11,66171.0,2025-12-21,Updated,Yes
INV003734,ST07,P0392,7,20,9,193.69,2025-12-11,Updated,No
INV003957,ST08,P0032,25,42,16,4533.75,2025-12-12,Updated,No
INV002224,ST04,P0521,30,44,21,9067.8,2025-12-08,Updated,No
INV004564,ST09,P0119,41,81,32,15089.23,2025-12-16,Updated,No
INV003118,ST06,P0319,48,85,26,18342.24,2025-12-25,Updated,No
INV002536,ST05,P0272,111,16,7,53221.17,2025-12-24,Updated,Yes
INV005917,ST11,P0393,16,33,10,8532.32,,Not Updated,No
INV005110,ST10,P0114,7,21,7,1161.65,2025-12-24,Updated,No
INV005912,ST11,P0388,6,19,7,3023.04,2025-12-17,Updated,No
INV006352,ST12,P0268,27,34,15,7287.03,2025-12-02,Updated,No
INV000727,ST02,P0136,74,69,26,38548.82,2025-12-17,Updated,No
INV003670,ST07,P0322,65,10,4,31117.45,2025-12-30,Updated,No
INV005356,ST10,P0372,453,42,19,137286.18,2025-12-11,Updated,Yes
INV005432,ST10,P0454,59,80,38,6867.6,2025-12-23,Updated,No
INV006227,ST12,P0137,41,94,37,15722.27,2025-12-20,Updated,No
INV000776,ST02,P0185,38,78,38,16044.36,2025-12-09,Updated,No
INV004116,ST08,P0212,70,72,25,1932.7,2025-12-06,Updated,No
INV005327,ST10,P0343,10,45,17,4609.7,2025-12-15,Updated,No
INV002432,ST05,P0154,4,16,5,1311.16,2025-12-02,Updated,No
INV004443,ST08,P0585,48,8,2,9859.68,2025-12-17,Updated,No
INV001725,ST03,P0555,21,42,17,4410.0,2025-12-23,Updated,No
INV002718,ST05,P0479,6,23,9,1741.92,2025-12-08,Updated,No
INV004923,ST09,P0513,9,17,7,4180.23,2025-12-23,Updated,No
INV000073,ST01,P0074,36,89,26,3272.04,2025-12-22,Updated,No
INV002309,ST05,P0018,18,45,18,2782.98,2025-12-13,Updated,No
INV001680,ST03,P0509,26,45,20,7377.24,2025-12-31,Updated,No
INV001645,ST03,P0472,57,8,3,4569.12,2025-12-13,Updated,No
INV002811,ST05,P0587,16,45,17,4466.4,2025-12-23,Updated,No
INV003090,ST06,P0289,10,45,15,5124.3,2025-12-06,Updated,No
INV003861,ST07,P0527,9,23,10,9070.92,2025-12-18,Updated,No
INV006573,ST12,P0505,189,35,14,36694.35,2025-12-02,Updated,Yes
INV002707,ST05,P0463,42,81,31,4782.54,2025-12-11,Updated,No
INV000042,ST01,P0043,7,18,6,117.39,2025-12-11,Updated,No
INV003975,ST08,P0053,16,43,13,8376.32,2025-12-14,Updated,No
INV001420,ST03,P0238,6,21,8,491.64,2025-12-09,Updated,No
INV004347,ST08,P0481,244,39,12,88206.0,2025-12-18,Updated,Yes
INV000848,ST02,P0257,22,45,20,5034.48,2025-12-14,Updated,No
INV006008,ST11,P0498,4,16,6,3131.56,2025-12-16,Updated,No
INV001539,ST03,P0363,150,39,12,14395.5,2025-12-31,Updated,Yes
INV000923,ST02,P0332,7,19,7,3358.95,2025-12-07,Updated,No
INV000585,ST01,P0594,4,16,7,2314.04,2025-12-04,Updated,No
INV006382,ST12,P0299,7,21,7,1612.45,2025-12-21,Updated,No
INV003281,ST06,P0504,11,35,15,10791.0,2025-12-23,Updated,No
INV001319,ST03,P0134,28,40,18,14713.44,2025-12-18,Updated,No
INV001357,ST03,P0173,22,46,14,5776.1,2025-12-05,Updated,No
INV006356,ST12,P0272,8,22,9,3835.76,2025-12-16,Updated,No
INV004197,ST08,P0304,19,40,12,9900.71,2025-12-16,Updated,No
INV006078,ST11,P0581,4,18,7,8141.04,2025-12-21,Updated,No
INV003498,ST07,P0136,31,94,36,16148.83,2025-12-15,Updated,No
INV001857,ST04,P0104,18,32,13,1669.68,2025-12-07,Updated,No
INV005378,ST10,P0395,49,9,3,17052.49,2025-12-16,Updated,No
INV000856,ST02,P0265,21,86,26,2692.62,2025-12-07,Updated,No
INV005367,ST10,P0383,69,93,41,38813.19,2025-12-24,Updated,No
INV005405,ST10,P0424,56,11,5,6200.32,2025-12-15,Updated,No
INV006071,ST11,P0573,5,19,7,10637.85,2025-12-28,Updated,No
INV001043,ST02,P0452,9,33,11,780.57,2025-12-24,Updated,No
INV005236,ST10,P0248,4,23,9,728.76,,Not Updated,No
INV001093,ST02,P0502,22,46,13,3767.5,2025-12-19,Updated,No
INV001381,ST03,P0198,7,17,7,337.05,2025-12-19,Updated,No
INV000025,ST01,P0026,12,32,14,6581.52,2025-12-30,Updated,No
INV006235,ST12,P0145,43,69,24,14053.26,2025-12-22,Updated,No
INV002229,ST04,P0526,19,40,15,11336.73,2025-12-12,Updated,No
INV002679,ST05,P0431,0,76,28,0.0,2025-12-18,Updated,No
INV001561,ST03,P0385,8,16,7,2258.72,2025-12-05,Updated,No
INV002282,ST04,P0588,9,22,9,1735.56,2025-12-23,Updated,No
INV006402,ST12,P0320,38,64,26,2119.64,2025-12-07,Updated,No
INV000186,ST01,P0189,73,79,30,5876.5,2025-12-09,Updated,No
INV000493,ST01,P0500,18,47,19,6195.06,2025-12-23,Updated,No
INV006549,ST12,P0478,16,37,16,6285.6,2025-12-20,Updated,No
INV002748,ST05,P0517,44,10,4,14811.28,2025-12-28,Updated,No
INV004489,ST09,P0033,41,75,31,12949.44,2025-12-09,Updated,No
INV002391,ST05,P0109,34,81,31,7340.26,2025-12-09,Updated,No
INV004771,ST09,P0348,15,42,17,8112.3,2025-12-20,Updated,No
INV001035,ST02,P0444,9,16,6,954.18,2025-12-17,Updated,No
INV003836,ST07,P0500,15,39,14,5162.55,2025-12-25,Updated,No
INV001924,ST04,P0180,13,42,15,1717.82,2025-12-07,Updated,No
INV006455,ST12,P0375,14,40,18,5733.98,2025-12-14,Updated,No
INV002645,ST05,P0396,9,21,8,2454.12,2025-12-20,Updated,No
INV000919,ST02,P0328,7,16,7,168.84,2025-12-11,Updated,No
INV005785,ST11,P0246,19,41,19,4770.9,2025-12-08,Updated,No
INV006178,ST12,P0086,60,87,38,6337.2,2025-12-14,Updated,No
INV004803,ST09,P0384,321,88,33,51825.45,2025-12-12,Updated,Yes
INV003877,ST07,P0544,73,20,6,30536.63,2025-12-16,Updated,No
INV003291,ST06,P0514,19,34,14,8618.02,2025-12-07,Updated,No
INV002793,ST05,P0568,6,32,12,11691.42,2025-12-16,Updated,No
INV003859,ST07,P0525,6,17,6,4715.28,2025-12-11,Updated,No
INV001338,ST03,P0153,50,87,32,17561.0,2025-12-01,Updated,No
INV002775,ST05,P0547,5,19,8,1001.95,2025-12-24,Updated,No
INV004838,ST09,P0420,5,20,6,1432.3,2025-12-30,Updated,No
INV004389,ST08,P0526,23,43,17,13723.41,2025-12-15,Updated,No
INV000359,ST01,P0363,27,38,18,2591.19,2025-12-31,Updated,No
INV003491,ST07,P0129,18,41,15,3238.92,2025-12-03,Updated,No
INV001847,ST04,P0094,9,37,15,1718.1,2025-12-11,Updated,No
INV002079,ST04,P0359,6,20,8,3375.54,2025-12-05,Updated,No
INV005969,ST11,P0452,14,37,13,1214.22,2025-12-26,Updated,No
INV003460,ST07,P0098,248,45,16,34377.76,2025-12-28,Updated,Yes
INV005231,ST10,P0243,6,19,6,2353.56,2025-12-21,Updated,No
INV001873,ST04,P0123,72,84,27,9353.52,2025-12-05,Updated,No
INV006040,ST11,P0538,60,11,4,62651.4,2025-12-06,Updated,No
INV004556,ST09,P0111,9,19,6,1048.77,2025-12-28,Updated,No
INV003502,ST07,P0140,6,21,7,2920.44,2025-12-27,Updated,No
INV005573,ST11,P0003,274,42,12,47245.82,2025-12-12,Updated,Yes
INV004825,ST09,P0407,3,18,7,1416.42,2025-12-21,Updated,No
INV005585,ST11,P0016,31,95,39,5031.3,2025-12-28,Updated,No
INV001534,ST03,P0358,30,42,20,7905.0,2025-12-21,Updated,No
INV006472,ST12,P0393,34,42,14,18131.18,2025-12-04,Updated,No
INV001772,ST04,P0007,23,38,15,12388.03,2025-12-30,Updated,No
INV005048,ST10,P0047,16,40,19,911.36,2025-12-12,Updated,No
INV000670,ST02,P0079,84,94,41,15117.48,2025-12-03,Updated,No
INV000707,ST02,P0116,21,41,16,976.92,2025-12-02,Updated,No
INV000153,ST01,P0156,36,66,31,7514.28,2025-12-12,Updated,No
INV000999,ST02,P0408,27,34,16,5198.04,2025-12-27,Updated,No
INV000122,ST01,P0124,18,41,14,7427.52,2025-12-20,Updated,No
INV000418,ST01,P0423,0,40,13,0.0,2025-12-23,Updated,No
INV002445,ST05,P0168,39,77,37,9755.46,2025-12-23,Updated,No
INV002257,ST04,P0556,9,23,8,10757.61,2025-12-16,Updated,No
INV002480,ST05,P0211,360,80,26,26856.0,2025-12-07,Updated,Yes
INV002722,ST05,P0485,7,17,7,3929.38,2025-12-19,Updated,No
INV005072,ST10,P0073,75,86,34,3609.0,2025-12-12,Updated,No
INV003696,ST07,P0350,0,38,15,0.0,2025-12-12,Updated,No
INV000990,ST02,P0399,14,43,15,6664.42,2025-12-05,Updated,No
INV000565,ST01,P0573,11,22,10,23403.27,2025-12-29,Updated,No
INV001989,ST04,P0251,18,33,15,6917.94,2025-12-04,Updated,No
INV004508,ST09,P0057,69,85,27,24875.88,2025-12-17,Updated,No
INV004386,ST08,P0523,20,42,16,5287.8,2025-12-04,Updated,No
INV003367,ST06,P0598,26,41,14,4999.54,2025-12-21,Updated,No
INV000870,ST02,P0279,44,85,35,26291.32,2025-12-14,Updated,No
INV005340,ST10,P0356,72,90,43,34980.48,2025-12-14,Updated,No
INV003697,ST07,P0351,20,43,13,5075.0,2025-12-07,Updated,No
INV003754,ST07,P0415,0,32,9,0.0,2025-12-05,Updated,No
INV000536,ST01,P0544,6,22,7,2509.86,2025-12-26,Updated,No
INV005763,ST11,P0220,118,35,10,39832.08,2025-12-26,Updated,Yes
INV006615,ST12,P0549,69,9,3,45651.78,2025-12-27,Updated,No
INV004746,ST09,P0320,35,88,32,1952.3,2025-12-12,Updated,No
INV000267,ST01,P0271,18,43,13,2610.0,2025-12-29,Updated,No
INV000900,ST02,P0309,12,47,18,4060.8,2025-12-31,Updated,No
INV003213,ST06,P0426,62,11,4,6221.7,,Not Updated,No
INV006449,ST12,P0369,22,47,22,5733.42,2025-12-19,Updated,No
INV001442,ST03,P0260,0,36,12,0.0,2025-12-20,Updated,No
INV001979,ST04,P0241,10,20,9,3654.6,2025-12-30,Updated,No
INV002485,ST05,P0216,24,35,15,8777.52,2025-12-24,Updated,No
INV004271,ST08,P0390,15,35,14,7022.85,2025-12-25,Updated,No
INV004172,ST08,P0277,27,33,14,14167.44,2025-12-02,Updated,No
INV000284,ST01,P0288,351,64,24,63411.66,,Not Updated,Yes
INV005229,ST10,P0241,5,22,6,1827.3,2025-12-15,Updated,No
INV002958,ST06,P0149,592,80,37,141754.4,2025-12-09,Updated,Yes
INV005232,ST10,P0244,7,19,9,3252.41,2025-12-09,Updated,No
INV000780,ST02,P0189,45,68,28,3622.5,2025-12-11,Updated,No
INV004657,ST09,P0222,9,17,7,4956.57,2025-12-24,Updated,No
INV005306,ST10,P0321,214,33,12,52748.86,2025-12-31,Updated,Yes
INV001060,ST02,P0469,46,73,26,4416.92,2025-12-27,Updated,No
INV000471,ST01,P0478,12,39,13,4714.2,2025-12-10,Updated,No
INV003766,ST07,P0427,68,8,3,30543.56,2025-12-09,Updated,No
INV000365,ST01,P0369,244,47,22,63588.84,2025-12-20,Updated,Yes
INV003899,ST07,P0569,46,11,5,18334.68,2025-12-01,Updated,No
INV001253,ST03,P0064,189,34,11,20069.91,2025-12-09,Updated,Yes
INV004996,ST09,P0590,19,42,17,7267.69,2025-12-10,Updated,No
INV000514,ST01,P0522,15,42,13,15506.7,2025-12-07,Updated,No
INV004307,ST08,P0433,20,46,19,2343.6,2025-12-12,Updated,No
INV004960,ST09,P0551,19,47,21,10829.81,2025-12-26,Updated,No
INV002609,ST05,P0355,0,35,14,0.0,2025-12-24,Updated,No
INV005683,ST11,P0128,22,42,18,2248.62,2025-12-12,Updated,No
INV005815,ST11,P0279,45,85,31,26888.85,2025-12-01,Updated,No
INV004481,ST09,P0025,71,80,25,27664.44,2025-12-03,Updated,No
INV004303,ST08,P0428,0,80,33,0.0,2025-12-21,Updated,No
INV004372,ST08,P0507,16,34,14,15291.04,2025-12-02,Updated,No
INV003283,ST06,P0506,24,44,21,4753.68,2025-12-16,Updated,No
INV005878,ST11,P0352,28,42,17,14952.56,2025-12-18,Updated,No
INV004634,ST09,P0195,18,46,14,1202.22,2025-12-30,Updated,No
INV003335,ST06,P0561,18,37,14,31185.72,2025-12-09,Updated,No
INV004747,ST09,P0321,25,37,12,6162.25,2025-12-29,Updated,No
INV006243,ST12,P0153,47,78,36,16507.34,2025-12-24,Updated,No
INV001302,ST03,P0115,21,43,19,11870.46,2025-12-09,Updated,No
INV001125,ST02,P0534,48,8,3,24478.08,2025-12-14,Updated,No
INV002980,ST06,P0173,16,47,19,4200.8,2025-12-23,Updated,No
INV003886,ST07,P0553,21,33,12,11481.54,2025-12-03,Updated,No
INV004975,ST09,P0568,26,39,16,50662.82,2025-12-17,Updated,No
INV003286,ST06,P0509,20,46,14,5674.8,2025-12-27,Updated,No
INV002560,ST05,P0299,6,18,6,1382.1,2025-12-05,Updated,No
INV002355,ST05,P0068,71,84,32,16815.64,2025-12-19,Updated,No
INV006577,ST12,P0509,194,43,14,55045.56,2025-12-18,Updated,Yes
INV004922,ST09,P0512,9,35,16,2812.41,2025-12-25,Updated,No
INV001148,ST02,P0557,8,21,6,8869.28,2025-12-20,Updated,No
INV002814,ST05,P0590,24,39,16,9180.24,2025-12-16,Updated,No
INV004296,ST08,P0419,9,42,19,5095.44,2025-12-14,Updated,No
INV004344,ST08,P0477,23,33,15,3508.42,2025-12-18,Updated,No
INV001694,ST03,P0524,85,11,4,45985.0,2025-12-16,Updated,No
INV001863,ST04,P0111,5,21,9,582.65,2025-12-08,Updated,No
INV006118,ST12,P0024,32,35,12,1049.6,2025-12-05,Updated,No
INV004375,ST08,P0510,29,33,11,21957.06,2025-12-29,Updated,No
INV002295,ST05,P0002,11,35,14,6264.61,2025-12-22,Updated,No
INV000014,ST01,P0015,46,82,25,20194.0,2025-12-10,Updated,No
INV000735,ST02,P0144,183,36,16,80316.87,2025-12-21,Updated,Yes
INV002834,ST06,P0012,83,88,38,5199.95,2025-12-09,Updated,No
INV003773,ST07,P0435,367,37,13,37878.07,2025-12-31,Updated,Yes
INV002386,ST05,P0103,15,38,16,8306.4,2025-12-13,Updated,No
INV001598,ST03,P0425,5,17,8,2357.05,2025-12-27,Updated,No
INV003580,ST07,P0224,0,89,39,0.0,2025-12-13,Updated,No
INV002863,ST06,P0046,9,38,12,4158.72,2025-12-06,Updated,No
INV001782,ST04,P0017,53,90,33,10358.85,2025-12-31,Updated,No
INV002773,ST05,P0545,260,38,15,216491.6,2025-12-21,Updated,Yes
INV000784,ST02,P0193,19,42,18,3891.2,2025-12-23,Updated,No
INV005805,ST11,P0269,9,32,10,4121.64,,Not Updated,No
INV006133,ST12,P0039,22,75,33,10644.92,2025-12-02,Updated,No
INV005124,ST10,P0129,9,32,11,1619.46,2025-12-02,Updated,No
INV001364,ST03,P0180,0,37,11,0.0,2025-12-17,Updated,No
INV004027,ST08,P0110,24,43,21,5168.88,2025-12-25,Updated,No
INV004120,ST08,P0216,25,42,17,9143.25,2025-12-26,Updated,No
INV003448,ST07,P0086,42,95,30,4436.04,2025-12-04,Updated,No
INV000107,ST01,P0109,45,87,35,9715.05,2025-12-27,Updated,No
INV001391,ST03,P0209,21,38,11,1325.94,2025-12-02,Updated,No
INV002979,ST06,P0172,19,42,17,9900.71,2025-12-23,Updated,No
INV003228,ST06,P0442,69,70,32,4300.08,2025-12-26,Updated,No
INV001629,ST03,P0456,26,45,22,1427.92,2025-12-06,Updated,No
INV000882,ST02,P0291,18,38,16,9913.68,2025-12-20,Updated,No
INV001950,ST04,P0208,42,83,29,3395.7,2025-12-03,Updated,No
INV001172,ST02,P0581,7,18,5,14246.82,2025-12-28,Updated,No
INV001952,ST04,P0210,17,47,16,1704.25,2025-12-13,Updated,No
INV006160,ST12,P0068,46,89,38,10894.64,2025-12-24,Updated,No
INV005467,ST10,P0490,26,45,21,11635.78,2025-12-24,Updated,No
INV000895,ST02,P0304,13,37,17,6774.17,2025-12-22,Updated,No
INV006000,ST11,P0490,0,38,18,0.0,2025-12-10,Updated,No
INV004839,ST09,P0421,70,82,40,38179.4,2025-12-13,Updated,No
INV004732,ST09,P0304,14,46,17,7295.26,2025-12-08,Updated,No
INV001256,ST03,P0068,76,94,40,17999.84,2025-12-10,Updated,No
INV002856,ST06,P0038,22,47,15,7564.04,2025-12-09,Updated,No
INV003880,ST07,P0547,9,22,9,1803.51,2025-12-06,Updated,No
INV005326,ST10,P0341,24,8,3,12968.88,2025-12-28,Updated,No
INV000958,ST02,P0367,14,47,17,4507.44,2025-12-14,Updated,No
INV001965,ST04,P0225,13,47,19,5398.64,2025-12-09,Updated,No
INV000251,ST01,P0255,30,9,3,17069.4,2025-12-20,Updated,No
INV002336,ST05,P0046,18,34,12,8317.44,2025-12-02,Updated,No
INV000688,ST02,P0097,12,41,15,397.68,2025-12-10,Updated,No
INV002455,ST05,P0180,16,38,18,2114.24,2025-12-15,Updated,No
INV002083,ST04,P0363,13,34,12,1247.61,2025-12-07,Updated,No
INV004643,ST09,P0206,7,17,7,607.6,2025-12-12,Updated,No
INV002872,ST06,P0055,31,95,29,9494.37,2025-12-21,Updated,No
INV006418,ST12,P0337,27,37,16,5819.58,2025-12-15,Updated,No
INV002805,ST05,P0581,8,23,7,16282.08,2025-12-04,Updated,No
INV005436,ST10,P0458,6,18,7,582.6,2025-12-15,Updated,No
INV003374,ST07,P0005,69,79,23,20378.46,2025-12-24,Updated,No
INV002827,ST06,P0005,35,64,28,10336.9,2025-12-03,Updated,No
INV004725,ST09,P0297,14,45,20,3862.88,2025-12-15,Updated,No
INV002666,ST05,P0418,149,41,20,13833.16,2025-12-28,Updated,Yes
INV002661,ST05,P0413,63,91,33,16454.97,2025-12-25,Updated,No
INV001834,ST04,P0077,26,45,13,4190.42,,Not Updated,No
INV004513,ST09,P0062,18,37,17,406.98,2025-12-17,Updated,No
INV005256,ST10,P0270,11,34,10,653.62,2025-12-12,Updated,No
INV003046,ST06,P0244,11,21,10,5110.93,2025-12-03,Updated,No
INV002198,ST04,P0492,3,18,6,2275.86,2025-12-08,Updated,No
INV006601,ST12,P0533,20,44,15,21330.0,2025-12-10,Updated,No
INV001606,ST03,P0433,26,47,20,3046.68,2025-12-24,Updated,No
INV005211,ST10,P0222,7,23,7,3855.11,2025-12-17,Updated,No
INV006627,ST12,P0561,0,32,14,0.0,2025-12-27,Updated,No
INV002955,ST06,P0146,20,41,13,9011.2,2025-12-26,Updated,No
INV000903,ST02,P0312,218,33,10,56806.44,2025-12-06,Updated,Yes
INV005970,ST11,P0453,29,74,22,1045.16,2025-12-16,Updated,No
INV002754,ST05,P0523,31,35,12,8196.09,2025-12-01,Updated,No
INV006152,ST12,P0059,22,86,35,10600.04,2025-12-06,Updated,No
INV003062,ST06,P0260,22,45,21,2446.18,2025-12-18,Updated,No
INV005176,ST10,P0186,16,32,12,3407.36,2025-12-14,Updated,No
INV003368,ST06,P0599,19,39,17,945.44,2025-12-29,Updated,No
INV002505,ST05,P0236,11,23,10,3685.66,2025-12-07,Updated,No
INV006278,ST12,P0190,25,44,16,5842.75,2025-12-01,Updated,No
INV003423,ST07,P0059,66,79,25,31800.12,2025-12-04,Updated,No
INV005499,ST10,P0524,69,9,2,37329.0,2025-12-04,Updated,No
INV000217,ST01,P0221,21,42,17,419.58,2025-12-29,Updated,No
INV004287,ST08,P0409,14,33,10,4854.92,2025-12-22,Updated,No
INV000162,ST01,P0165,16,72,24,6567.52,2025-12-04,Updated,No
INV002168,ST04,P0458,6,20,7,582.6,2025-12-26,Updated,No
INV004831,ST09,P0413,30,74,35,7835.7,2025-12-30,Updated,No
INV003103,ST06,P0304,29,45,16,15111.61,2025-12-31,Updated,No
INV002682,ST05,P0436,0,77,37,0.0,2025-12-12,Updated,No
INV001456,ST03,P0274,8,20,7,2320.0,2025-12-23,Updated,No
INV002705,ST05,P0460,24,36,12,2824.32,2025-12-11,Updated,No
INV003704,ST07,P0360,6,19,7,118.02,2025-12-08,Updated,No
INV001236,ST03,P0047,31,47,22,1765.76,2025-12-10,Updated,No
INV003024,ST06,P0221,22,35,12,439.56,2025-12-30,Updated,No
INV002416,ST05,P0138,580,69,27,17121.6,2025-12-04,Updated,Yes
INV004980,ST09,P0574,9,20,7,16123.59,2025-12-03,Updated,No
INV000227,ST01,P0231,49,64,25,28615.51,2025-12-11,Updated,No
INV004017,ST08,P0100,15,44,15,8831.55,2025-12-27,Updated,No
INV001671,ST03,P0499,23,33,15,8141.31,2025-12-23,Updated,No
INV003924,ST07,P0594,8,19,7,4628.08,2025-12-17,Updated,No
INV002117,ST04,P0398,21,46,18,2926.56,2025-12-04,Updated,No
INV004841,ST09,P0424,28,8,2,3100.16,,Not Updated,No
INV000238,ST01,P0242,21,37,14,7598.01,2025-12-20,Updated,No
INV003556,ST07,P0200,39,78,25,2873.91,2025-12-26,Updated,No
INV001668,ST03,P0496,20,38,15,20804.0,2025-12-06,Updated,No
INV002533,ST05,P0268,24,40,12,6477.36,2025-12-08,Updated,No
INV002815,ST05,P0591,7,23,11,1133.44,2025-12-18,Updated,No
INV004362,ST08,P0496,10,47,19,10402.0,2025-12-19,Updated,No
INV001408,ST03,P0226,5,23,7,2646.65,2025-12-11,Updated,No
INV001049,ST02,P0458,117,20,9,11360.7,2025-12-29,Updated,Yes
INV000350,ST01,P0354,10,44,15,3627.3,2025-12-19,Updated,No
INV006163,ST12,P0071,54,70,29,10050.48,2025-12-10,Updated,No
INV003726,ST07,P0383,39,93,35,21937.89,2025-12-11,Updated,No
INV001959,ST04,P0217,49,70,27,1489.11,2025-12-25,Updated,No
INV003218,ST06,P0432,8,21,8,864.88,2025-12-14,Updated,No
INV000716,ST02,P0125,46,86,33,14483.1,2025-12-13,Updated,No
INV005116,ST10,P0120,58,89,27,8128.12,2025-12-31,Updated,No
INV006531,ST12,P0457,67,92,30,1589.24,2025-12-01,Updated,No
INV005198,ST10,P0209,11,42,17,694.54,2025-12-05,Updated,No
INV000917,ST02,P0326,28,36,11,8017.8,2025-12-06,Updated,No
INV003033,ST06,P0231,23,73,22,13431.77,2025-12-04,Updated,No
INV003759,ST07,P0420,6,19,6,1718.76,2025-12-10,Updated,No
INV004871,ST09,P0457,82,89,31,1945.04,2025-12-17,Updated,No
INV001477,ST03,P0299,9,21,8,2073.15,2025-12-27,Updated,No
INV001657,ST03,P0485,136,23,8,76342.24,2025-12-30,Updated,Yes
INV003955,ST08,P0029,13,35,15,6301.49,2025-12-05,Updated,No
INV004011,ST08,P0094,19,46,17,3627.1,2025-12-25,Updated,No
INV003398,ST07,P0033,54,70,28,17055.36,2025-12-03,Updated,No
INV002004,ST04,P0270,24,32,14,1426.08,2025-12-22,Updated,No
INV002016,ST04,P0284,10,39,16,5533.1,2025-12-28,Updated,No
INV004404,ST08,P0542,27,40,15,17419.86,2025-12-13,Updated,No
INV005241,ST10,P0253,0,88,31,0.0,,Not Updated,No
INV004924,ST09,P0514,16,41,15,7257.28,2025-12-18,Updated,No
INV002849,ST06,P0028,28,43,13,2657.76,2025-12-19,Updated,No
INV002436,ST05,P0159,22,95,32,6083.66,2025-12-10,Updated,No
INV002276,ST04,P0582,7,20,6,10928.54,,Not Updated,No
INV002651,ST05,P0403,59,74,34,27510.52,2025-12-25,Updated,No
INV005449,ST10,P0471,49,11,5,12146.12,2025-12-06,Updated,No
INV003077,ST06,P0276,58,11,5,14129.38,2025-12-13,Updated,No
INV002188,ST04,P0479,5,17,5,1451.6,2025-12-04,Updated,No
INV000558,ST01,P0566,6,16,6,4147.92,2025-12-20,Updated,No
INV005855,ST11,P0327,17,35,14,6987.0,2025-12-27,Updated,No
INV003183,ST06,P0392,6,16,7,166.02,,Not Updated,No
INV005476,ST10,P0500,10,32,12,3441.7,2025-12-11,Updated,No
INV000470,ST01,P0477,17,43,13,2593.18,2025-12-14,Updated,No
INV002186,ST04,P0477,33,40,12,5033.82,2025-12-22,Updated,No
INV006280,ST12,P0192,27,38,13,4033.8,2025-12-31,Updated,No
INV002968,ST06,P0160,21,67,33,2963.1,2025-12-04,Updated,No
INV001243,ST03,P0054,37,69,22,4367.85,2025-12-20,Updated,No
INV000746,ST02,P0155,14,42,17,5609.52,2025-12-31,Updated,No
INV002151,ST04,P0435,122,35,10,12591.62,2025-12-13,Updated,Yes
INV005252,ST10,P0266,46,8,3,12869.42,2025-12-18,Updated,No
INV000499,ST01,P0506,20,40,16,3961.4,2025-12-08,Updated,No
INV005320,ST10,P0335,16,42,16,607.2,2025-12-31,Updated,No
INV005125,ST10,P0130,21,43,19,9859.71,2025-12-17,Updated,No
INV005870,ST11,P0343,21,47,15,9680.37,,Not Updated,No
INV002709,ST05,P0465,48,76,23,5131.68,2025-12-17,Updated,No
INV000812,ST02,P0221,201,34,13,4015.98,2025-12-05,Updated,Yes
INV002513,ST05,P0244,8,16,7,3717.04,2025-12-01,Updated,No
INV004579,ST09,P0135,11,37,14,6309.82,2025-12-05,Updated,No
INV000090,ST01,P0091,9,20,7,1873.17,2025-12-09,Updated,No
INV001994,ST04,P0256,18,33,10,7905.6,2025-12-03,Updated,No
INV004392,ST08,P0530,44,10,3,8198.52,2025-12-26,Updated,No
INV006523,ST12,P0449,13,40,14,1509.17,2025-12-31,Updated,No
INV000618,ST02,P0027,10,36,15,5452.8,2025-12-01,Updated,No
INV000455,ST01,P0461,180,35,11,16752.6,2025-12-04,Updated,Yes
INV001131,ST02,P0540,56,10,3,38284.96,2025-12-27,Updated,No
INV006540,ST12,P0466,19,41,14,1263.69,2025-12-28,Updated,No
INV000271,ST01,P0275,9,19,7,1325.7,2025-12-03,Updated,No
INV005765,ST11,P0222,7,19,6,3855.11,,Not Updated,No
INV000854,ST02,P0263,15,33,14,3193.05,2025-12-01,Updated,No
INV005068,ST10,P0069,0,74,26,0.0,2025-12-01,Updated,No
INV004222,ST08,P0334,34,46,21,6739.48,,Not Updated,No
INV002459,ST05,P0185,39,84,27,16466.58,2025-12-21,Updated,No
INV000423,ST01,P0428,31,76,30,3419.3,2025-12-22,Updated,No
INV005531,ST10,P0557,5,19,7,5543.3,2025-12-08,Updated,No
INV002542,ST05,P0281,23,35,16,4231.77,2025-12-06,Updated,No
INV002693,ST05,P0448,29,47,18,1673.01,,Not Updated,No
INV001362,ST03,P0178,29,82,25,4901.87,2025-12-22,Updated,No
INV003327,ST06,P0553,29,42,16,15855.46,2025-12-19,Updated,No
INV003173,ST06,P0381,8,19,8,714.8,2025-12-12,Updated,No
INV003378,ST07,P0010,186,41,20,19399.8,2025-12-05,Updated,Yes
INV005590,ST11,P0021,7,20,9,216.23,2025-12-23,Updated,No
INV000733,ST02,P0142,62,84,39,8719.06,2025-12-21,Updated,No
INV003503,ST07,P0141,16,44,15,4267.84,2025-12-23,Updated,No
INV006492,ST12,P0415,9,33,10,2189.25,2025-12-23,Updated,No
INV004345,ST08,P0478,109,32,11,42820.65,2025-12-12,Updated,Yes
INV000010,ST01,P0011,67,72,34,2016.03,2025-12-25,Updated,No
INV001324,ST03,P0139,12,32,15,2914.92,2025-12-24,Updated,No
INV001446,ST03,P0264,51,92,44,23311.08,2025-12-18,Updated,No
INV001045,ST02,P0454,67,95,32,7798.8,2025-12-28,Updated,No
INV002132,ST04,P0414,27,88,42,2393.82,2025-12-10,Updated,No
INV003588,ST07,P0232,70,88,41,38836.7,2025-12-14,Updated,No
INV004055,ST08,P0145,67,65,25,21896.94,2025-12-11,Updated,No
INV000993,ST02,P0402,27,81,28,865.08,2025-12-05,Updated,No
INV000865,ST02,P0274,6,19,7,1740.0,2025-12-15,Updated,No
INV005409,ST10,P0428,53,90,44,5845.9,2025-12-18,Updated,No
INV002280,ST04,P0586,9,19,8,219.96,2025-12-16,Updated,No
INV000411,ST01,P0415,22,34,10,5351.5,2025-12-31,Updated,No
INV004504,ST09,P0053,17,33,10,8899.84,2025-12-18,Updated,No
INV003718,ST07,P0375,24,44,15,9829.68,2025-12-04,Updated,No
INV003535,ST07,P0176,10,18,6,893.4,2025-12-16,Updated,No
INV001954,ST04,P0212,741,80,29,20459.01,2025-12-20,Updated,Yes
INV005430,ST10,P0452,17,33,15,1474.41,2025-12-02,Updated,No
INV001988,ST04,P0250,77,11,3,25419.24,2025-12-31,Updated,No
INV002107,ST04,P0387,51,95,46,30212.91,,Not Updated,No
INV004607,ST09,P0165,32,91,35,13135.04,2025-12-02,Updated,No
INV006631,ST12,P0565,58,8,3,129033.76,2025-12-13,Updated,No
INV005853,ST11,P0325,9,33,14,3235.86,2025-12-13,Updated,No
INV000757,ST02,P0166,24,32,11,8203.44,2025-12-31,Updated,No
INV004847,ST09,P0431,37,94,32,918.34,2025-12-11,Updated,No
INV004325,ST08,P0453,58,85,42,2090.32,2025-12-01,Updated,No
INV001413,ST03,P0231,39,84,35,22775.61,2025-12-24,Updated,No
INV001651,ST03,P0479,105,23,8,30483.6,2025-12-14,Updated,Yes
INV003777,ST07,P0439,4,18,5,392.84,2025-12-13,Updated,No
INV004889,ST09,P0477,14,42,19,2135.56,2025-12-02,Updated,No
INV006568,ST12,P0500,25,32,10,8604.25,2025-12-30,Updated,No
INV004409,ST08,P0547,6,19,9,1202.34,2025-12-20,Updated,No
INV006299,ST12,P0211,43,75,34,3207.8,2025-12-04,Updated,No
INV000370,ST01,P0374,12,41,15,6162.48,2025-12-01,Updated,No
INV004867,ST09,P0453,63,81,38,2270.52,2025-12-14,Updated,No
INV004327,ST08,P0455,14,36,12,807.52,2025-12-10,Updated,No
INV004509,ST09,P0058,5,19,6,1770.35,2025-12-24,Updated,No
INV003664,ST07,P0315,342,68,27,30838.14,2025-12-15,Updated,Yes
INV005458,ST10,P0480,5,17,5,2389.95,2025-12-15,Updated,No
INV006100,ST12,P0006,507,85,34,264517.11,2025-12-20,Updated,Yes
INV003056,ST06,P0254,27,42,14,8901.9,2025-12-18,Updated,No
INV000051,ST01,P0052,320,70,24,155977.6,2025-12-24,Updated,Yes
INV004942,ST09,P0532,16,41,14,15762.24,2025-12-19,Updated,No
INV006053,ST11,P0552,9,20,7,2409.48,2025-12-07,Updated,No
INV003347,ST06,P0575,23,39,13,35418.85,2025-12-02,Updated,No
INV004068,ST08,P0159,83,66,21,22951.99,2025-12-11,Updated,No
INV001098,ST02,P0507,20,43,17,19113.8,2025-12-23,Updated,No
INV004526,ST09,P0076,0,33,11,0.0,2025-12-19,Updated,No
INV006016,ST11,P0508,6,17,5,5777.82,2025-12-01,Updated,No
INV000574,ST01,P0582,8,20,9,12489.76,2025-12-22,Updated,No
INV001078,ST02,P0487,27,40,15,11476.35,2025-12-29,Updated,No
INV001071,ST02,P0480,9,21,8,4301.91,2025-12-09,Updated,No
INV002870,ST06,P0053,13,39,12,6805.76,2025-12-18,Updated,No
INV002894,ST06,P0077,23,42,18,3706.91,2025-12-23,Updated,No
INV000057,ST01,P0058,9,23,11,3186.63,,Not Updated,No
INV002214,ST04,P0511,13,47,21,3182.53,2025-12-29,Updated,No
INV004587,ST09,P0143,55,75,26,18029.0,,Not Updated,No
INV000258,ST01,P0262,21,35,14,1183.77,2025-12-14,Updated,No
INV001187,ST02,P0596,17,33,15,3932.95,2025-12-17,Updated,No
INV003791,ST07,P0454,18,68,33,2095.2,2025-12-22,Updated,No
INV001986,ST04,P0248,77,16,5,14028.63,2025-12-30,Updated,No
INV001109,ST02,P0518,9,20,9,10495.35,2025-12-23,Updated,No
INV005896,ST11,P0371,19,75,24,2424.4,2025-12-27,Updated,No
INV005217,ST10,P0229,31,42,17,1377.33,2025-12-26,Updated,No
INV005567,ST10,P0597,16,39,16,6405.76,2025-12-19,Updated,No
INV003246,ST06,P0465,27,74,34,2886.57,2025-12-23,Updated,No
INV003038,ST06,P0236,7,22,8,2345.42,2025-12-18,Updated,No
INV000009,ST01,P0010,20,43,20,2086.0,2025-12-09,Updated,No
INV002032,ST04,P0304,23,32,10,11985.07,2025-12-31,Updated,No
INV005273,ST10,P0288,81,90,30,14633.46,2025-12-30,Updated,No
INV004589,ST09,P0145,69,72,30,22550.58,2025-12-27,Updated,No
INV000773,ST02,P0182,46,66,30,23902.06,2025-12-18,Updated,No
INV001392,ST03,P0210,23,47,16,2305.75,2025-12-11,Updated,No
INV001718,ST03,P0548,5,17,6,1671.45,2025-12-07,Updated,No
INV005299,ST10,P0314,12,42,19,3259.56,2025-12-03,Updated,No
INV003854,ST07,P0520,7,21,9,2430.12,2025-12-02,Updated,No
INV006295,ST12,P0207,22,38,15,2265.12,2025-12-05,Updated,No
INV003031,ST06,P0229,18,33,15,799.74,2025-12-11,Updated,No
INV002170,ST04,P0460,16,37,11,1882.88,2025-12-10,Updated,No
INV005543,ST10,P0570,8,17,8,10264.72,2025-12-17,Updated,No
INV000408,ST01,P0412,40,71,27,17794.8,2025-12-31,Updated,No
INV002756,ST05,P0525,9,22,10,7072.92,2025-12-16,Updated,No
INV004523,ST09,P0073,24,90,33,1154.88,2025-12-11,Updated,No
INV000864,ST02,P0273,15,41,17,8657.85,2025-12-08,Updated,No
INV003578,ST07,P0222,8,18,8,4405.84,2025-12-15,Updated,No
INV002648,ST05,P0400,55,80,34,7201.15,2025-12-22,Updated,No
INV005357,ST10,P0373,31,36,12,16838.89,2025-12-19,Updated,No
INV006575,ST12,P0507,29,32,11,27715.01,2025-12-09,Updated,No
INV006390,ST12,P0307,21,46,16,5133.87,2025-12-17,Updated,No
INV002384,ST05,P0100,18,37,12,10597.86,2025-12-31,Updated,No
INV002259,ST04,P0559,22,39,17,51040.44,2025-12-28,Updated,No
INV002339,ST05,P0051,30,64,20,6766.5,2025-12-26,Updated,No
INV006075,ST11,P0578,22,40,14,24827.0,2025-12-04,Updated,No
INV002403,ST05,P0123,29,88,38,3767.39,2025-12-13,Updated,No
INV002092,ST04,P0372,15,43,15,4545.9,2025-12-02,Updated,No
INV003553,ST07,P0197,26,43,19,1075.36,2025-12-01,Updated,No
INV000501,ST01,P0508,10,19,9,9629.7,2025-12-12,Updated,No
INV004662,ST09,P0228,12,38,16,5803.56,2025-12-10,Updated,No
INV002142,ST04,P0425,8,23,8,3771.28,2025-12-02,Updated,No
INV004096,ST08,P0191,19,39,18,3378.01,2025-12-22,Updated,No
INV001312,ST03,P0127,72,71,25,30346.56,,Not Updated,No
INV004790,ST09,P0371,30,88,35,3828.0,2025-12-24,Updated,No
INV002500,ST05,P0231,36,66,29,21023.64,2025-12-22,Updated,No
INV004127,ST08,P0225,29,34,15,12043.12,2025-12-23,Updated,No
INV000774,ST02,P0183,429,68,26,29708.25,2025-12-19,Updated,Yes
INV000341,ST01,P0345,23,43,19,8671.23,,Not Updated,No
INV002789,ST05,P0562,28,34,13,20411.72,2025-12-23,Updated,No
INV000943,ST02,P0352,0,45,17,0.0,2025-12-31,Updated,No
INV005787,ST11,P0248,8,19,8,1457.52,2025-12-10,Updated,No
INV000905,ST02,P0314,243,46,21,66006.09,2025-12-06,Updated,Yes
INV001141,ST02,P0550,24,38,14,11195.76,2025-12-27,Updated,No
INV001134,ST02,P0543,6,20,7,4278.06,2025-12-07,Updated,No
INV005857,ST11,P0329,18,40,19,1047.6,2025-12-21,Updated,No
INV002511,ST05,P0242,30,35,11,10854.3,2025-12-23,Updated,No
INV000869,ST02,P0278,30,47,23,11115.0,2025-12-18,Updated,No
INV001946,ST04,P0204,164,22,10,39546.96,2025-12-17,Updated,Yes
INV006088,ST11,P0592,61,8,2,13437.69,2025-12-22,Updated,No
INV002986,ST06,P0181,29,67,30,12972.57,2025-12-05,Updated,No
INV006126,ST12,P0032,27,46,20,4896.45,2025-12-10,Updated,No
INV003565,ST07,P0209,25,39,14,1578.5,2025-12-30,Updated,No
INV003869,ST07,P0536,24,44,14,13278.72,2025-12-28,Updated,No
INV002437,ST05,P0160,36,69,25,5079.6,2025-12-21,Updated,No
INV001780,ST04,P0015,39,90,40,17121.0,,Not Updated,No
INV000677,ST02,P0086,50,72,35,5281.0,2025-12-26,Updated,No
INV005641,ST11,P0080,7,16,7,1066.45,2025-12-30,Updated,No
INV003133,ST06,P0335,24,45,19,910.8,2025-12-20,Updated,No
INV002373,ST05,P0087,24,46,19,1881.12,2025-12-25,Updated,No
INV006574,ST12,P0506,11,35,14,2178.77,2025-12-12,Updated,No
INV004613,ST09,P0173,19,41,17,4988.45,2025-12-16,Updated,No
INV001466,ST03,P0285,64,79,34,20952.96,,Not Updated,No
INV002221,ST04,P0518,3,21,6,3498.45,2025-12-19,Updated,No
INV005914,ST11,P0390,10,42,15,4681.9,2025-12-05,Updated,No
INV005243,ST10,P0255,56,8,2,31862.88,2025-12-24,Updated,No
INV005696,ST11,P0143,35,65,22,11473.0,2025-12-14,Updated,No
INV000307,ST01,P0311,20,46,19,6970.4,2025-12-24,Updated,No
INV005453,ST10,P0475,20,46,18,5312.6,2025-12-11,Updated,No
INV006495,ST12,P0418,20,34,14,1856.8,2025-12-20,Updated,No
INV001617,ST03,P0444,7,21,7,742.14,2025-12-07,Updated,No
INV001622,ST03,P0449,20,42,12,2321.8,2025-12-27,Updated,No
INV003253,ST06,P0473,8,18,7,2707.92,2025-12-18,Updated,No
INV000123,ST01,P0125,23,76,33,7241.55,,Not Updated,No
INV004937,ST09,P0527,5,20,9,5039.4,2025-12-29,Updated,No
INV004213,ST08,P0321,31,45,17,7641.19,2025-12-07,Updated,No
INV004669,ST09,P0235,15,40,15,2382.45,2025-12-30,Updated,No
INV001275,ST03,P0088,13,36,17,3191.76,2025-12-13,Updated,No
INV004140,ST08,P0241,9,22,8,3289.14,2025-12-10,Updated,No
INV000116,ST01,P0118,54,90,43,10309.68,2025-12-13,Updated,No
INV006174,ST12,P0082,31,38,13,1281.23,2025-12-08,Updated,No
INV005026,ST10,P0021,6,18,7,185.34,2025-12-19,Updated,No
INV000803,ST02,P0212,38,94,37,1049.18,2025-12-14,Updated,No
INV005887,ST11,P0362,16,35,11,1781.12,2025-12-15,Updated,No
INV001013,ST02,P0422,43,9,4,3974.06,2025-12-05,Updated,No
INV001795,ST04,P0032,20,38,17,3627.0,2025-12-22,Updated,No
INV005158,ST10,P0168,60,72,31,15008.4,2025-12-19,Updated,No
INV004453,ST08,P0595,108,18,5,32775.84,2025-12-24,Updated,Yes
INV002076,ST04,P0356,80,83,37,38867.2,2025-12-07,Updated,No
INV004730,ST09,P0302,13,43,18,3920.93,2025-12-30,Updated,No
INV005775,ST11,P0234,6,23,11,2503.68,2025-12-23,Updated,No
INV000436,ST01,P0442,428,85,40,26672.96,2025-12-14,Updated,Yes
INV002740,ST05,P0509,28,44,15,7944.72,2025-12-10,Updated,No
INV000419,ST01,P0424,50,11,5,5536.0,2025-12-29,Updated,No
INV002055,ST04,P0331,4,18,8,1730.6,2025-12-27,Updated,No
INV000817,ST02,P0226,8,21,6,4234.64,2025-12-08,Updated,No
INV003301,ST06,P0525,4,21,6,3143.52,2025-12-03,Updated,No
INV000703,ST02,P0112,68,74,26,37361.24,2025-12-11,Updated,No
INV006080,ST11,P0583,17,41,13,31301.42,2025-12-21,Updated,No
INV003699,ST07,P0354,23,32,11,8342.79,2025-12-30,Updated,No
INV004931,ST09,P0521,23,34,13,6951.98,2025-12-17,Updated,No
INV001893,ST04,P0146,10,41,15,4505.6,2025-12-19,Updated,No
INV003885,ST07,P0552,8,17,5,2141.76,2025-12-01,Updated,No
INV003405,ST07,P0040,36,72,32,8245.8,2025-12-27,Updated,No
INV004584,ST09,P0140,7,21,7,3407.18,,Not Updated,No
INV000048,ST01,P0049,24,32,15,653.52,2025-12-25,Updated,No
INV001485,ST03,P0308,22,45,14,8713.76,2025-12-02,Updated,No
INV003878,ST07,P0545,17,40,19,14155.22,2025-12-18,Updated,No
INV004581,ST09,P0137,73,95,46,27993.31,2025-12-01,Updated,No
INV001968,ST04,P0229,207,45,18,9197.01,2025-12-17,Updated,Yes
INV003986,ST08,P0067,34,42,19,5812.3,2025-12-24,Updated,No
INV001287,ST03,P0100,9,33,12,5298.93,2025-12-01,Updated,No
INV001844,ST04,P0090,4,16,7,99.64,2025-12-26,Updated,No
INV005718,ST11,P0167,50,69,22,16352.0,2025-12-10,Updated,No
INV006421,ST12,P0340,71,93,40,15106.67,2025-12-30,Updated,No
INV005578,ST11,P0008,35,68,23,18964.4,2025-12-25,Updated,No
INV003850,ST07,P0514,16,47,17,7257.28,2025-12-07,Updated,No
INV002119,ST04,P0400,48,85,38,6284.64,2025-12-30,Updated,No
INV004159,ST08,P0263,12,38,13,2554.44,2025-12-17,Updated,No
INV001615,ST03,P0442,58,79,34,3614.56,2025-12-31,Updated,No
INV003360,ST06,P0590,25,46,22,9562.75,2025-12-30,Updated,No
INV002712,ST05,P0469,58,84,38,5569.16,2025-12-20,Updated,No
INV006594,ST12,P0526,16,35,14,9546.72,2025-12-24,Updated,No
INV006497,ST12,P0420,8,22,9,2291.68,2025-12-26,Updated,No
INV002209,ST04,P0505,9,47,14,1747.35,2025-12-15,Updated,No
INV001393,ST03,P0211,36,87,29,2685.6,2025-12-28,Updated,No
INV002809,ST05,P0585,64,10,4,13146.24,2025-12-04,Updated,No
INV005038,ST10,P0034,16,40,17,5343.68,2025-12-17,Updated,No
INV000091,ST01,P0092,80,68,26,4637.6,,Not Updated,No
INV002699,ST05,P0454,42,67,33,4888.8,2025-12-03,Updated,No
INV005461,ST10,P0484,9,23,9,1139.67,2025-12-10,Updated,No
INV005880,ST11,P0354,28,46,20,10156.44,2025-12-18,Updated,No
INV006006,ST11,P0496,17,37,17,17683.4,,Not Updated,No
INV005886,ST11,P0361,169,21,6,66016.47,,Not Updated,Yes
INV001616,ST03,P0443,11,38,11,820.71,2025-12-21,Updated,No
INV000305,ST01,P0309,11,37,13,3722.4,2025-12-21,Updated,No
INV001637,ST03,P0464,74,69,29,5242.9,2025-12-27,Updated,No
INV001434,ST03,P0252,22,33,14,3967.92,2025-12-19,Updated,No
INV005394,ST10,P0411,17,40,14,6845.39,2025-12-23,Updated,No
INV005575,ST11,P0005,927,75,36,273780.18,2025-12-17,Updated,Yes
INV004517,ST09,P0066,6,19,6,884.82,2025-12-20,Updated,No
INV005742,ST11,P0194,20,38,11,774.6,2025-12-15,Updated,No
INV001055,ST02,P0464,23,74,33,1629.55,2025-12-11,Updated,No
INV001081,ST02,P0490,23,43,18,10293.19,2025-12-31,Updated,No
INV006490,ST12,P0413,59,70,21,15410.21,2025-12-29,Updated,No
INV005716,ST11,P0165,40,83,40,16418.8,2025-12-29,Updated,No
INV005267,ST10,P0282,642,68,33,50961.96,2025-12-04,Updated,Yes
INV003111,ST06,P0312,20,40,14,5211.6,2025-12-03,Updated,No
INV001609,ST03,P0436,41,76,27,4097.54,2025-12-17,Updated,No
INV004144,ST08,P0245,6,45,14,2762.64,2025-12-11,Updated,No
INV005372,ST10,P0388,8,18,5,4030.72,2025-12-17,Updated,No
INV002320,ST05,P0029,28,32,10,13572.44,2025-12-24,Updated,No
INV000736,ST02,P0145,66,92,37,21570.12,2025-12-03,Updated,No
INV003402,ST07,P0037,15,45,19,6260.1,2025-12-02,Updated,No
INV006526,ST12,P0452,11,34,11,954.03,2025-12-26,Updated,No
INV000378,ST01,P0382,17,34,14,7025.42,2025-12-01,Updated,No
INV002389,ST05,P0106,6,20,6,371.52,2025-12-22,Updated,No
INV004582,ST09,P0138,38,64,21,1121.76,2025-12-25,Updated,No
INV006319,ST12,P0232,22,75,25,12205.82,2025-12-28,Updated,No
INV001321,ST03,P0136,70,90,31,36465.1,2025-12-23,Updated,No
INV003662,ST07,P0313,17,39,15,6539.56,2025-12-01,Updated,No
INV005487,ST10,P0511,284,39,13,69526.04,2025-12-13,Updated,Yes
INV001683,ST03,P0513,4,16,7,1857.88,2025-12-24,Updated,No
INV005390,ST10,P0407,9,16,5,4249.26,2025-12-05,Updated,No
INV005643,ST11,P0083,52,84,31,2865.72,,Not Updated,No
INV000345,ST01,P0349,52,81,24,7152.6,2025-12-23,Updated,No
INV002396,ST05,P0114,4,19,6,663.8,2025-12-29,Updated,No
INV003097,ST06,P0298,64,90,42,26876.8,2025-12-07,Updated,No
INV006059,ST11,P0559,18,34,11,41760.36,2025-12-13,Updated,No
INV002826,ST06,P0004,63,72,24,30987.81,2025-12-13,Updated,No
INV004744,ST09,P0318,28,36,11,2092.16,2025-12-19,Updated,No
INV001122,ST02,P0531,4,21,8,3888.92,2025-12-28,Updated,No
INV002572,ST05,P0312,19,43,15,4951.02,2025-12-03,Updated,No
INV005130,ST10,P0135,13,37,17,7457.06,2025-12-03,Updated,No
INV002293,ST04,P0600,18,46,16,5385.24,2025-12-08,Updated,No
INV000121,ST01,P0123,56,93,37,7274.96,2025-12-04,Updated,No
INV004267,ST08,P0385,6,16,6,1694.04,2025-12-24,Updated,No
INV005324,ST10,P0339,4,16,5,1277.64,2025-12-03,Updated,No
INV002812,ST05,P0588,8,19,7,1542.72,2025-12-27,Updated,No
INV003710,ST07,P0367,11,39,17,3541.56,2025-12-21,Updated,No
INV005813,ST11,P0277,21,43,19,11019.12,2025-12-28,Updated,No
INV002201,ST04,P0496,261,41,17,271492.2,2025-12-08,Updated,Yes
INV001123,ST02,P0532,20,32,10,19702.8,2025-12-15,Updated,No
INV004201,ST08,P0308,17,39,16,6733.36,2025-12-13,Updated,No
INV006607,ST12,P0539,5,17,5,2812.35,2025-12-03,Updated,No
INV003057,ST06,P0255,38,9,3,21621.24,2025-12-18,Updated,No
INV004226,ST08,P0339,6,20,7,1916.46,2025-12-28,Updated,No
INV000617,ST02,P0026,21,42,19,11517.66,2025-12-08,Updated,No
INV001431,ST03,P0249,24,42,18,1545.36,2025-12-29,Updated,No
INV002782,ST05,P0554,64,11,3,74163.2,2025-12-01,Updated,No
INV004920,ST09,P0510,135,34,13,102213.9,2025-12-09,Updated,Yes
INV004585,ST09,P0141,7,41,13,1867.18,2025-12-25,Updated,No
INV001832,ST04,P0075,51,66,27,3647.01,2025-12-18,Updated,No
INV002475,ST05,P0205,50,91,37,2742.5,2025-12-02,Updated,No
INV006580,ST12,P0512,15,40,15,4687.35,2025-12-02,Updated,No
INV003420,ST07,P0056,55,76,31,5732.65,2025-12-21,Updated,No
INV005351,ST10,P0367,11,39,14,3541.56,2025-12-24,Updated,No
INV005613,ST11,P0048,13,33,13,540.28,2025-12-17,Updated,No
INV000426,ST01,P0431,14,64,23,347.48,2025-12-13,Updated,No
INV003372,ST07,P0003,15,42,16,2586.45,2025-12-17,Updated,No
INV004130,ST08,P0228,199,46,16,96242.37,2025-12-13,Updated,Yes
INV004283,ST08,P0405,25,37,18,4981.0,2025-12-11,Updated,No
INV000761,ST02,P0170,62,88,38,11828.36,2025-12-30,Updated,No
INV005819,ST11,P0283,86,11,4,30591.06,2025-12-26,Updated,No
INV004129,ST08,P0227,20,47,16,5133.8,2025-12-27,Updated,No
INV001582,ST03,P0408,207,37,16,39851.64,2025-12-30,Updated,Yes
INV002111,ST04,P0391,3,18,6,823.32,2025-12-13,Updated,No
INV003853,ST07,P0518,6,18,6,6996.9,2025-12-25,Updated,No
INV006515,ST12,P0440,37,91,35,2103.45,2025-12-16,Updated,No
INV005115,ST10,P0119,59,68,29,21713.77,2025-12-08,Updated,No
INV002260,ST04,P0561,21,45,22,36383.34,2025-12-06,Updated,No
INV004704,ST09,P0276,49,8,3,11936.89,2025-12-21,Updated,No
INV004006,ST08,P0089,22,37,11,4026.88,2025-12-22,Updated,No
INV001553,ST03,P0377,58,95,46,21266.28,2025-12-05,Updated,No
INV003799,ST07,P0462,24,41,13,716.88,2025-12-03,Updated,No
INV002460,ST05,P0186,12,47,20,2555.52,2025-12-20,Updated,No
INV003487,ST07,P0125,67,87,29,21094.95,2025-12-14,Updated,No
INV000120,ST01,P0122,21,35,16,3469.62,2025-12-13,Updated,No
INV000191,ST01,P0194,22,34,15,852.06,2025-12-30,Updated,No
INV005168,ST10,P0178,21,77,36,3549.63,2025-12-29,Updated,No
INV003731,ST07,P0389,60,70,22,6019.2,2025-12-22,Updated,No
INV006629,ST12,P0563,0,46,17,0.0,2025-12-03,Updated,No
INV001906,ST04,P0159,32,78,36,8848.96,2025-12-18,Updated,No
INV002731,ST05,P0497,6,17,7,1188.12,2025-12-31,Updated,No
INV006485,ST12,P0406,4,16,5,480.88,2025-12-21,Updated,No
INV003888,ST07,P0556,6,17,7,7171.74,2025-12-14,Updated,No
INV005315,ST10,P0330,10,19,9,4275.5,2025-12-14,Updated,No
INV002167,ST04,P0456,0,33,12,0.0,2025-12-29,Updated,No
INV002054,ST04,P0330,163,23,8,69690.65,2025-12-25,Updated,Yes
INV006332,ST12,P0246,21,42,19,5273.1,2025-12-05,Updated,No
INV006166,ST12,P0074,82,69,30,7452.98,2025-12-05,Updated,No
INV003849,ST07,P0513,6,19,6,2786.82,2025-12-10,Updated,No
INV004244,ST08,P0360,8,22,10,157.36,2025-12-06,Updated,No
INV000144,ST01,P0146,18,38,17,8110.08,2025-12-20,Updated,No
INV005897,ST11,P0373,19,40,12,10320.61,2025-12-06,Updated,No
INV004026,ST08,P0109,50,85,42,10794.5,2025-12-17,Updated,No
INV000239,ST01,P0243,9,20,9,3530.34,2025-12-07,Updated,No
INV005370,ST10,P0386,6,16,7,3298.8,2025-12-21,Updated,No
INV005599,ST11,P0031,630,77,34,230252.4,2025-12-07,Updated,Yes
INV005790,ST11,P0252,18,43,17,3246.48,2025-12-05,Updated,No
INV002006,ST04,P0272,11,22,10,5274.17,2025-12-20,Updated,No
INV000062,ST01,P0063,33,71,29,6626.73,2025-12-23,Updated,No
INV002512,ST05,P0243,90,21,7,35303.4,2025-12-02,Updated,No
INV001233,ST03,P0044,38,92,36,22596.7,2025-12-09,Updated,No
INV000877,ST02,P0286,5,22,8,855.3,2025-12-03,Updated,No
INV004505,ST09,P0054,56,67,25,6610.8,2025-12-15,Updated,No
INV004179,ST08,P0286,12,23,11,2052.72,2025-12-22,Updated,No
INV003915,ST07,P0585,46,10,4,9448.86,2025-12-28,Updated,No
INV001369,ST03,P0185,58,89,27,24488.76,2025-12-23,Updated,No
INV003563,ST07,P0207,6,46,14,617.76,2025-12-29,Updated,No
INV000756,ST02,P0165,38,86,28,15597.86,2025-12-18,Updated,No
INV004032,ST08,P0118,40,89,35,7636.8,2025-12-10,Updated,No
INV004338,ST08,P0468,79,75,33,9111.86,2025-12-23,Updated,No
INV000504,ST01,P0511,22,45,20,5385.82,2025-12-02,Updated,No
INV002267,ST04,P0569,54,11,4,21523.32,2025-12-19,Updated,No
INV000340,ST01,P0344,10,21,8,4356.2,2025-12-09,Updated,No
INV006267,ST12,P0179,12,37,15,289.44,2025-12-05,Updated,No
INV001520,ST03,P0344,9,22,10,3920.58,2025-12-21,Updated,No
INV005973,ST11,P0456,12,33,14,659.04,2025-12-28,Updated,No
INV001576,ST03,P0401,13,47,14,519.87,2025-12-13,Updated,No
INV001386,ST03,P0204,7,23,9,1687.98,2025-12-16,Updated,No
INV001540,ST03,P0364,25,46,22,12230.25,2025-12-20,Updated,No
INV002399,ST05,P0118,27,75,28,5154.84,2025-12-15,Updated,No
INV001596,ST03,P0423,238,45,13,48680.52,2025-12-07,Updated,Yes
INV003149,ST06,P0352,28,41,12,14952.56,2025-12-12,Updated,No
INV002687,ST05,P0442,48,78,31,2991.36,2025-12-21,Updated,No
INV003993,ST08,P0074,74,64,24,6725.86,2025-12-29,Updated,No
INV006503,ST12,P0426,86,11,3,8630.1,2025-12-24,Updated,No
INV000440,ST01,P0446,2,23,7,177.52,2025-12-17,Updated,No
INV005558,ST10,P0587,26,33,15,7257.9,2025-12-07,Updated,No
INV005415,ST10,P0435,22,38,12,2270.62,2025-12-11,Updated,No
INV001458,ST03,P0277,15,43,16,7870.8,2025-12-13,Updated,No
INV003107,ST06,P0308,19,38,15,7525.52,2025-12-19,Updated,No
INV000461,ST01,P0468,50,80,37,5767.0,2025-12-21,Updated,No
INV006502,ST12,P0425,120,21,7,56569.2,2025-12-18,Updated,Yes
INV002878,ST06,P0061,16,34,15,2961.76,2025-12-30,Updated,No
INV003284,ST06,P0507,25,39,15,23892.25,2025-12-26,Updated,No
INV005354,ST10,P0370,59,81,26,16713.52,2025-12-15,Updated,No
INV006341,ST12,P0256,19,37,11,8344.8,2025-12-02,Updated,No
INV000409,ST01,P0413,36,76,29,9402.84,2025-12-21,Updated,No
INV005051,ST10,P0050,74,81,39,16680.34,2025-12-30,Updated,No
INV000381,ST01,P0385,9,17,6,2541.06,2025-12-20,Updated,No
INV002721,ST05,P0482,23,44,15,5960.91,2025-12-22,Updated,No
INV000403,ST01,P0407,9,22,8,4249.26,2025-12-31,Updated,No
INV000173,ST01,P0176,7,22,8,625.38,,Not Updated,No
INV004309,ST08,P0435,21,33,10,2167.41,2025-12-03,Updated,No
INV006586,ST12,P0518,7,19,9,8163.05,2025-12-11,Updated,No
INV003412,ST07,P0047,18,47,21,1025.28,2025-12-05,Updated,No
INV006345,ST12,P0261,44,8,2,3696.44,2025-12-26,Updated,No
INV002438,ST05,P0161,36,86,35,12813.48,2025-12-29,Updated,No
INV003119,ST06,P0320,21,65,20,1171.38,2025-12-23,Updated,No
INV005569,ST10,P0599,12,34,11,597.12,2025-12-18,Updated,No
INV003891,ST07,P0561,27,33,14,46778.58,2025-12-07,Updated,No
INV003115,ST06,P0316,4,19,6,2188.44,2025-12-31,Updated,No
INV003440,ST07,P0076,22,44,17,4907.54,,Not Updated,No
INV002615,ST05,P0362,26,47,19,2894.32,2025-12-05,Updated,No
INV001207,ST03,P0016,63,74,25,10224.9,2025-12-14,Updated,No
INV003170,ST06,P0377,36,88,37,13199.76,2025-12-24,Updated,No
INV001958,ST04,P0216,28,34,16,10240.44,2025-12-13,Updated,No
INV001754,ST03,P0588,9,22,7,1735.56,2025-12-15,Updated,No
INV002244,ST04,P0542,25,46,18,16129.5,2025-12-12,Updated,No
INV005284,ST10,P0299,9,21,7,2073.15,2025-12-24,Updated,No
INV004821,ST09,P0403,56,67,25,26111.68,2025-12-28,Updated,No
INV003928,ST07,P0598,12,40,19,2307.48,2025-12-31,Updated,No
INV003410,ST07,P0045,63,65,31,27175.05,2025-12-24,Updated,No
INV005618,ST11,P0054,32,67,28,3777.6,2025-12-03,Updated,No
INV005037,ST10,P0033,25,90,28,7896.0,2025-12-12,Updated,No
INV002169,ST04,P0459,32,74,23,658.24,2025-12-11,Updated,No
INV005784,ST11,P0245,117,32,12,53871.48,2025-12-19,Updated,Yes
INV006110,ST12,P0016,31,76,32,5031.3,2025-12-27,Updated,No
INV006330,ST12,P0244,7,23,11,3252.41,2025-12-03,Updated,No
INV000094,ST01,P0095,42,76,31,3597.72,2025-12-14,Updated,No
INV000899,ST02,P0308,244,40,15,96643.52,2025-12-08,Updated,Yes
INV006474,ST12,P0395,72,10,4,25056.72,2025-12-02,Updated,No
INV006238,ST12,P0148,24,44,15,9235.68,2025-12-07,Updated,No
INV001962,ST04,P0221,26,47,20,519.48,2025-12-04,Updated,No
INV003631,ST07,P0279,0,76,25,0.0,2025-12-02,Updated,No
INV003162,ST06,P0368,10,39,11,4301.5,,Not Updated,No
INV006170,ST12,P0078,49,64,27,11080.86,2025-12-05,Updated,No
INV004302,ST08,P0426,59,8,3,5920.65,2025-12-21,Updated,No
INV005560,ST10,P0589,7,16,5,2330.58,2025-12-15,Updated,No
INV004680,ST09,P0249,16,41,16,1030.24,2025-12-28,Updated,No
INV001050,ST02,P0459,46,74,34,946.22,2025-12-26,Updated,No
INV002902,ST06,P0085,0,94,33,0.0,2025-12-02,Updated,No
INV003852,ST07,P0517,49,10,4,16494.38,2025-12-03,Updated,No
INV002689,ST05,P0444,7,23,7,742.14,2025-12-06,Updated,No
INV003109,ST06,P0310,81,11,4,22347.9,2025-12-01,Updated,No
INV003207,ST06,P0420,7,16,6,2005.22,2025-12-15,Updated,No
INV004142,ST08,P0243,1119,17,8,438938.94,2025-12-18,Updated,Yes
INV003267,ST06,P0489,21,44,20,1636.74,2025-12-20,Updated,No
INV006281,ST12,P0193,5,40,12,1024.0,2025-12-26,Updated,No
INV001061,ST02,P0470,9,16,5,1278.36,2025-12-21,Updated,No
INV002802,ST05,P0578,0,43,19,0.0,2025-12-14,Updated,No
INV000728,ST02,P0137,66,65,21,25309.02,2025-12-06,Updated,No
INV003009,ST06,P0206,9,22,7,781.2,2025-12-16,Updated,No
INV003820,ST07,P0484,89,22,7,11270.07,2025-12-30,Updated,No
INV004446,ST08,P0588,6,21,8,1157.04,2025-12-31,Updated,No
INV005456,ST10,P0478,29,32,15,11392.65,2025-12-16,Updated,No
INV002490,ST05,P0221,22,40,13,439.56,2025-12-05,Updated,No
INV004079,ST08,P0171,16,43,13,9052.16,2025-12-15,Updated,No
INV004971,ST09,P0564,5,16,6,11092.05,2025-12-13,Updated,No
INV005460,ST10,P0483,5,23,6,1491.0,2025-12-31,Updated,No
INV004070,ST08,P0161,38,73,23,13525.34,2025-12-28,Updated,No
INV000857,ST02,P0266,78,10,3,21822.06,2025-12-11,Updated,No
INV006021,ST11,P0515,22,41,15,19346.36,2025-12-30,Updated,No
INV006265,ST12,P0177,36,85,35,9461.16,2025-12-12,Updated,No
INV004328,ST08,P0456,18,38,13,988.56,2025-12-25,Updated,No
INV002658,ST05,P0410,18,40,17,2150.82,2025-12-19,Updated,No
INV004471,ST09,P0015,50,95,43,21950.0,2025-12-03,Updated,No
INV000486,ST01,P0493,9,23,8,9361.62,2025-12-08,Updated,No
INV001575,ST03,P0400,30,71,28,3927.9,2025-12-02,Updated,No
INV006085,ST11,P0589,3,23,7,998.82,2025-12-16,Updated,No
INV000605,ST02,P0014,28,77,24,13580.84,2025-12-12,Updated,No
INV003827,ST07,P0491,9,17,7,6413.22,2025-12-23,Updated,No
INV006378,ST12,P0295,80,71,22,32029.6,2025-12-10,Updated,No
INV000337,ST01,P0341,36,9,3,19453.32,2025-12-31,Updated,No
INV000474,ST01,P0481,134,37,12,48441.0,2025-12-11,Updated,Yes
INV003415,ST07,P0050,0,82,39,0.0,2025-12-21,Updated,No
INV004575,ST09,P0131,27,33,15,8813.34,2025-12-17,Updated,No
INV000673,ST02,P0082,0,39,13,0.0,2025-12-19,Updated,No
INV000314,ST01,P0318,17,39,13,1270.24,2025-12-19,Updated,No
INV001021,ST02,P0430,35,81,32,744.8,2025-12-27,Updated,No
INV005828,ST11,P0293,17,43,16,9163.51,2025-12-20,Updated,No
INV005859,ST11,P0331,108,18,7,46726.2,2025-12-30,Updated,Yes
INV005700,ST11,P0147,84,85,26,6722.52,2025-12-08,Updated,No
INV001577,ST03,P0402,57,78,23,1826.28,2025-12-09,Updated,No
INV002751,ST05,P0520,143,17,5,49643.88,2025-12-12,Updated,Yes
INV001284,ST03,P0097,17,44,19,563.38,2025-12-22,Updated,No
INV004056,ST08,P0146,23,47,22,10362.88,2025-12-07,Updated,No
INV003907,ST07,P0577,51,8,3,77316.51,2025-12-11,Updated,No
INV001115,ST02,P0524,50,8,2,27050.0,2025-12-31,Updated,No
INV000430,ST01,P0435,18,36,17,1857.78,2025-12-28,Updated,No
INV000804,ST02,P0213,56,88,29,31566.08,2025-12-30,Updated,No
INV004451,ST08,P0593,7,19,8,2745.4,2025-12-31,Updated,No
INV006482,ST12,P0403,45,93,34,20982.6,2025-12-31,Updated,No
INV001084,ST02,P0493,5,16,5,5200.9,2025-12-02,Updated,No
INV002302,ST05,P0010,21,46,19,2190.3,2025-12-06,Updated,No
INV002089,ST04,P0369,19,37,14,4951.59,2025-12-20,Updated,No
INV003824,ST07,P0488,6,22,8,2823.24,2025-12-16,Updated,No
INV000243,ST01,P0247,8,23,7,3387.44,2025-12-08,Updated,No
INV001337,ST03,P0152,20,37,13,7086.2,2025-12-29,Updated,No
INV006231,ST12,P0141,26,43,18,6935.24,2025-12-04,Updated,No
INV001401,ST03,P0219,23,34,11,10558.61,2025-12-07,Updated,No
INV004231,ST08,P0344,7,19,9,3049.34,2025-12-27,Updated,No
INV004445,ST08,P0587,16,43,20,4466.4,2025-12-24,Updated,No
INV003846,ST07,P0510,13,32,10,9842.82,2025-12-26,Updated,No
INV005983,ST11,P0467,56,64,31,1290.24,2025-12-16,Updated,No
INV000247,ST01,P0251,23,33,15,8839.59,2025-12-11,Updated,No
INV005518,ST10,P0544,8,20,8,3346.48,2025-12-21,Updated,No
INV005703,ST11,P0150,41,78,35,2931.91,2025-12-24,Updated,No
INV006476,ST12,P0397,44,10,3,6478.56,2025-12-30,Updated,No
INV005610,ST11,P0044,42,71,21,24975.3,2025-12-09,Updated,No
INV001580,ST03,P0405,185,41,14,36859.4,2025-12-14,Updated,Yes
INV005727,ST11,P0176,7,17,5,625.38,2025-12-19,Updated,No
INV001905,ST04,P0158,517,85,33,24087.03,2025-12-31,Updated,Yes
INV005782,ST11,P0243,6,22,9,2353.56,2025-12-02,Updated,No
INV003641,ST07,P0290,17,45,15,9159.09,2025-12-17,Updated,No
INV005317,ST10,P0332,9,18,8,4318.65,2025-12-29,Updated,No
INV000368,ST01,P0372,14,41,15,4242.84,2025-12-03,Updated,No
INV006645,ST12,P0580,34,9,3,11104.06,2025-12-13,Updated,No
INV000213,ST01,P0217,495,76,29,15043.05,2025-12-14,Updated,Yes
INV003723,ST07,P0380,15,41,19,5049.0,2025-12-24,Updated,No
INV006441,ST12,P0361,6,19,6,2343.78,2025-12-27,Updated,No
INV006031,ST11,P0526,269,40,19,160504.23,2025-12-29,Updated,Yes
INV006179,ST12,P0087,9,32,13,705.42,2025-12-08,Updated,No
INV001454,ST03,P0272,7,20,9,3356.29,2025-12-11,Updated,No
INV006608,ST12,P0540,129,10,4,88192.14,2025-12-23,Updated,Yes
INV002249,ST04,P0548,5,21,8,1671.45,2025-12-10,Updated,No
INV004606,ST09,P0164,8,16,7,3021.04,2025-12-15,Updated,No
INV000622,ST02,P0031,55,87,29,20101.4,2025-12-25,Updated,No
INV004186,ST08,P0293,0,46,14,0.0,2025-12-01,Updated,No
INV004405,ST08,P0543,5,22,6,3565.05,2025-12-30,Updated,No
INV001586,ST03,P0412,27,81,24,12011.49,2025-12-26,Updated,No
INV001936,ST04,P0193,11,43,17,2252.8,2025-12-27,Updated,No
INV002860,ST06,P0043,7,17,5,117.39,2025-12-25,Updated,No
INV004490,ST09,P0035,79,70,33,30478.99,2025-12-09,Updated,No
INV002635,ST05,P0383,0,75,31,0.0,2025-12-30,Updated,No
INV004487,ST09,P0031,43,95,39,15715.64,2025-12-15,Updated,No
INV004282,ST08,P0404,29,40,12,15658.26,2025-12-03,Updated,No
INV000691,ST02,P0100,19,41,18,11186.63,2025-12-30,Updated,No
INV003624,ST07,P0272,3,20,7,1438.41,2025-12-17,Updated,No
INV001508,ST03,P0332,9,20,8,4318.65,2025-12-21,Updated,No
INV000904,ST02,P0313,0,41,18,0.0,2025-12-01,Updated,No
INV001342,ST03,P0158,81,92,29,3773.79,,Not Updated,No
INV004246,ST08,P0362,11,32,13,1224.52,2025-12-31,Updated,No
INV003949,ST08,P0023,26,47,21,2710.5,2025-12-11,Updated,No
INV000172,ST01,P0175,10,23,9,378.3,2025-12-25,Updated,No
INV004647,ST09,P0210,200,41,13,20050.0,2025-12-08,Updated,Yes
INV002724,ST05,P0489,32,38,14,2494.08,2025-12-28,Updated,No
INV004339,ST08,P0469,0,70,26,0.0,2025-12-21,Updated,No
INV002922,ST06,P0107,67,81,26,12910.23,2025-12-07,Updated,No
INV002909,ST06,P0093,16,39,12,388.0,2025-12-21,Updated,No
INV002611,ST05,P0358,29,44,20,7641.5,2025-12-26,Updated,No
INV000897,ST02,P0306,0,38,18,0.0,2025-12-31,Updated,No
INV002903,ST06,P0086,43,93,40,4541.66,2025-12-03,Updated,No
INV005925,ST11,P0402,54,82,30,1730.16,2025-12-28,Updated,No
INV002807,ST05,P0583,24,41,19,44190.24,2025-12-30,Updated,No
INV002322,ST05,P0031,49,85,42,17908.52,2025-12-26,Updated,No
INV004544,ST09,P0098,23,40,16,3188.26,2025-12-05,Updated,No
INV003914,ST07,P0584,4,22,8,6168.48,2025-12-12,Updated,No
INV001627,ST03,P0454,32,68,28,3724.8,2025-12-16,Updated,No
INV000659,ST02,P0068,0,81,30,0.0,2025-12-28,Updated,No
INV001497,ST03,P0320,30,70,24,1673.4,2025-12-29,Updated,No
INV004300,ST08,P0423,21,45,17,4295.34,2025-12-27,Updated,No
INV004696,ST09,P0267,17,38,12,8524.82,2025-12-30,Updated,No
INV002369,ST05,P0082,18,38,16,743.94,2025-12-21,Updated,No
INV003802,ST07,P0465,72,94,45,7697.52,2025-12-02,Updated,No
INV006270,ST12,P0182,30,71,33,15588.3,2025-12-16,Updated,No
INV001910,ST04,P0163,27,41,17,1836.54,2025-12-14,Updated,No
INV001501,ST03,P0324,19,33,14,950.57,2025-12-21,Updated,No
INV001091,ST02,P0500,9,43,13,3097.53,2025-12-08,Updated,No
INV004503,ST09,P0052,80,83,34,38994.4,2025-12-19,Updated,No
INV002003,ST04,P0269,19,37,17,8701.24,2025-12-07,Updated,No
INV002667,ST05,P0419,15,37,11,8492.4,2025-12-28,Updated,No
INV001747,ST03,P0581,7,21,7,14246.82,2025-12-14,Updated,No
INV000159,ST01,P0162,48,67,21,7655.04,2025-12-19,Updated,No
INV005135,ST10,P0142,46,69,29,6468.98,2025-12-22,Updated,No
INV003618,ST07,P0266,41,9,3,11470.57,2025-12-21,Updated,No
INV005847,ST11,P0318,19,32,14,1419.68,2025-12-23,Updated,No
INV002235,ST04,P0532,0,38,15,0.0,2025-12-08,Updated,No
INV003058,ST06,P0256,125,33,11,54900.0,2025-12-03,Updated,Yes
INV000960,ST02,P0369,27,33,11,7036.47,2025-12-23,Updated,No
INV005603,ST11,P0035,29,65,28,11188.49,2025-12-13,Updated,No
INV005807,ST11,P0271,20,38,14,2900.0,2025-12-20,Updated,No
INV004955,ST09,P0546,28,33,13,5024.32,2025-12-23,Updated,No
INV005903,ST11,P0379,18,35,12,6270.3,2025-12-15,Updated,No
INV000581,ST01,P0589,6,18,6,1997.64,2025-12-14,Updated,No
INV002851,ST06,P0031,407,80,29,148750.36,2025-12-19,Updated,Yes
INV006111,ST12,P0017,84,87,42,16417.8,2025-12-25,Updated,No
INV005960,ST11,P0443,16,42,14,1193.76,2025-12-13,Updated,No
INV000942,ST02,P0351,18,46,21,4567.5,2025-12-03,Updated,No
INV003872,ST07,P0539,5,16,6,2812.35,2025-12-03,Updated,No
INV001949,ST04,P0207,21,38,15,2162.16,2025-12-21,Updated,No
INV004202,ST08,P0309,23,36,11,7783.2,2025-12-12,Updated,No
INV002179,ST04,P0469,39,67,28,3744.78,2025-12-03,Updated,No
INV005479,ST10,P0503,9,23,8,8784.45,2025-12-13,Updated,No
INV002943,ST06,P0130,22,37,15,10329.22,2025-12-07,Updated,No
INV000652,ST02,P0061,11,35,11,2036.21,2025-12-07,Updated,No
INV003449,ST07,P0087,14,41,18,1097.32,2025-12-14,Updated,No
INV002036,ST04,P0310,34,9,2,9380.6,2025-12-10,Updated,No
INV003522,ST07,P0162,68,74,34,10844.64,2025-12-05,Updated,No
INV000665,ST02,P0074,75,86,29,6816.75,2025-12-10,Updated,No
INV000183,ST01,P0186,22,45,21,4685.12,2025-12-12,Updated,No
INV005789,ST11,P0250,52,11,5,17166.24,2025-12-16,Updated,No
INV005858,ST11,P0330,5,16,4,2137.75,2025-12-05,Updated,No
INV003807,ST07,P0471,91,8,3,22557.08,2025-12-26,Updated,No
INV004010,ST08,P0093,10,46,14,242.5,2025-12-26,Updated,No
INV004592,ST09,P0148,18,35,16,6926.76,2025-12-10,Updated,No
INV000896,ST02,P0305,22,46,16,10520.62,2025-12-19,Updated,No
INV003740,ST07,P0400,45,72,28,5891.85,2025-12-24,Updated,No
INV002770,ST05,P0540,67,11,3,45805.22,2025-12-15,Updated,No
INV000741,ST02,P0150,56,86,37,4004.56,2025-12-08,Updated,No
INV005686,ST11,P0131,8,36,11,2611.36,2025-12-14,Updated,No
INV003976,ST08,P0055,63,64,30,19295.01,2025-12-05,Updated,No
INV000619,ST02,P0028,29,41,14,2752.68,2025-12-27,Updated,No
INV000319,ST01,P0323,14,37,14,1486.66,2025-12-29,Updated,No
INV000333,ST01,P0337,21,32,10,4526.34,2025-12-26,Updated,No
INV001178,ST02,P0587,25,33,12,6978.75,2025-12-24,Updated,No
INV006565,ST12,P0497,8,16,5,1584.16,2025-12-11,Updated,No
INV001880,ST04,P0131,21,39,17,6854.82,2025-12-19,Updated,No
INV005724,ST11,P0173,26,33,13,6826.3,2025-12-02,Updated,No
INV001934,ST04,P0190,20,44,17,4674.2,2025-12-29,Updated,No
INV002477,ST05,P0207,19,37,16,1956.24,2025-12-24,Updated,No
INV005535,ST10,P0562,25,33,14,18224.75,2025-12-03,Updated,No
INV006349,ST12,P0265,61,79,33,7821.42,2025-12-02,Updated,No
INV001741,ST03,P0573,7,18,8,14892.99,2025-12-05,Updated,No
INV001721,ST03,P0551,0,47,19,0.0,2025-12-31,Updated,No
INV001882,ST04,P0133,90,77,26,15889.5,2025-12-04,Updated,No
INV002197,ST04,P0491,7,17,7,4988.06,2025-12-13,Updated,No
INV002576,ST05,P0317,23,47,19,3210.11,2025-12-24,Updated,No
INV006144,ST12,P0051,65,92,28,14660.75,2025-12-26,Updated,No
INV003013,ST06,P0210,11,44,20,1102.75,,Not Updated,No
INV005833,ST11,P0300,62,11,4,4490.04,2025-12-20,Updated,No
INV005751,ST11,P0204,157,18,8,37858.98,2025-12-09,Updated,Yes
INV000708,ST02,P0117,29,74,34,408.9,2025-12-22,Updated,No
INV000421,ST01,P0426,47,9,4,4716.45,2025-12-25,Updated,No
INV002692,ST05,P0447,398,74,32,17519.96,2025-12-06,Updated,Yes
INV002156,ST04,P0440,0,86,29,0.0,2025-12-18,Updated,No
INV006084,ST11,P0588,7,19,6,1349.88,2025-12-10,Updated,No
INV004483,ST09,P0027,10,37,18,5452.8,2025-12-12,Updated,No
INV005500,ST10,P0525,6,17,7,4715.28,2025-12-02,Updated,No
INV001522,ST03,P0346,68,93,29,9044.0,,Not Updated,No
INV001663,ST03,P0491,8,17,6,5700.64,2025-12-06,Updated,No
INV000071,ST01,P0072,514,79,29,42759.66,2025-12-05,Updated,Yes
INV002489,ST05,P0220,29,44,14,9789.24,2025-12-17,Updated,No
INV000806,ST02,P0215,35,72,35,742.7,2025-12-01,Updated,No
INV001483,ST03,P0306,15,43,20,1589.4,2025-12-26,Updated,No
INV003121,ST06,P0322,49,11,4,23457.77,2025-12-21,Updated,No
INV000255,ST01,P0259,7,19,7,2337.16,2025-12-25,Updated,No
INV001881,ST04,P0132,57,87,26,12323.4,2025-12-08,Updated,No
INV006128,ST12,P0034,22,32,11,7347.56,2025-12-01,Updated,No
INV001713,ST03,P0543,4,16,6,2852.04,2025-12-23,Updated,No
INV001976,ST04,P0237,7,18,6,664.09,2025-12-08,Updated,No
INV006125,ST12,P0031,0,65,24,0.0,2025-12-03,Updated,No
INV002886,ST06,P0069,67,87,37,4400.56,2025-12-07,Updated,No
INV002366,ST05,P0079,35,72,23,6298.95,2025-12-03,Updated,No
INV006445,ST12,P0365,8,17,7,498.72,2025-12-13,Updated,No
INV003611,ST07,P0258,34,83,41,4303.04,2025-12-16,Updated,No
INV000030,ST01,P0031,67,69,27,24487.16,2025-12-02,Updated,No
INV000879,ST02,P0288,40,85,40,7226.4,2025-12-11,Updated,No
INV002063,ST04,P0340,73,70,34,15532.21,2025-12-11,Updated,No
INV001113,ST02,P0522,13,44,18,13439.14,2025-12-24,Updated,No
INV001706,ST03,P0536,0,39,18,0.0,2025-12-10,Updated,No
INV001562,ST03,P0386,69,17,5,37936.2,2025-12-04,Updated,No
INV004141,ST08,P0242,28,44,19,10130.68,2025-12-18,Updated,No
INV001926,ST04,P0182,513,87,37,266559.93,2025-12-26,Updated,Yes
INV001684,ST03,P0514,17,34,14,7710.86,2025-12-10,Updated,No
INV000924,ST02,P0333,6,18,6,311.04,2025-12-03,Updated,No
INV005629,ST11,P0067,23,45,21,3931.85,2025-12-17,Updated,No
INV000070,ST01,P0071,47,90,29,8747.64,2025-12-29,Updated,No
INV005893,ST11,P0368,17,44,16,7312.55,2025-12-23,Updated,No
INV000687,ST02,P0096,82,66,31,7916.28,2025-12-24,Updated,No
INV002925,ST06,P0110,23,37,15,4953.51,2025-12-07,Updated,No
INV006120,ST12,P0026,50,34,16,27423.0,2025-12-06,Updated,No
INV001626,ST03,P0453,67,76,28,2414.68,2025-12-28,Updated,No
INV004500,ST09,P0048,7,33,12,290.92,2025-12-14,Updated,No
INV006622,ST12,P0556,3,16,5,3585.87,2025-12-31,Updated,No
INV003661,ST07,P0312,26,35,14,6775.08,2025-12-17,Updated,No
INV004252,ST08,P0368,15,34,12,6452.25,2025-12-11,Updated,No
INV006539,ST12,P0465,67,79,29,7162.97,2025-12-11,Updated,No
INV001259,ST03,P0072,75,69,22,6239.25,2025-12-06,Updated,No
INV005681,ST11,P0126,23,41,19,7901.19,2025-12-30,Updated,No
INV001859,ST04,P0107,48,95,47,9249.12,2025-12-27,Updated,No
INV004638,ST09,P0201,0,41,18,0.0,2025-12-17,Updated,No
INV001646,ST03,P0474,20,39,15,11529.0,2025-12-25,Updated,No
INV004547,ST09,P0101,33,76,29,6791.07,2025-12-11,Updated,No
INV005118,ST10,P0122,22,38,17,3634.84,2025-12-10,Updated,No
INV001996,ST04,P0258,3661,89,29,463336.16,2025-12-08,Updated,Yes
INV002292,ST04,P0599,17,47,18,845.92,2025-12-12,Updated,No
INV001185,ST02,P0594,9,17,5,5206.59,2025-12-08,Updated,No
INV003657,ST07,P0307,22,39,19,5378.34,2025-12-04,Updated,No
INV004210,ST08,P0317,22,46,18,3070.54,2025-12-30,Updated,No
INV000571,ST01,P0579,20,35,13,44734.0,2025-12-10,Updated,No
INV003439,ST07,P0075,43,95,32,3074.93,2025-12-10,Updated,No
INV004893,ST09,P0482,23,40,16,5960.91,2025-12-11,Updated,No
INV003049,ST06,P0247,4,19,7,1693.72,2025-12-15,Updated,No
INV006484,ST12,P0405,316,42,18,62959.84,2025-12-05,Updated,Yes
INV003628,ST07,P0276,60,10,3,14616.6,2025-12-21,Updated,No
INV003357,ST06,P0587,13,32,13,3628.95,2025-12-02,Updated,No
INV001830,ST04,P0073,62,76,28,2983.44,2025-12-09,Updated,No
INV002845,ST06,P0024,0,36,15,0.0,2025-12-25,Updated,No
INV002672,ST05,P0424,61,9,3,6753.92,2025-12-10,Updated,No
INV004598,ST09,P0155,27,41,12,10818.36,2025-12-21,Updated,No
INV000309,ST01,P0313,25,33,16,9617.0,2025-12-30,Updated,No
INV002701,ST05,P0456,12,37,11,659.04,2025-12-20,Updated,No
INV004623,ST09,P0184,8,45,16,661.36,2025-12-03,Updated,No
INV003966,ST08,P0041,72,92,34,36914.4,2025-12-08,Updated,No
INV004147,ST08,P0248,10,21,10,1821.9,2025-12-30,Updated,No
INV002222,ST04,P0519,5,16,5,5420.3,2025-12-21,Updated,No
INV003844,ST07,P0508,7,21,8,6740.79,2025-12-17,Updated,No
INV004310,ST08,P0436,312,76,34,31181.28,2025-12-12,Updated,Yes
INV001051,ST02,P0460,10,43,13,1176.8,2025-12-27,Updated,No
INV005680,ST11,P0125,57,93,39,17946.45,2025-12-29,Updated,No
INV005944,ST11,P0424,51,9,3,5646.72,2025-12-04,Updated,No
INV004707,ST09,P0279,25,82,24,14938.25,2025-12-07,Updated,No
INV002614,ST05,P0361,8,23,9,3125.04,2025-12-05,Updated,No
INV002230,ST04,P0527,6,17,5,6047.28,2025-12-19,Updated,No
INV006105,ST12,P0011,33,82,30,992.97,2025-12-09,Updated,No
INV001995,ST04,P0257,184,36,16,42106.56,2025-12-31,Updated,Yes
INV003229,ST06,P0444,10,21,8,1060.2,2025-12-26,Updated,No
INV003129,ST06,P0331,9,20,8,3893.85,2025-12-20,Updated,No
INV002562,ST05,P0301,4,18,5,249.44,2025-12-20,Updated,No
INV004604,ST09,P0162,46,72,22,7336.08,2025-12-16,Updated,No
INV000214,ST01,P0218,72,78,27,10816.56,2025-12-13,Updated,No
INV002936,ST06,P0122,18,41,19,2973.96,,Not Updated,No
INV000511,ST01,P0519,7,19,8,7588.42,2025-12-13,Updated,No
INV002970,ST06,P0162,91,95,42,14512.68,2025-12-13,Updated,No
INV004758,ST09,P0334,19,32,9,3766.18,2025-12-14,Updated,No
INV001440,ST03,P0258,491,72,30,62140.96,2025-12-05,Updated,Yes
INV005282,ST10,P0297,221,36,13,60978.32,2025-12-10,Updated,Yes
INV004935,ST09,P0525,3,18,5,2357.64,2025-12-04,Updated,No
INV001052,ST02,P0461,13,37,13,1209.91,2025-12-24,Updated,No
INV003744,ST07,P0404,0,44,17,0.0,2025-12-26,Updated,No
INV001453,ST03,P0271,15,47,18,2175.0,2025-12-24,Updated,No
INV001676,ST03,P0505,16,33,14,3106.4,2025-12-02,Updated,No
INV002720,ST05,P0481,9,40,15,3253.5,2025-12-24,Updated,No
INV005773,ST11,P0232,91,69,30,50487.71,2025-12-13,Updated,No
INV003615,ST07,P0262,230,44,16,12965.1,2025-12-28,Updated,Yes
INV000151,ST01,P0153,65,77,24,22829.3,2025-12-26,Updated,No
INV005547,ST10,P0575,23,43,14,35418.85,2025-12-04,Updated,No
INV001742,ST03,P0574,61,18,7,109282.11,2025-12-24,Updated,No
INV005723,ST11,P0172,11,40,16,5731.99,2025-12-11,Updated,No
INV003481,ST07,P0119,94,80,29,34594.82,2025-12-03,Updated,No
INV001595,ST03,P0422,504,10,4,46579.68,2025-12-30,Updated,Yes
INV002306,ST05,P0014,71,68,27,34437.13,2025-12-26,Updated,No
INV003823,ST07,P0487,27,43,19,11476.35,2025-12-02,Updated,No
INV003668,ST07,P0320,25,70,21,1394.5,2025-12-07,Updated,No
INV002099,ST04,P0379,17,36,11,5921.95,2025-12-02,Updated,No
INV002053,ST04,P0329,27,46,18,1571.4,2025-12-07,Updated,No
INV001133,ST02,P0542,31,44,13,20000.58,2025-12-14,Updated,No
INV001239,ST03,P0050,79,87,30,17807.39,2025-12-13,Updated,No
INV005249,ST10,P0262,17,41,16,958.29,2025-12-15,Updated,No
INV003389,ST07,P0023,10,32,15,1042.5,2025-12-10,Updated,No
INV003355,ST06,P0585,58,8,3,11913.78,2025-12-03,Updated,No
INV006566,ST12,P0498,6,16,4,4697.34,2025-12-10,Updated,No
INV001970,ST04,P0231,72,94,34,42047.28,2025-12-18,Updated,No
INV003101,ST06,P0302,12,43,13,3619.32,2025-12-18,Updated,No
INV000724,ST02,P0133,75,65,30,13241.25,2025-12-05,Updated,No
INV004699,ST09,P0270,189,40,14,11230.38,2025-12-11,Updated,Yes
INV005310,ST10,P0325,203,45,14,72986.62,2025-12-27,Updated,Yes
INV000334,ST01,P0338,66,11,4,18433.14,2025-12-23,Updated,No
INV004220,ST08,P0331,3,21,8,1297.95,2025-12-04,Updated,No
INV002301,ST05,P0009,30,73,26,8599.8,2025-12-28,Updated,No
INV000837,ST02,P0246,16,41,12,4017.6,2025-12-17,Updated,No
INV006579,ST12,P0511,30,38,13,7344.3,2025-12-02,Updated,No
INV005950,ST11,P0432,6,22,10,648.66,2025-12-30,Updated,No
INV003238,ST06,P0454,50,77,35,5820.0,2025-12-24,Updated,No
INV006661,ST12,P0598,22,36,11,4230.38,,Not Updated,No
INV000468,ST01,P0475,27,32,14,7172.01,2025-12-03,Updated,No
INV001588,ST03,P0415,25,43,16,6081.25,2025-12-02,Updated,No
INV004708,ST09,P0280,0,77,26,0.0,2025-12-21,Updated,No
INV003042,ST06,P0240,24,37,16,14074.8,2025-12-17,Updated,No
INV004947,ST09,P0537,43,10,3,32132.61,2025-12-26,Updated,No
INV002342,ST05,P0054,52,91,30,6138.6,,Not Updated,No
INV003790,ST07,P0453,75,81,27,2703.0,2025-12-26,Updated,No
INV003427,ST07,P0063,64,81,33,12851.84,2025-12-26,Updated,No
INV005998,ST11,P0486,11,41,14,486.2,2025-12-01,Updated,No
INV001365,ST03,P0181,31,75,30,13867.23,2025-12-04,Updated,No
INV006411,ST12,P0330,5,20,6,2137.75,2025-12-08,Updated,No
INV005045,ST10,P0042,19,47,21,5788.35,2025-12-21,Updated,No
INV000295,ST01,P0299,10,22,9,2303.5,2025-12-21,Updated,No
INV002049,ST04,P0323,0,33,15,0.0,2025-12-03,Updated,No
INV005330,ST10,P0346,54,93,38,7182.0,,Not Updated,No
INV005997,ST11,P0485,5,20,9,2806.7,2025-12-11,Updated,No
INV003376,ST07,P0007,12,37,15,6463.32,2025-12-09,Updated,No
INV006659,ST12,P0595,10,18,6,3034.8,2025-12-19,Updated,No
INV001360,ST03,P0176,8,19,6,714.72,2025-12-28,Updated,No
INV001068,ST02,P0477,29,44,13,4423.66,2025-12-11,Updated,No
INV005054,ST10,P0053,22,41,20,11517.44,2025-12-15,Updated,No
INV004743,ST09,P0317,15,34,11,2093.55,2025-12-27,Updated,No
INV006289,ST12,P0201,20,35,17,3194.6,2025-12-28,Updated,No
INV002604,ST05,P0349,66,91,41,9078.3,2025-12-12,Updated,No
INV003800,ST07,P0463,85,64,24,9678.95,2025-12-28,Updated,No
INV002454,ST05,P0179,28,46,22,675.36,2025-12-05,Updated,No
INV006438,ST12,P0358,15,43,20,3952.5,2025-12-21,Updated,No
INV002725,ST05,P0490,18,36,17,8055.54,2025-12-01,Updated,No
INV003663,ST07,P0314,11,43,18,2987.93,2025-12-23,Updated,No
INV004954,ST09,P0545,21,36,14,17485.86,2025-12-06,Updated,No
INV000765,ST02,P0174,5,22,7,996.95,2025-12-04,Updated,No
INV004614,ST09,P0174,6,21,8,1196.34,2025-12-25,Updated,No
INV004230,ST08,P0343,23,42,17,10602.31,2025-12-27,Updated,No
INV001798,ST04,P0037,22,47,17,9181.48,2025-12-24,Updated,No
INV002664,ST05,P0416,9,22,9,1857.42,2025-12-22,Updated,No
INV000451,ST01,P0457,69,77,36,1636.68,2025-12-18,Updated,No
INV001345,ST03,P0161,32,72,26,11389.76,2025-12-12,Updated,No
INV005648,ST11,P0089,18,43,16,3294.72,2025-12-21,Updated,No
INV001543,ST03,P0367,23,34,10,7405.08,2025-12-10,Updated,No
INV006610,ST12,P0542,23,43,15,14839.14,2025-12-23,Updated,No
INV005957,ST11,P0440,37,84,38,2103.45,2025-12-23,Updated,No
INV003037,ST06,P0235,25,41,18,3970.75,2025-12-17,Updated,No
INV000143,ST01,P0145,29,77,30,9477.78,2025-12-24,Updated,No
INV000902,ST02,P0311,11,41,12,3833.72,2025-12-26,Updated,No
INV001504,ST03,P0327,20,38,15,8220.0,2025-12-12,Updated,No
INV002612,ST05,P0359,76,19,7,42756.84,2025-12-25,Updated,No
INV004272,ST08,P0391,80,21,7,21955.2,2025-12-25,Updated,No
INV003048,ST06,P0246,24,47,14,6026.4,2025-12-21,Updated,No
INV004918,ST09,P0508,7,17,8,6740.79,2025-12-06,Updated,No
INV002018,ST04,P0287,20,39,15,7042.2,2025-12-06,Updated,No
INV004566,ST09,P0121,0,88,39,0.0,2025-12-26,Updated,No
INV001932,ST04,P0188,21,34,14,4073.37,2025-12-29,Updated,No
INV000063,ST01,P0064,26,42,13,2760.94,2025-12-21,Updated,No
INV005208,ST10,P0219,7,36,17,3213.49,2025-12-14,Updated,No
INV003278,ST06,P0501,7,19,8,3919.3,2025-12-01,Updated,No
INV001340,ST03,P0155,24,36,13,9616.32,2025-12-26,Updated,No
INV006358,ST12,P0274,9,22,8,2610.0,2025-12-04,Updated,No
INV003453,ST07,P0091,8,22,10,1665.04,2025-12-30,Updated,No
INV001124,ST02,P0533,31,40,17,33061.5,2025-12-10,Updated,No
INV004880,ST09,P0466,24,44,15,1596.24,2025-12-15,Updated,No
INV003196,ST06,P0406,9,18,5,1081.98,2025-12-17,Updated,No
INV005099,ST10,P0102,54,70,26,19453.5,2025-12-09,Updated,No
INV001498,ST03,P0321,271,38,17,66798.79,2025-12-05,Updated,Yes
INV005303,ST10,P0318,125,33,13,9340.0,2025-12-27,Updated,Yes
INV004624,ST09,P0185,49,73,34,20688.78,2025-12-25,Updated,No
INV003468,ST07,P0106,7,18,6,433.44,2025-12-28,Updated,No
INV004745,ST09,P0319,0,82,38,0.0,2025-12-22,Updated,No
INV001200,ST03,P0009,0,75,26,0.0,,Not Updated,No
INV002400,ST05,P0120,26,87,27,3643.64,2025-12-28,Updated,No
INV005809,ST11,P0273,21,46,18,12120.99,2025-12-07,Updated,No
INV002130,ST04,P0412,34,67,30,15125.58,2025-12-27,Updated,No
INV005760,ST11,P0215,21,77,27,445.62,,Not Updated,No
INV005393,ST10,P0410,17,46,19,2031.33,2025-12-09,Updated,No
INV005335,ST10,P0351,23,42,18,5836.25,2025-12-07,Updated,No
INV003470,ST07,P0108,832,80,37,312341.12,2025-12-03,Updated,Yes
INV003262,ST06,P0484,5,16,5,633.15,2025-12-18,Updated,No
INV003546,ST07,P0190,21,44,19,4907.91,2025-12-01,Updated,No
INV004695,ST09,P0266,63,9,3,17625.51,2025-12-19,Updated,No
INV000129,ST01,P0131,13,47,18,4243.46,2025-12-29,Updated,No
INV005851,ST11,P0323,19,32,10,2017.61,2025-12-19,Updated,No
INV005959,ST11,P0442,45,89,34,2804.4,2025-12-13,Updated,No
INV000651,ST02,P0060,31,86,26,916.36,2025-12-14,Updated,No
INV000898,ST02,P0307,17,43,16,4155.99,2025-12-31,Updated,No
INV003930,ST08,P0001,56,67,29,17055.92,2025-12-16,Updated,No
INV003053,ST06,P0251,20,45,21,7686.6,2025-12-03,Updated,No
INV001188,ST02,P0597,26,41,15,10409.36,2025-12-15,Updated,No
INV002001,ST04,P0266,31,9,3,8672.87,2025-12-04,Updated,No
INV002412,ST05,P0134,14,47,14,7356.72,2025-12-22,Updated,No
INV005105,ST10,P0109,55,94,35,11873.95,2025-12-24,Updated,No
INV003266,ST06,P0488,8,19,6,3764.32,2025-12-24,Updated,No
INV001121,ST02,P0530,39,11,3,7266.87,2025-12-18,Updated,No
INV006439,ST12,P0359,7,20,7,3938.13,2025-12-29,Updated,No
INV003729,ST07,P0387,49,89,40,29028.09,2025-12-27,Updated,No
INV000040,ST01,P0041,31,67,23,15893.7,2025-12-28,Updated,No
INV005199,ST10,P0210,10,39,13,1002.5,2025-12-25,Updated,No
INV000482,ST01,P0489,18,43,17,1402.92,2025-12-17,Updated,No
INV004499,ST09,P0046,17,43,15,7855.36,2025-12-24,Updated,No
INV005246,ST10,P0259,8,16,7,2671.04,2025-12-09,Updated,No
INV004170,ST08,P0275,8,23,8,1178.4,2025-12-24,Updated,No
INV001146,ST02,P0555,21,42,16,4410.0,2025-12-12,Updated,No
INV005395,ST10,P0413,80,87,36,20895.2,2025-12-03,Updated,No
INV001868,ST04,P0117,46,79,29,648.6,2025-12-16,Updated,No
INV001928,ST04,P0184,16,43,18,1322.72,2025-12-31,Updated,No
INV003972,ST08,P0050,77,69,32,17356.57,2025-12-06,Updated,No
INV003629,ST07,P0277,24,37,13,12593.28,2025-12-20,Updated,No
INV005993,ST11,P0479,7,21,7,2032.24,2025-12-21,Updated,No
INV001860,ST04,P0108,0,78,24,0.0,2025-12-31,Updated,No
INV005279,ST10,P0294,35,66,26,9890.3,2025-12-22,Updated,No
INV002976,ST06,P0169,20,36,16,7845.8,2025-12-18,Updated,No
INV001103,ST02,P0512,0,47,16,0.0,2025-12-12,Updated,No
INV002882,ST06,P0065,0,83,25,0.0,2025-12-06,Updated,No
INV005353,ST10,P0369,16,44,20,4169.76,2025-12-04,Updated,No
INV005083,ST10,P0085,68,88,29,11408.36,2025-12-14,Updated,No
INV000805,ST02,P0214,851,90,29,201704.02,,Not Updated,Yes
INV004161,ST08,P0265,43,91,32,5513.46,2025-12-28,Updated,No
INV003750,ST07,P0411,14,39,18,5637.38,2025-12-22,Updated,No
INV006298,ST12,P0210,27,35,11,2706.75,2025-12-12,Updated,No
INV001886,ST04,P0138,53,70,21,1564.56,2025-12-28,Updated,No
INV006275,ST12,P0187,61,85,41,14463.1,2025-12-03,Updated,No
INV005484,ST10,P0508,6,20,6,5777.82,2025-12-08,Updated,No
INV004655,ST09,P0220,16,34,12,5400.96,2025-12-12,Updated,No
INV003072,ST06,P0271,29,32,12,4205.0,2025-12-13,Updated,No
INV003324,ST06,P0550,0,34,16,0.0,2025-12-06,Updated,No
INV003323,ST06,P0549,28,9,3,18525.36,2025-12-13,Updated,No
INV001527,ST03,P0351,0,38,11,0.0,2025-12-24,Updated,No
INV005938,ST11,P0417,17,43,15,1535.27,2025-12-20,Updated,No
INV003787,ST07,P0450,4,18,8,94.92,2025-12-29,Updated,No
INV003857,ST07,P0523,0,38,11,0.0,2025-12-27,Updated,No
INV002784,ST05,P0556,6,19,7,7171.74,2025-12-18,Updated,No
INV003303,ST06,P0528,23,33,12,19333.34,2025-12-18,Updated,No
INV000683,ST02,P0092,32,84,39,1855.04,2025-12-28,Updated,No
INV002286,ST04,P0592,31,8,3,6828.99,2025-12-31,Updated,No
INV003758,ST07,P0419,16,38,14,9058.56,2025-12-11,Updated,No
INV001444,ST03,P0262,22,39,17,1240.14,2025-12-29,Updated,No
INV003265,ST06,P0487,20,42,18,8501.0,2025-12-23,Updated,No
INV001806,ST04,P0045,66,77,32,28469.1,2025-12-10,Updated,No
INV002243,ST04,P0541,30,44,13,19277.1,2025-12-05,Updated,No
INV001796,ST04,P0034,20,33,14,6679.6,2025-12-22,Updated,No
INV002642,ST05,P0393,24,42,13,12798.48,2025-12-26,Updated,No
INV000031,ST01,P0032,18,40,18,3264.3,2025-12-03,Updated,No
INV002930,ST06,P0115,0,39,17,0.0,2025-12-22,Updated,No
INV005923,ST11,P0399,267,45,17,127100.01,2025-12-16,Updated,Yes
INV004653,ST09,P0216,26,40,17,9508.98,2025-12-31,Updated,No
INV001563,ST03,P0387,67,88,41,39691.47,2025-12-19,Updated,No
INV000603,ST02,P0012,43,68,22,2693.95,2025-12-11,Updated,No
INV002652,ST05,P0404,20,40,17,10798.8,2025-12-20,Updated,No
INV001073,ST02,P0482,14,32,14,3628.38,2025-12-09,Updated,No
INV000930,ST02,P0339,3,22,7,958.23,2025-12-09,Updated,No
INV004355,ST08,P0489,237,36,17,18471.78,2025-12-10,Updated,Yes
INV002433,ST05,P0155,28,33,10,11219.04,2025-12-24,Updated,No
INV003717,ST07,P0374,32,41,12,16433.28,2025-12-13,Updated,No
INV000012,ST01,P0013,21,35,12,2634.24,2025-12-27,Updated,No
INV006355,ST12,P0271,22,40,12,3190.0,2025-12-19,Updated,No
INV004962,ST09,P0553,15,36,13,8201.1,2025-12-06,Updated,No
INV005092,ST10,P0095,78,75,24,6681.48,2025-12-31,Updated,No
INV003728,ST07,P0386,5,22,10,2749.0,2025-12-22,Updated,No
INV005424,ST10,P0445,50,36,11,4190.0,2025-12-12,Updated,No
INV002619,ST05,P0366,7,21,7,2469.74,2025-12-30,Updated,No
INV002501,ST05,P0232,50,80,31,27740.5,2025-12-17,Updated,No
INV006370,ST12,P0286,9,23,10,1539.54,2025-12-04,Updated,No
INV001734,ST03,P0564,7,21,10,15528.87,2025-12-17,Updated,No
INV003593,ST07,P0238,7,19,9,573.58,2025-12-22,Updated,No
INV003496,ST07,P0134,23,33,10,12086.04,2025-12-10,Updated,No
INV002379,ST05,P0094,16,33,14,3054.4,2025-12-19,Updated,No
INV004901,ST09,P0490,0,34,11,0.0,2025-12-12,Updated,No
INV006331,ST12,P0245,13,40,15,5985.72,2025-12-20,Updated,No
INV002806,ST05,P0582,9,17,5,14050.98,2025-12-25,Updated,No
INV002623,ST05,P0370,63,76,28,17846.64,2025-12-06,Updated,No
INV005592,ST11,P0023,0,41,13,0.0,2025-12-31,Updated,No
INV001548,ST03,P0372,0,32,14,0.0,2025-12-02,Updated,No
INV006623,ST12,P0557,8,18,8,8869.28,2025-12-25,Updated,No
INV002989,ST06,P0184,25,38,15,2066.75,,Not Updated,No
INV002397,ST05,P0116,20,46,14,930.4,2025-12-30,Updated,No
INV004086,ST08,P0179,15,33,15,361.8,2025-12-05,Updated,No
INV006106,ST12,P0012,62,91,34,3884.3,2025-12-13,Updated,No
INV002278,ST04,P0584,4,18,6,6168.48,2025-12-14,Updated,No
INV001452,ST03,P0270,10,47,19,594.2,2025-12-12,Updated,No
INV001169,ST02,P0578,17,36,15,19184.5,2025-12-30,Updated,No
INV002277,ST04,P0583,15,35,12,27618.9,2025-12-08,Updated,No
INV000789,ST02,P0198,5,16,5,240.75,2025-12-12,Updated,No
INV004053,ST08,P0143,92,77,30,30157.6,2025-12-31,Updated,No
INV001966,ST04,P0227,18,42,14,4620.42,2025-12-13,Updated,No
INV001639,ST03,P0466,20,44,21,1330.2,2025-12-09,Updated,No
INV005631,ST11,P0069,31,81,35,2036.08,2025-12-30,Updated,No
INV005635,ST11,P0074,85,84,27,7725.65,2025-12-02,Updated,No
INV001660,ST03,P0488,8,23,8,3764.32,2025-12-13,Updated,No
INV001242,ST03,P0053,19,47,22,9946.88,2025-12-07,Updated,No
INV002181,ST04,P0472,55,9,3,4408.8,2025-12-10,Updated,No
INV005820,ST11,P0284,30,42,19,16599.3,2025-12-21,Updated,No
INV003682,ST07,P0336,20,36,13,976.6,2025-12-09,Updated,No
INV006606,ST12,P0538,34,9,3,35502.46,2025-12-20,Updated,No
INV004292,ST08,P0415,170,46,18,41352.5,2025-12-25,Updated,Yes
INV005776,ST11,P0235,17,46,16,2700.11,2025-12-27,Updated,No
INV004953,ST09,P0544,10,16,7,4183.1,2025-12-30,Updated,No
INV003582,ST07,P0226,7,16,5,3705.31,2025-12-02,Updated,No
INV001940,ST04,P0198,6,17,6,288.9,2025-12-08,Updated,No
INV002207,ST04,P0503,12,23,8,11712.6,2025-12-22,Updated,No
INV002440,ST05,P0163,22,44,14,1496.44,2025-12-17,Updated,No
INV005201,ST10,P0212,36,70,29,993.96,2025-12-16,Updated,No
INV004535,ST09,P0087,21,47,21,1645.98,,Not Updated,No
INV005685,ST11,P0130,13,37,11,6103.63,2025-12-08,Updated,No
INV006213,ST12,P0123,27,87,27,3507.57,2025-12-28,Updated,No
INV003396,ST07,P0031,47,95,45,17177.56,2025-12-22,Updated,No
INV006248,ST12,P0158,32,77,27,1490.88,2025-12-10,Updated,No
INV006177,ST12,P0085,52,77,24,8724.04,2025-12-07,Updated,No
INV004868,ST09,P0454,25,87,28,2910.0,2025-12-07,Updated,No
INV002495,ST05,P0226,64,16,7,33877.12,2025-12-30,Updated,No
INV002999,ST06,P0195,30,32,15,2003.7,2025-12-02,Updated,No
INV003977,ST08,P0057,437,81,24,157547.24,2025-12-14,Updated,Yes
INV002656,ST05,P0408,310,45,20,59681.2,2025-12-14,Updated,Yes
INV000402,ST01,P0406,6,23,8,721.32,2025-12-20,Updated,No
INV005000,ST09,P0594,6,16,5,3471.06,2025-12-26,Updated,No
INV002331,ST05,P0041,35,66,26,17944.5,2025-12-17,Updated,No
INV004168,ST08,P0273,274,43,21,158150.06,2025-12-27,Updated,Yes
INV006223,ST12,P0133,0,90,37,0.0,2025-12-27,Updated,No
INV002792,ST05,P0565,35,9,2,77865.2,2025-12-02,Updated,No
INV006582,ST12,P0514,15,44,14,6803.7,2025-12-27,Updated,No
INV001778,ST04,P0013,0,37,17,0.0,2025-12-22,Updated,No
INV002965,ST06,P0157,57,64,27,7741.17,2025-12-25,Updated,No
INV002052,ST04,P0327,153,41,13,62883.0,2025-12-28,Updated,Yes
INV004037,ST08,P0123,41,74,36,5326.31,2025-12-14,Updated,No
INV005707,ST11,P0155,15,42,20,6010.2,2025-12-28,Updated,No
INV003397,ST07,P0032,26,36,12,4715.1,2025-12-05,Updated,No
INV004417,ST08,P0555,23,42,16,4830.0,2025-12-07,Updated,No
INV002084,ST04,P0364,19,34,15,9294.99,2025-12-31,Updated,No
INV005502,ST10,P0527,6,23,7,6047.28,2025-12-26,Updated,No
INV003778,ST07,P0440,434,84,40,24672.9,2025-12-25,Updated,Yes
INV004308,ST08,P0434,53,69,26,5740.96,2025-12-23,Updated,No
INV002816,ST05,P0592,51,9,4,11234.79,2025-12-04,Updated,No
INV003025,ST06,P0222,114,20,8,62783.22,2025-12-17,Updated,Yes
INV002833,ST06,P0011,28,91,38,842.52,2025-12-02,Updated,No
INV002015,ST04,P0283,84,11,3,29879.64,2025-12-20,Updated,No
INV005695,ST11,P0141,22,33,10,5868.28,,Not Updated,No
INV005464,ST10,P0487,28,44,19,11901.4,2025-12-27,Updated,No
INV003373,ST07,P0004,19,74,33,9345.53,2025-12-03,Updated,No
INV004763,ST09,P0340,51,94,30,10851.27,2025-12-03,Updated,No
INV002264,ST04,P0566,7,19,6,4839.24,2025-12-29,Updated,No
INV001154,ST02,P0563,14,34,13,4368.98,2025-12-06,Updated,No
INV000383,ST01,P0387,39,93,43,23103.99,2025-12-13,Updated,No
INV001777,ST04,P0012,927,94,41,58076.55,,Not Updated,Yes
INV004442,ST08,P0584,3,16,6,4626.36,2025-12-21,Updated,No
INV004155,ST08,P0259,6,20,9,2003.28,2025-12-09,Updated,No
INV003831,ST07,P0495,4,23,7,4337.6,2025-12-10,Updated,No
INV005656,ST11,P0097,15,47,18,497.1,2025-12-12,Updated,No
INV004518,ST09,P0067,0,45,20,0.0,2025-12-23,Updated,No
INV004934,ST09,P0524,33,10,3,17853.0,,Not Updated,No
INV006101,ST12,P0007,13,36,13,7001.93,2025-12-16,Updated,No
INV000369,ST01,P0373,0,41,13,0.0,2025-12-06,Updated,No
INV002051,ST04,P0326,0,47,18,0.0,2025-12-23,Updated,No
INV001921,ST04,P0176,7,17,8,625.38,2025-12-27,Updated,No
INV003973,ST08,P0051,503,93,28,113451.65,2025-12-22,Updated,Yes
INV004081,ST08,P0173,27,38,18,7088.85,2025-12-27,Updated,No
INV004377,ST08,P0513,5,22,8,2322.35,2025-12-07,Updated,No
INV006291,ST12,P0203,26,37,14,3544.06,2025-12-23,Updated,No
INV006446,ST12,P0366,9,23,7,3175.38,2025-12-22,Updated,No
INV002744,ST05,P0513,9,17,7,4180.23,2025-12-26,Updated,No
INV001587,ST03,P0413,60,74,29,15671.4,2025-12-26,Updated,No
INV001845,ST04,P0092,0,64,27,0.0,2025-12-07,Updated,No
INV003304,ST06,P0529,9,38,14,4554.45,2025-12-15,Updated,No
INV004091,ST08,P0185,50,66,30,21111.0,2025-12-31,Updated,No
INV000266,ST01,P0270,15,36,11,891.3,2025-12-12,Updated,No
INV006368,ST12,P0284,0,38,11,0.0,2025-12-15,Updated,No
INV006134,ST12,P0040,51,79,31,11681.55,2025-12-25,Updated,No
INV002268,ST04,P0570,9,23,10,11547.81,2025-12-28,Updated,No
INV000625,ST02,P0034,10,46,22,3339.8,2025-12-30,Updated,No
INV003179,ST06,P0388,8,23,10,4030.72,2025-12-14,Updated,No
INV001545,ST03,P0369,28,38,18,7297.08,2025-12-30,Updated,No
INV004888,ST09,P0476,9,18,5,4871.52,2025-12-14,Updated,No
INV001186,ST02,P0595,7,16,5,2124.36,2025-12-23,Updated,No
INV004123,ST08,P0219,23,42,16,10558.61,2025-12-24,Updated,No
INV004546,ST09,P0100,11,43,13,6476.47,2025-12-26,Updated,No
INV005167,ST10,P0177,48,73,28,12614.88,2025-12-09,Updated,No
INV001388,ST03,P0206,9,18,8,781.2,2025-12-30,Updated,No
INV003146,ST06,P0348,284,47,21,153592.88,2025-12-25,Updated,Yes
INV001277,ST03,P0090,9,21,9,224.19,2025-12-23,Updated,No
INV004712,ST09,P0284,22,42,14,12172.82,2025-12-02,Updated,No
INV002846,ST06,P0025,45,90,38,17533.8,2025-12-16,Updated,No
INV004649,ST09,P0212,52,92,33,1435.72,2025-12-15,Updated,No
INV006187,ST12,P0095,41,86,28,3512.06,2025-12-10,Updated,No
INV004273,ST08,P0392,8,17,5,221.36,2025-12-12,Updated,No
INV001800,ST04,P0039,34,91,37,16451.24,2025-12-14,Updated,No
INV001820,ST04,P0059,72,78,34,34691.04,2025-12-27,Updated,No
INV005671,ST11,P0115,21,36,16,11870.46,2025-12-10,Updated,No
INV002900,ST06,P0083,25,71,28,1377.75,2025-12-10,Updated,No
INV004842,ST09,P0425,7,17,7,3299.87,2025-12-17,Updated,No
INV002852,ST06,P0033,35,81,29,11054.4,2025-12-18,Updated,No
INV006338,ST12,P0253,76,72,22,16110.48,2025-12-19,Updated,No
INV000674,ST02,P0083,53,65,30,2920.83,2025-12-18,Updated,No
INV005594,ST11,P0025,568,65,30,221315.52,2025-12-13,Updated,Yes
INV002643,ST05,P0394,68,70,21,3378.24,2025-12-02,Updated,No
INV006387,ST12,P0304,25,44,18,13027.25,2025-12-10,Updated,No
INV003968,ST08,P0044,38,79,24,22596.7,,Not Updated,No
INV005705,ST11,P0153,0,74,28,0.0,2025-12-01,Updated,No
INV000018,ST01,P0019,65,85,30,27198.6,2025-12-01,Updated,No
INV005939,ST11,P0418,19,39,11,1763.96,2025-12-16,Updated,No
INV002029,ST04,P0300,34,10,3,2462.28,2025-12-02,Updated,No
INV000510,ST01,P0518,8,19,7,9329.2,2025-12-25,Updated,No
INV004176,ST08,P0281,20,44,16,3679.8,2025-12-04,Updated,No
INV006063,ST11,P0564,4,17,7,8873.64,2025-12-09,Updated,No
INV001212,ST03,P0021,8,22,7,247.12,2025-12-16,Updated,No
INV005640,ST11,P0079,23,79,24,4139.31,2025-12-12,Updated,No
INV003021,ST06,P0218,66,80,31,9915.18,2025-12-30,Updated,No
INV003175,ST06,P0383,328,85,39,184503.28,2025-12-17,Updated,Yes
INV002171,ST04,P0461,21,35,15,1954.47,2025-12-17,Updated,No
INV004257,ST08,P0374,19,37,11,9757.26,2025-12-20,Updated,No
INV005321,ST10,P0336,26,35,11,1269.58,2025-12-17,Updated,No
INV001238,ST03,P0049,20,47,21,544.6,2025-12-18,Updated,No
INV000478,ST01,P0485,5,22,7,2806.7,2025-12-02,Updated,No
INV006508,ST12,P0431,48,70,23,1191.36,2025-12-11,Updated,No
INV004716,ST09,P0288,31,81,34,5600.46,2025-12-11,Updated,No
INV004336,ST08,P0465,39,82,32,4169.49,2025-12-23,Updated,No
INV005002,ST09,P0596,24,33,10,5552.4,,Not Updated,No
INV001681,ST03,P0511,26,46,17,6365.06,2025-12-14,Updated,No
INV006186,ST12,P0094,26,39,17,4963.4,2025-12-26,Updated,No
INV004853,ST09,P0438,332,94,36,18263.32,2025-12-16,Updated,Yes
INV002556,ST05,P0295,31,77,33,12411.47,2025-12-19,Updated,No
INV003176,ST06,P0384,45,77,33,7265.25,2025-12-16,Updated,No
INV005777,ST11,P0236,8,16,7,2680.48,2025-12-26,Updated,No
INV000303,ST01,P0307,13,43,14,3178.11,2025-12-04,Updated,No
INV000888,ST02,P0297,9,45,14,2483.28,2025-12-03,Updated,No
INV005426,ST10,P0447,49,70,32,2156.98,,Not Updated,No
INV006405,ST12,P0323,16,44,13,1699.04,2025-12-09,Updated,No
INV004873,ST09,P0459,83,69,23,1707.31,2025-12-09,Updated,No
INV002896,ST06,P0079,63,68,33,11338.11,2025-12-05,Updated,No
INV006154,ST12,P0061,9,42,18,1665.99,2025-12-22,Updated,No
INV006046,ST11,P0545,19,36,14,15820.54,2025-12-05,Updated,No
INV003043,ST06,P0241,8,18,7,2923.68,2025-12-17,Updated,No
INV004102,ST08,P0197,24,45,14,992.64,2025-12-18,Updated,No
INV003001,ST06,P0197,15,39,15,620.4,2025-12-23,Updated,No
INV002334,ST05,P0044,47,91,31,27948.55,2025-12-01,Updated,No
INV002837,ST06,P0015,66,68,32,28974.0,2025-12-12,Updated,No
INV002660,ST05,P0412,82,92,38,36479.34,2025-12-16,Updated,No
INV002323,ST05,P0033,36,89,27,11370.24,2025-12-11,Updated,No
INV000957,ST02,P0366,6,19,6,2116.92,2025-12-22,Updated,No
INV006619,ST12,P0553,21,47,21,11481.54,2025-12-23,Updated,No
INV000664,ST02,P0073,48,91,35,2309.76,2025-12-22,Updated,No
INV005095,ST10,P0098,22,32,14,3049.64,,Not Updated,No
INV000529,ST01,P0537,59,8,3,44088.93,2025-12-18,Updated,No
INV002573,ST05,P0313,15,41,13,5770.2,2025-12-31,Updated,No
INV002125,ST04,P0406,4,17,5,480.88,2025-12-08,Updated,No
INV003521,ST07,P0161,72,69,31,25626.96,2025-12-07,Updated,No
INV004469,ST09,P0013,165,41,16,20697.6,2025-12-30,Updated,Yes
INV006647,ST12,P0582,63,17,6,98356.86,2025-12-31,Updated,No
INV005471,ST10,P0495,5,20,9,5422.0,2025-12-03,Updated,No
INV000586,ST01,P0595,8,17,5,2427.84,2025-12-06,Updated,No
INV003591,ST07,P0236,8,18,8,2680.48,,Not Updated,No
INV003865,ST07,P0532,9,33,11,8866.26,2025-12-05,Updated,No
INV006096,ST12,P0002,14,46,18,7973.14,2025-12-26,Updated,No
INV001313,ST03,P0128,19,46,21,1941.99,2025-12-26,Updated,No
INV006448,ST12,P0368,19,40,17,8172.85,2025-12-30,Updated,No
INV004358,ST08,P0492,7,22,6,5310.34,2025-12-25,Updated,No
INV001166,ST02,P0575,20,39,16,30799.0,2025-12-15,Updated,No
INV002945,ST06,P0132,33,87,39,7134.6,2025-12-08,Updated,No
INV005667,ST11,P0108,58,76,33,21773.78,2025-12-27,Updated,No
INV005374,ST10,P0390,24,47,21,11236.56,2025-12-02,Updated,No
INV000525,ST01,P0533,0,41,17,0.0,2025-12-21,Updated,No
INV001618,ST03,P0445,19,44,19,1592.2,2025-12-05,Updated,No
INV002135,ST04,P0418,141,40,12,13090.44,2025-12-15,Updated,Yes
INV006271,ST12,P0183,89,83,39,6163.25,2025-12-09,Updated,No
INV004398,ST08,P0536,17,44,21,9405.76,2025-12-21,Updated,No
INV006635,ST12,P0570,7,21,8,8981.63,2025-12-18,Updated,No
INV002376,ST05,P0091,4,20,6,832.52,2025-12-07,Updated,No
INV003478,ST07,P0116,24,47,23,1116.48,2025-12-19,Updated,No
INV003848,ST07,P0512,9,40,15,2812.41,2025-12-06,Updated,No
INV003167,ST06,P0374,15,33,10,7703.1,,Not Updated,No
INV006077,ST11,P0580,74,11,3,24167.66,2025-12-28,Updated,No
INV006074,ST11,P0577,51,9,3,77316.51,2025-12-07,Updated,No
INV005062,ST10,P0061,17,42,13,3146.87,2025-12-12,Updated,No
INV004719,ST09,P0291,9,38,16,4956.84,2025-12-15,Updated,No
INV001110,ST02,P0519,5,17,7,5420.3,2025-12-20,Updated,No
INV004616,ST09,P0176,7,22,9,625.38,2025-12-01,Updated,No
INV002523,ST05,P0255,74,11,3,42104.52,2025-12-01,Updated,No
INV001858,ST04,P0106,6,16,4,371.52,2025-12-22,Updated,No
INV006030,ST11,P0525,91,16,6,71515.08,2025-12-22,Updated,No
INV001864,ST04,P0112,52,69,23,28570.36,,Not Updated,No
INV001653,ST03,P0481,32,36,17,11568.0,2025-12-09,Updated,No
INV000230,ST01,P0234,9,22,9,3755.52,2025-12-20,Updated,No
INV001047,ST02,P0456,27,46,21,1482.84,2025-12-13,Updated,No
INV003282,ST06,P0505,29,37,15,5630.35,2025-12-12,Updated,No
INV002885,ST06,P0068,36,64,27,8526.24,2025-12-01,Updated,No
INV003386,ST07,P0020,29,45,21,2747.46,2025-12-14,Updated,No
INV006119,ST12,P0025,29,75,31,11299.56,2025-12-12,Updated,No
INV004407,ST08,P0545,16,33,15,13322.56,2025-12-07,Updated,No
INV000277,ST01,P0281,16,41,13,2943.84,2025-12-09,Updated,No
INV004253,ST08,P0369,0,36,14,0.0,2025-12-14,Updated,No
INV006357,ST12,P0273,25,46,15,14429.75,2025-12-16,Updated,No
INV005995,ST11,P0481,30,46,19,10845.0,2025-12-22,Updated,No
INV001092,ST02,P0501,7,16,5,3919.3,2025-12-31,Updated,No
INV001089,ST02,P0498,8,16,7,6263.12,2025-12-31,Updated,No
INV000530,ST01,P0538,34,10,4,35502.46,2025-12-13,Updated,No
INV000442,ST01,P0448,17,41,17,980.73,2025-12-16,Updated,No
INV004128,ST08,P0226,79,20,6,41817.07,2025-12-15,Updated,No
INV000983,ST02,P0392,78,20,8,2158.26,2025-12-29,Updated,No
INV003837,ST07,P0501,10,23,9,5599.0,2025-12-07,Updated,No
INV005485,ST10,P0509,18,34,16,5107.32,2025-12-09,Updated,No
INV002939,ST06,P0125,54,65,21,17001.9,2025-12-24,Updated,No
INV002020,ST04,P0289,34,38,17,17422.62,2025-12-04,Updated,No
INV003996,ST08,P0077,409,46,15,65918.53,2025-12-23,Updated,Yes
INV005049,ST10,P0048,29,37,13,1205.24,2025-12-23,Updated,No
INV004062,ST08,P0153,63,71,34,22126.86,2025-12-02,Updated,No
INV005455,ST10,P0477,286,45,18,43626.44,2025-12-30,Updated,Yes
INV004642,ST09,P0205,40,66,25,2194.0,2025-12-01,Updated,No
INV002002,ST04,P0267,25,38,11,12536.5,2025-12-13,Updated,No
INV000495,ST01,P0502,123,32,15,21063.75,2025-12-12,Updated,Yes
INV000142,ST01,P0144,13,43,17,5705.57,2025-12-11,Updated,No
INV004049,ST08,P0139,13,47,15,3157.83,2025-12-31,Updated,No
INV000684,ST02,P0093,28,47,23,679.0,2025-12-25,Updated,No
INV000846,ST02,P0255,44,11,4,25035.12,2025-12-12,Updated,No
INV005438,ST10,P0460,0,45,18,0.0,2025-12-28,Updated,No
INV004910,ST09,P0499,22,35,15,7787.34,2025-12-11,Updated,No
INV001811,ST04,P0050,56,90,28,12622.96,2025-12-30,Updated,No
INV006634,ST12,P0569,51,8,3,20327.58,2025-12-18,Updated,No
INV003890,ST07,P0558,6,16,7,5784.48,2025-12-25,Updated,No
INV002045,ST04,P0319,33,79,38,12610.29,2025-12-17,Updated,No
INV001866,ST04,P0114,8,19,7,1327.6,2025-12-17,Updated,No
INV002963,ST06,P0155,0,36,12,0.0,2025-12-24,Updated,No
INV000257,ST01,P0261,28,9,4,2352.28,2025-12-25,Updated,No
INV002031,ST04,P0302,19,44,15,5730.59,2025-12-24,Updated,No
INV000328,ST01,P0332,9,20,6,4318.65,2025-12-02,Updated,No
INV005450,ST10,P0472,105,11,3,8416.8,2025-12-27,Updated,Yes
INV004811,ST09,P0393,13,47,18,6932.51,2025-12-12,Updated,No
INV003208,ST06,P0421,49,64,22,26725.58,2025-12-19,Updated,No
INV005291,ST10,P0306,28,45,20,2966.88,2025-12-15,Updated,No
INV001697,ST03,P0527,7,17,6,7055.16,2025-12-25,Updated,No
INV004982,ST09,P0576,6,18,6,4971.96,2025-12-05,Updated,No
INV000800,ST02,P0209,32,46,19,2020.48,2025-12-13,Updated,No
INV003081,ST06,P0280,87,83,26,2201.1,2025-12-30,Updated,No
INV006430,ST12,P0349,17,76,32,2338.35,2025-12-26,Updated,No
INV003756,ST07,P0417,13,42,13,1174.03,2025-12-12,Updated,No
INV001430,ST03,P0248,11,21,10,2004.09,2025-12-21,Updated,No
INV000351,ST01,P0355,6,32,15,2956.32,2025-12-27,Updated,No
INV005113,ST10,P0117,47,88,37,662.7,2025-12-23,Updated,No
INV001908,ST04,P0161,899,70,27,319981.07,2025-12-08,Updated,Yes
INV003904,ST07,P0574,9,23,10,16123.59,2025-12-17,Updated,No
INV000059,ST01,P0060,79,74,30,2335.24,2025-12-07,Updated,No
INV004772,ST09,P0349,61,66,20,8390.55,2025-12-18,Updated,No
INV001294,ST03,P0107,82,85,34,15800.58,2025-12-23,Updated,No
INV006428,ST12,P0347,20,47,14,399.0,2025-12-15,Updated,No
INV006620,ST12,P0554,56,11,3,64892.8,2025-12-29,Updated,No
INV003309,ST06,P0534,55,11,4,28047.8,2025-12-15,Updated,No
INV001117,ST02,P0526,18,42,17,10740.06,2025-12-14,Updated,No
INV003234,ST06,P0449,10,36,10,1160.9,2025-12-29,Updated,No
INV004467,ST09,P0011,55,66,22,1654.95,2025-12-27,Updated,No
INV003433,ST07,P0069,52,77,38,3415.36,2025-12-16,Updated,No
INV001640,ST03,P0467,50,69,21,1152.0,2025-12-11,Updated,No
INV001199,ST03,P0008,54,86,33,29259.36,2025-12-02,Updated,No
INV000316,ST01,P0320,35,89,38,1952.3,2025-12-03,Updated,No
INV000538,ST01,P0546,24,45,22,4306.56,2025-12-29,Updated,No
INV003484,ST07,P0122,16,44,15,2643.52,2025-12-30,Updated,No
INV001658,ST03,P0486,0,43,17,0.0,2025-12-31,Updated,No
INV003224,ST06,P0438,0,67,31,0.0,2025-12-23,Updated,No
INV005985,ST11,P0469,0,95,31,0.0,2025-12-15,Updated,No
INV001155,ST02,P0564,4,19,6,8873.64,2025-12-24,Updated,No
INV000299,ST01,P0303,9,38,18,4326.48,2025-12-26,Updated,No
INV004793,ST09,P0374,13,38,11,6676.02,2025-12-11,Updated,No
INV004543,ST09,P0097,0,44,16,0.0,2025-12-26,Updated,No
INV003054,ST06,P0252,17,45,21,3066.12,2025-12-24,Updated,No
INV003416,ST07,P0051,0,87,29,0.0,2025-12-11,Updated,No
INV004089,ST08,P0183,71,65,29,4916.75,2025-12-20,Updated,No
INV003000,ST06,P0196,17,34,13,3037.56,2025-12-07,Updated,No
INV005814,ST11,P0278,6,36,14,2223.0,2025-12-25,Updated,No
INV002231,ST04,P0528,26,44,16,21855.08,2025-12-07,Updated,No
INV002659,ST05,P0411,19,34,16,7650.73,2025-12-09,Updated,No
INV003564,ST07,P0208,32,95,38,2587.2,2025-12-30,Updated,No
INV003840,ST07,P0504,15,41,12,14715.0,2025-12-31,Updated,No
INV005400,ST10,P0419,17,36,15,9624.72,2025-12-15,Updated,No
INV005098,ST10,P0101,33,92,29,6791.07,2025-12-09,Updated,No
INV005285,ST10,P0300,37,8,3,2679.54,2025-12-19,Updated,No
INV002749,ST05,P0518,9,23,10,10495.35,2025-12-29,Updated,No
INV005244,ST10,P0257,0,34,11,0.0,2025-12-14,Updated,No
INV000769,ST02,P0178,30,91,27,5070.9,2025-12-12,Updated,No
INV005517,ST10,P0543,8,19,8,5704.08,2025-12-01,Updated,No
INV001280,ST03,P0093,23,35,12,557.75,2025-12-02,Updated,No
INV000580,ST01,P0588,4,18,6,771.36,2025-12-13,Updated,No
INV001953,ST04,P0211,0,94,43,0.0,2025-12-01,Updated,No
INV002591,ST05,P0334,24,33,10,4757.28,2025-12-09,Updated,No
INV001885,ST04,P0137,29,87,38,11120.63,2025-12-25,Updated,No
INV003507,ST07,P0146,29,44,19,13066.24,2025-12-19,Updated,No
INV003209,ST06,P0422,50,11,5,4621.0,2025-12-24,Updated,No
INV001230,ST03,P0041,24,74,24,12304.8,2025-12-23,Updated,No
INV005524,ST10,P0550,256,40,12,119421.44,2025-12-19,Updated,Yes
INV001624,ST03,P0451,27,37,16,2387.88,2025-12-14,Updated,No
INV006479,ST12,P0400,60,82,28,7855.8,2025-12-17,Updated,No
INV003039,ST06,P0237,11,18,7,1043.57,2025-12-04,Updated,No
INV001607,ST03,P0434,38,86,33,4116.16,2025-12-19,Updated,No
INV001118,ST02,P0527,6,19,7,6047.28,2025-12-14,Updated,No
INV001150,ST02,P0559,19,38,13,44080.38,2025-12-14,Updated,No
INV005056,ST10,P0055,41,80,36,12557.07,2025-12-14,Updated,No
INV006070,ST11,P0572,7,19,9,9816.17,2025-12-17,Updated,No
INV000235,ST01,P0239,0,32,13,0.0,2025-12-23,Updated,No
INV000764,ST02,P0173,0,34,14,0.0,,Not Updated,No
INV006494,ST12,P0417,28,45,20,2528.68,2025-12-04,Updated,No
INV001897,ST04,P0150,31,65,28,2216.81,2025-12-18,Updated,No
INV002951,ST06,P0140,11,23,7,5354.14,2025-12-15,Updated,No
INV000949,ST02,P0358,20,45,20,5270.0,2025-12-20,Updated,No
INV001872,ST04,P0122,16,41,16,2643.52,2025-12-28,Updated,No
INV003279,ST06,P0502,19,46,17,3253.75,2025-12-31,Updated,No
INV005186,ST10,P0197,18,38,17,744.48,2025-12-05,Updated,No
INV002238,ST04,P0536,11,41,13,6086.08,2025-12-11,Updated,No
INV006419,ST12,P0338,84,11,3,23460.36,2025-12-04,Updated,No
INV003102,ST06,P0303,159,36,13,76434.48,2025-12-14,Updated,Yes
INV002106,ST04,P0386,3,16,4,1649.4,2025-12-13,Updated,No
INV004312,ST08,P0438,75,67,28,4125.75,2025-12-19,Updated,No
INV002726,ST05,P0491,7,22,10,4988.06,2025-12-19,Updated,No
INV005519,ST10,P0545,24,32,9,19983.84,2025-12-23,Updated,No
INV002048,ST04,P0322,50,9,4,23936.5,2025-12-31,Updated,No
INV000352,ST01,P0356,30,70,24,14575.2,2025-12-20,Updated,No
INV005133,ST10,P0140,7,17,5,3407.18,2025-12-30,Updated,No
INV001560,ST03,P0384,0,73,29,0.0,2025-12-24,Updated,No
INV006286,ST12,P0198,7,22,6,337.05,2025-12-12,Updated,No
INV003601,ST07,P0247,7,18,7,2964.01,2025-12-07,Updated,No
INV001057,ST02,P0466,19,37,15,1263.69,,Not Updated,No
INV003602,ST07,P0248,9,22,8,1639.71,2025-12-02,Updated,No
INV002831,ST06,P0009,41,64,30,11753.06,2025-12-30,Updated,No
INV004341,ST08,P0472,61,10,3,4889.76,2025-12-21,Updated,No
INV003835,ST07,P0499,21,41,19,7433.37,2025-12-07,Updated,No
INV002911,ST06,P0095,29,86,35,2484.14,2025-12-16,Updated,No
INV002199,ST04,P0493,7,18,8,7281.26,2025-12-31,Updated,No
INV003319,ST06,P0545,20,42,19,16653.2,2025-12-28,Updated,No
INV005373,ST10,P0389,43,90,28,4313.76,2025-12-01,Updated,No
INV003739,ST07,P0399,21,39,11,9996.63,,Not Updated,No
INV003457,ST07,P0095,31,67,21,2655.46,2025-12-05,Updated,No
INV001240,ST03,P0051,36,81,36,8119.8,2025-12-28,Updated,No
INV000950,ST02,P0359,7,22,10,3938.13,2025-12-24,Updated,No
INV000671,ST02,P0080,8,16,6,1218.8,2025-12-21,Updated,No
INV005439,ST10,P0461,13,32,14,1209.91,2025-12-05,Updated,No
INV001465,ST03,P0284,13,39,13,7193.03,,Not Updated,No
INV004054,ST08,P0144,24,36,12,10533.36,2025-12-20,Updated,No
INV005245,ST10,P0258,77,65,31,9745.12,2025-12-28,Updated,No
INV005654,ST11,P0095,27,68,24,2312.82,2025-12-15,Updated,No
INV000577,ST01,P0585,31,9,3,6367.71,2025-12-22,Updated,No
INV004295,ST08,P0418,34,40,15,3156.56,2025-12-04,Updated,No
INV000608,ST02,P0017,31,70,29,6058.95,2025-12-27,Updated,No
INV001090,ST02,P0499,33,36,16,11681.01,2025-12-21,Updated,No
INV001918,ST04,P0173,30,38,13,7876.5,2025-12-08,Updated,No
INV002829,ST06,P0007,12,47,19,6463.32,2025-12-30,Updated,No
INV004741,ST09,P0315,67,91,37,6041.39,2025-12-18,Updated,No
INV000405,ST01,P0409,25,34,13,8669.5,2025-12-11,Updated,No
INV000329,ST01,P0333,8,20,8,414.72,2025-12-12,Updated,No
INV006064,ST11,P0565,48,11,4,106786.56,2025-12-28,Updated,No
INV001748,ST03,P0582,6,20,6,9367.32,2025-12-18,Updated,No
INV005174,ST10,P0184,27,40,12,2232.09,2025-12-30,Updated,No
INV002374,ST05,P0088,25,32,14,6138.0,2025-12-28,Updated,No
INV001326,ST03,P0141,18,47,18,4801.32,2025-12-24,Updated,No
INV002918,ST06,P0102,40,88,33,14410.0,2025-12-15,Updated,No
INV001327,ST03,P0142,44,88,42,6187.72,2025-12-12,Updated,No
INV000427,ST01,P0432,11,23,10,1189.21,2025-12-12,Updated,No
INV004100,ST08,P0195,25,47,23,1669.75,2025-12-17,Updated,No
INV006264,ST12,P0176,6,23,8,536.04,2025-12-06,Updated,No
INV000517,ST01,P0525,9,22,8,7072.92,2025-12-20,Updated,No
INV000119,ST01,P0121,40,64,28,11717.2,2025-12-25,Updated,No
INV004883,ST09,P0470,7,19,7,994.28,2025-12-14,Updated,No
INV002413,ST05,P0135,23,39,11,13193.26,2025-12-13,Updated,No
INV004808,ST09,P0389,65,81,24,6520.8,2025-12-20,Updated,No
INV006506,ST12,P0429,159,40,16,18032.19,,Not Updated,Yes
INV004112,ST08,P0207,25,33,12,2574.0,2025-12-21,Updated,No
INV006146,ST12,P0053,15,41,13,7852.8,2025-12-15,Updated,No
INV002330,ST05,P0040,28,66,26,6413.4,2025-12-10,Updated,No
INV004538,ST09,P0091,7,17,6,1456.91,2025-12-02,Updated,No
INV000488,ST01,P0495,7,20,8,7590.8,2025-12-19,Updated,No
INV006347,ST12,P0263,290,44,20,61732.3,2025-12-28,Updated,Yes
INV004291,ST08,P0414,78,95,31,6915.48,2025-12-29,Updated,No
INV002924,ST06,P0109,27,72,24,5829.03,2025-12-02,Updated,No
INV001638,ST03,P0465,29,69,25,3100.39,2025-12-16,Updated,No
INV005852,ST11,P0324,13,42,14,650.39,2025-12-08,Updated,No
INV003413,ST07,P0048,20,35,10,831.2,2025-12-02,Updated,No
INV000650,ST02,P0059,276,68,23,132982.32,2025-12-10,Updated,Yes
INV003874,ST07,P0541,26,39,12,16706.82,2025-12-07,Updated,No
INV006253,ST12,P0164,8,16,6,3021.04,2025-12-13,Updated,No
INV006194,ST12,P0102,77,83,31,27739.25,2025-12-16,Updated,No
INV000248,ST01,P0252,16,36,16,2885.76,2025-12-06,Updated,No
INV001649,ST03,P0477,30,32,10,4576.2,2025-12-27,Updated,No
INV003431,ST07,P0067,17,34,16,2906.15,2025-12-22,Updated,No
INV003247,ST06,P0466,8,32,12,532.08,2025-12-16,Updated,No
INV004818,ST09,P0400,61,95,33,7986.73,,Not Updated,No
INV004512,ST09,P0061,26,40,14,4812.86,2025-12-18,Updated,No
INV004948,ST09,P0538,39,8,3,40723.41,2025-12-15,Updated,No
INV002203,ST04,P0499,8,42,14,2831.76,2025-12-14,Updated,No
INV002835,ST06,P0013,21,42,18,2634.24,2025-12-17,Updated,No
INV003804,ST07,P0468,72,73,34,8304.48,2025-12-02,Updated,No
INV005152,ST10,P0162,28,82,28,4465.44,2025-12-25,Updated,No
INV001513,ST03,P0337,32,44,14,6897.28,2025-12-09,Updated,No
INV003124,ST06,P0325,22,46,21,7909.88,2025-12-12,Updated,No
INV001260,ST03,P0073,49,77,36,2357.88,2025-12-28,Updated,No
INV005389,ST10,P0406,4,17,5,480.88,2025-12-26,Updated,No
INV001120,ST02,P0529,26,43,20,13157.3,2025-12-19,Updated,No
INV003706,ST07,P0362,22,33,12,2449.04,,Not Updated,No
INV004007,ST08,P0090,3,18,8,74.73,2025-12-27,Updated,No
INV005172,ST10,P0182,56,69,31,29098.16,2025-12-01,Updated,No
INV004775,ST09,P0352,13,44,15,6942.26,2025-12-11,Updated,No
INV000081,ST01,P0082,16,47,18,661.28,2025-12-21,Updated,No
INV005397,ST10,P0416,5,17,7,1031.9,2025-12-21,Updated,No
INV002175,ST04,P0465,46,76,31,4917.86,2025-12-10,Updated,No
INV004080,ST08,P0172,30,44,19,15632.7,2025-12-22,Updated,No
INV003287,ST06,P0510,21,47,18,15899.94,2025-12-21,Updated,No
INV002973,ST06,P0166,127,32,13,43409.87,2025-12-07,Updated,Yes
INV006555,ST12,P0485,7,22,10,3929.38,2025-12-05,Updated,No
INV006062,ST11,P0562,11,38,18,8018.89,2025-12-09,Updated,No
INV003409,ST07,P0044,512,76,36,304460.8,2025-12-25,Updated,Yes
INV006385,ST12,P0302,7,35,16,2111.27,2025-12-27,Updated,No
INV001633,ST03,P0460,28,43,17,3295.04,2025-12-09,Updated,No
INV004608,ST09,P0167,77,76,24,25182.08,2025-12-12,Updated,No
INV003214,ST06,P0427,30,8,3,13475.1,2025-12-04,Updated,No
INV000226,ST01,P0230,8,22,10,3018.08,2025-12-23,Updated,No
INV000463,ST01,P0470,6,18,7,852.24,2025-12-05,Updated,No
INV005512,ST10,P0538,28,8,2,29237.32,2025-12-28,Updated,No
INV002669,ST05,P0421,74,66,32,40361.08,2025-12-04,Updated,No
INV005736,ST11,P0188,35,46,19,6788.95,2025-12-22,Updated,No
INV003838,ST07,P0502,13,36,15,2226.25,2025-12-21,Updated,No
INV005001,ST09,P0595,7,18,8,2124.36,2025-12-21,Updated,No
INV001027,ST02,P0436,70,70,29,6995.8,2025-12-12,Updated,No
INV001768,ST04,P0003,24,37,13,4138.32,2025-12-30,Updated,No
INV004165,ST08,P0269,26,35,15,11906.96,2025-12-26,Updated,No
INV003434,ST07,P0070,88,69,23,17162.64,2025-12-17,Updated,No
INV003313,ST06,P0538,33,8,2,34458.27,2025-12-31,Updated,No
INV002347,ST05,P0059,33,73,34,15900.06,2025-12-25,Updated,No
INV000994,ST02,P0403,49,83,37,22847.72,2025-12-18,Updated,No
INV000336,ST01,P0340,83,92,42,17659.91,2025-12-02,Updated,No
INV002304,ST05,P0012,58,81,27,3633.7,2025-12-19,Updated,No
INV004692,ST09,P0263,21,37,15,4470.27,2025-12-25,Updated,No
INV002041,ST04,P0315,48,74,34,4328.16,2025-12-20,Updated,No
INV005922,ST11,P0398,22,40,14,3065.92,2025-12-28,Updated,No
INV003708,ST07,P0364,10,33,15,4892.1,,Not Updated,No
INV000195,ST01,P0199,16,43,15,1922.72,2025-12-21,Updated,No
INV004337,ST08,P0467,0,83,35,0.0,2025-12-31,Updated,No
INV005956,ST11,P0439,6,19,5,589.26,2025-12-24,Updated,No
INV003184,ST06,P0393,27,32,10,14398.29,2025-12-16,Updated,No
INV006362,ST12,P0278,35,42,16,12967.5,2025-12-04,Updated,No
INV003797,ST07,P0460,13,42,15,1529.84,2025-12-13,Updated,No
INV002250,ST04,P0549,39,11,3,25803.18,2025-12-15,Updated,No
INV000092,ST01,P0093,21,45,19,509.25,2025-12-06,Updated,No
INV005793,ST11,P0255,32,10,3,18207.36,2025-12-04,Updated,No
INV001397,ST03,P0215,0,88,33,0.0,2025-12-26,Updated,No
INV000331,ST01,P0335,21,34,13,796.95,2025-12-02,Updated,No
INV005876,ST11,P0350,257,39,13,140357.98,2025-12-08,Updated,Yes
INV002013,ST04,P0281,15,33,15,2759.85,2025-12-30,Updated,No
INV000844,ST02,P0253,64,64,24,13566.72,2025-12-17,Updated,No
INV003010,ST06,P0207,10,32,10,1029.6,2025-12-17,Updated,No
INV003511,ST07,P0150,68,85,33,4862.68,2025-12-10,Updated,No
INV001271,ST03,P0084,15,37,15,2209.5,2025-12-17,Updated,No
INV003497,ST07,P0135,27,45,19,15487.74,2025-12-05,Updated,No
INV004815,ST09,P0397,54,9,3,7950.96,2025-12-04,Updated,No
INV004630,ST09,P0191,14,33,10,2489.06,2025-12-15,Updated,No
INV006234,ST12,P0144,26,40,15,11411.14,,Not Updated,No
INV004264,ST08,P0381,4,17,7,357.4,2025-12-17,Updated,No
INV002838,ST06,P0017,76,66,28,14854.2,2025-12-14,Updated,No
INV005715,ST11,P0164,4,22,8,1510.52,2025-12-08,Updated,No
INV003979,ST08,P0059,41,94,34,19754.62,2025-12-18,Updated,No
INV006311,ST12,P0223,21,39,15,11871.51,2025-12-12,Updated,No
INV004677,ST09,P0246,23,32,14,5775.3,2025-12-22,Updated,No
INV001412,ST03,P0230,7,19,8,2640.82,2025-12-17,Updated,No
INV002087,ST04,P0367,12,47,21,3863.52,2025-12-13,Updated,No
INV001356,ST03,P0172,298,41,12,155284.82,2025-12-03,Updated,Yes
INV003684,ST07,P0338,39,9,3,10892.31,2025-12-18,Updated,No
INV006122,ST12,P0028,16,47,20,1518.72,2025-12-12,Updated,No
INV001433,ST03,P0251,16,43,19,6149.28,2025-12-23,Updated,No
INV003506,ST07,P0145,74,79,25,24184.68,2025-12-28,Updated,No
INV003128,ST06,P0329,15,38,15,873.0,2025-12-13,Updated,No
INV005579,ST11,P0009,41,88,42,11753.06,2025-12-02,Updated,No
INV003757,ST07,P0418,30,41,14,2785.2,2025-12-12,Updated,No
INV005258,ST10,P0272,7,17,5,3356.29,2025-12-16,Updated,No
INV002570,ST05,P0310,73,11,4,20140.7,2025-12-03,Updated,No
INV001409,ST03,P0227,26,39,13,6673.94,2025-12-06,Updated,No
INV006598,ST12,P0530,62,8,3,11552.46,2025-12-15,Updated,No
INV001901,ST04,P0154,3,16,5,983.37,2025-12-23,Updated,No
INV003685,ST07,P0339,93,18,5,29705.13,2025-12-08,Updated,No
INV002160,ST04,P0449,22,38,13,2553.98,2025-12-09,Updated,No
INV004807,ST09,P0388,7,18,5,3526.88,2025-12-13,Updated,No
INV000655,ST02,P0064,15,45,20,1592.85,2025-12-19,Updated,No
INV005664,ST11,P0105,24,39,17,9080.4,2025-12-22,Updated,No
INV002934,ST06,P0120,51,69,30,7147.14,2025-12-01,Updated,No
INV002671,ST05,P0423,28,33,14,5727.12,2025-12-09,Updated,No
INV004672,ST09,P0240,12,33,15,7037.4,2025-12-03,Updated,No
INV004351,ST08,P0485,9,16,6,5052.06,2025-12-11,Updated,No
INV004441,ST08,P0583,21,46,20,38666.46,2025-12-08,Updated,No
INV004403,ST08,P0541,20,38,14,12851.4,2025-12-10,Updated,No
INV001002,ST02,P0411,11,33,12,4429.37,2025-12-24,Updated,No
INV004896,ST09,P0485,10,19,9,5613.4,2025-12-17,Updated,No
INV005091,ST10,P0094,16,35,12,3054.4,2025-12-06,Updated,No
INV000874,ST02,P0283,29,8,2,10315.59,2025-12-17,Updated,No
INV005112,ST10,P0116,11,32,11,511.72,2025-12-13,Updated,No
INV005894,ST11,P0369,22,39,14,5733.42,2025-12-06,Updated,No
INV002060,ST04,P0337,17,44,18,3664.18,2025-12-26,Updated,No
INV004305,ST08,P0431,350,77,33,8687.0,2025-12-09,Updated,Yes
INV000710,ST02,P0119,49,90,35,18033.47,2025-12-29,Updated,No
INV002554,ST05,P0293,29,40,19,15631.87,2025-12-13,Updated,No
INV005021,ST10,P0016,39,87,35,6329.7,2025-12-05,Updated,No
INV005735,ST11,P0185,74,90,27,31244.28,2025-12-21,Updated,No
INV004687,ST09,P0257,22,41,17,5034.48,2025-12-27,Updated,No
INV003444,ST07,P0081,75,73,35,8184.0,2025-12-23,Updated,No
INV001802,ST04,P0041,28,88,41,14355.6,2025-12-31,Updated,No
INV001467,ST03,P0286,9,18,8,1539.54,2025-12-14,Updated,No
INV001985,ST04,P0247,11,18,8,4657.73,2025-12-23,Updated,No
INV002328,ST05,P0038,20,38,18,6876.4,2025-12-04,Updated,No
INV000850,ST02,P0259,4,19,7,1335.52,2025-12-09,Updated,No
INV003560,ST07,P0204,8,19,8,1929.12,2025-12-14,Updated,No
INV003898,ST07,P0568,19,38,15,37022.83,2025-12-11,Updated,No
INV003477,ST07,P0115,25,37,13,14131.5,2025-12-21,Updated,No
INV001372,ST03,P0188,25,35,13,4849.25,2025-12-18,Updated,No
INV001179,ST02,P0588,6,16,6,1157.04,2025-12-16,Updated,No
INV001252,ST03,P0063,42,67,23,8434.02,2025-12-30,Updated,No
INV005908,ST11,P0384,36,76,24,5812.2,2025-12-24,Updated,No
INV000616,ST02,P0025,71,65,29,27664.44,2025-12-06,Updated,No
INV002820,ST05,P0596,9,36,16,2082.15,2025-12-31,Updated,No
INV002289,ST04,P0595,8,21,6,2427.84,2025-12-26,Updated,No
INV003316,ST06,P0542,12,35,12,7742.16,2025-12-11,Updated,No
INV004136,ST08,P0237,5,18,8,474.35,2025-12-27,Updated,No
INV003743,ST07,P0403,30,71,26,13988.4,2025-12-06,Updated,No
INV006599,ST12,P0531,7,23,8,6805.61,2025-12-12,Updated,No
INV003429,ST07,P0065,27,71,27,1683.72,2025-12-02,Updated,No
INV003160,ST06,P0365,8,20,7,498.72,2025-12-30,Updated,No
INV001770,ST04,P0005,78,69,30,23036.52,2025-12-11,Updated,No
INV000473,ST01,P0480,6,20,7,2867.94,2025-12-11,Updated,No
INV004813,ST09,P0395,38,11,4,13224.38,2025-12-14,Updated,No
INV005837,ST11,P0305,19,37,13,9085.99,2025-12-25,Updated,No
INV004713,ST09,P0285,15,74,23,4910.85,2025-12-16,Updated,No
INV006422,ST12,P0341,61,8,3,32962.57,2025-12-24,Updated,No
INV005822,ST11,P0286,8,16,4,1368.48,,Not Updated,No
INV001022,ST02,P0431,28,69,28,694.96,2025-12-10,Updated,No
INV003780,ST07,P0442,28,67,26,1744.96,2025-12-24,Updated,No
INV003113,ST06,P0314,17,33,13,4617.71,2025-12-08,Updated,No
INV005533,ST10,P0559,26,46,22,60320.52,2025-12-25,Updated,No
INV005222,ST10,P0234,4,19,9,1669.12,2025-12-22,Updated,No
INV006002,ST11,P0492,4,16,5,3034.48,2025-12-31,Updated,No
INV000813,ST02,P0222,6,19,6,3304.38,2025-12-04,Updated,No
INV003569,ST07,P0213,40,64,19,22547.2,2025-12-31,Updated,No
INV002743,ST05,P0512,28,33,9,8749.72,2025-12-23,Updated,No
INV000236,ST01,P0240,9,34,14,5278.05,2025-12-29,Updated,No
INV005698,ST11,P0145,73,72,35,23857.86,2025-12-22,Updated,No
INV003513,ST07,P0153,75,88,30,26341.5,2025-12-19,Updated,No
INV001790,ST04,P0026,17,45,20,9323.82,2025-12-06,Updated,No
INV000742,ST02,P0151,40,77,26,5905.6,2025-12-04,Updated,No
INV001961,ST04,P0220,32,34,10,10801.92,2025-12-14,Updated,No
INV001028,ST02,P0437,22,39,16,1559.36,2025-12-12,Updated,No
INV005540,ST10,P0567,3,22,8,2913.3,2025-12-07,Updated,No
INV002300,ST05,P0008,0,71,23,0.0,2025-12-30,Updated,No
INV003813,ST07,P0477,27,42,13,4118.58,2025-12-25,Updated,No
INV002353,ST05,P0066,6,20,7,884.82,2025-12-13,Updated,No
INV002525,ST05,P0257,193,41,16,44166.12,2025-12-06,Updated,Yes
INV000506,ST01,P0514,26,37,14,11793.08,2025-12-28,Updated,No
INV004331,ST08,P0459,57,71,34,1172.49,2025-12-31,Updated,No
INV004809,ST09,P0391,9,16,6,2469.96,2025-12-22,Updated,No
INV001758,ST03,P0593,8,23,11,3137.6,2025-12-19,Updated,No
INV005290,ST10,P0305,14,41,13,6694.94,2025-12-26,Updated,No
INV003273,ST06,P0495,9,19,8,9759.6,2025-12-21,Updated,No
INV005945,ST11,P0427,51,10,4,22907.67,2025-12-09,Updated,No
INV001984,ST04,P0246,13,32,10,3264.3,2025-12-14,Updated,No
INV004385,ST08,P0522,22,37,15,22743.16,2025-12-24,Updated,No
INV004861,ST09,P0446,9,17,7,798.84,2025-12-18,Updated,No
INV000268,ST01,P0272,8,23,10,3835.76,2025-12-21,Updated,No
INV001424,ST03,P0242,13,43,18,4703.53,2025-12-25,Updated,No
INV002739,ST05,P0507,28,42,13,26759.32,2025-12-09,Updated,No
INV005672,ST11,P0116,25,38,12,1163.0,2025-12-14,Updated,No
INV005668,ST11,P0109,37,78,35,7987.93,2025-12-01,Updated,No
INV006372,ST12,P0289,12,32,13,6149.16,2025-12-14,Updated,No
INV002410,ST05,P0131,23,46,14,7507.66,2025-12-02,Updated,No
INV002487,ST05,P0218,45,71,25,6760.35,2025-12-01,Updated,No
INV003851,ST07,P0515,0,46,15,0.0,2025-12-01,Updated,No
INV003974,ST08,P0052,78,75,34,38019.54,2025-12-24,Updated,No
INV005586,ST11,P0017,372,68,27,72707.4,2025-12-19,Updated,Yes
INV004183,ST08,P0290,12,44,13,6465.24,2025-12-07,Updated,No
INV002068,ST04,P0346,68,85,29,9044.0,2025-12-22,Updated,No
INV002515,ST05,P0246,28,39,16,7030.8,2025-12-14,Updated,No
INV004192,ST08,P0299,9,22,8,2073.15,2025-12-03,Updated,No
INV000893,ST02,P0302,29,38,18,8746.69,,Not Updated,No
INV004198,ST08,P0305,20,38,16,9564.2,2025-12-05,Updated,No
INV000332,ST01,P0336,16,44,19,781.28,2025-12-17,Updated,No
INV003967,ST08,P0043,10,16,7,167.7,2025-12-21,Updated,No
INV001000,ST02,P0409,22,42,20,7629.16,2025-12-23,Updated,No
INV000842,ST02,P0251,23,32,14,8839.59,,Not Updated,No
INV005190,ST10,P0201,23,45,20,3673.79,2025-12-16,Updated,No
INV003934,ST08,P0005,29,64,26,8564.86,2025-12-29,Updated,No
INV004823,ST09,P0405,0,42,18,0.0,2025-12-17,Updated,No
INV000245,ST01,P0249,22,40,12,1416.58,2025-12-09,Updated,No
INV006168,ST12,P0076,21,33,13,4684.47,2025-12-30,Updated,No
INV000636,ST02,P0045,34,71,32,14665.9,2025-12-05,Updated,No
INV004223,ST08,P0335,20,47,19,759.0,2025-12-30,Updated,No
INV000136,ST01,P0138,52,90,39,1535.04,2025-12-02,Updated,No
INV003680,ST07,P0334,20,45,18,3964.4,2025-12-14,Updated,No
INV004674,ST09,P0243,7,19,8,2745.82,2025-12-05,Updated,No
INV005563,ST10,P0592,65,10,4,14318.85,2025-12-05,Updated,No
INV005561,ST10,P0590,22,39,15,8415.22,2025-12-05,Updated,No
INV000992,ST02,P0401,19,43,19,759.81,2025-12-31,Updated,No
INV000033,ST01,P0034,0,33,14,0.0,2025-12-29,Updated,No
INV001530,ST03,P0354,0,46,18,0.0,2025-12-28,Updated,No
INV003220,ST06,P0434,40,70,24,4332.8,2025-12-04,Updated,No
INV002982,ST06,P0175,8,21,6,302.64,2025-12-02,Updated,No
INV005447,ST10,P0469,50,92,28,4801.0,2025-12-23,Updated,No
INV004843,ST09,P0426,120,11,3,12042.0,2025-12-10,Updated,Yes
INV001779,ST04,P0014,46,81,27,22311.38,2025-12-06,Updated,No
INV003190,ST06,P0400,57,80,38,7463.01,2025-12-08,Updated,No
INV005337,ST10,P0353,277,44,16,70385.7,2025-12-05,Updated,Yes
INV000105,ST01,P0106,9,22,8,557.28,2025-12-21,Updated,No
INV000758,ST02,P0167,51,91,41,16679.04,2025-12-26,Updated,No
INV006595,ST12,P0527,8,22,8,8063.04,2025-12-07,Updated,No
INV003321,ST06,P0547,11,17,6,2204.29,2025-12-10,Updated,No
INV002695,ST05,P0450,4,21,6,94.92,2025-12-31,Updated,No
INV004069,ST08,P0160,51,84,29,7196.1,2025-12-10,Updated,No
INV003605,ST07,P0251,12,39,13,4611.96,2025-12-23,Updated,No
INV004773,ST09,P0350,9,37,15,4915.26,2025-12-13,Updated,No
INV002683,ST05,P0437,12,44,19,850.56,2025-12-14,Updated,No
INV004663,ST09,P0229,9,38,16,399.87,2025-12-11,Updated,No
INV005602,ST11,P0034,282,36,17,94182.36,2025-12-21,Updated,Yes
INV000507,ST01,P0515,12,37,13,10552.56,2025-12-04,Updated,No
INV005566,ST10,P0595,8,23,8,2427.84,2025-12-26,Updated,No
INV005794,ST11,P0256,11,32,13,4831.2,2025-12-03,Updated,No
INV006337,ST12,P0251,12,35,12,4611.96,2025-12-23,Updated,No
INV002717,ST05,P0478,18,45,15,7071.3,2025-12-01,Updated,No
INV002762,ST05,P0532,14,37,15,13791.96,2025-12-15,Updated,No
INV002862,ST06,P0045,66,93,38,28469.1,2025-12-25,Updated,No
INV001991,ST04,P0253,66,69,32,13990.68,2025-12-14,Updated,No
INV001407,ST03,P0225,27,46,17,11212.56,2025-12-29,Updated,No
INV002118,ST04,P0399,24,41,16,11424.72,2025-12-21,Updated,No
INV002589,ST05,P0331,8,16,6,3461.2,2025-12-21,Updated,No
INV005992,ST11,P0477,140,33,11,21355.6,2025-12-02,Updated,Yes
INV003443,ST07,P0080,5,18,5,761.75,2025-12-20,Updated,No
INV005971,ST11,P0454,35,81,27,4074.0,2025-12-04,Updated,No
INV003293,ST06,P0516,9,21,8,4567.59,2025-12-13,Updated,No
INV005210,ST10,P0221,22,41,15,439.56,2025-12-02,Updated,No
INV002956,ST06,P0147,32,80,39,2560.96,2025-12-02,Updated,No
INV001228,ST03,P0039,489,92,38,236607.54,2025-12-14,Updated,Yes
INV004073,ST08,P0164,7,23,7,2643.41,2025-12-09,Updated,No
INV001709,ST03,P0539,4,20,7,2249.88,2025-12-29,Updated,No
INV006149,ST12,P0056,28,74,28,2918.44,2025-12-21,Updated,No
INV003098,ST06,P0299,10,20,9,2303.5,2025-12-25,Updated,No
INV003716,ST07,P0373,0,35,11,0.0,2025-12-11,Updated,No
INV004298,ST08,P0421,66,75,23,35997.72,2025-12-02,Updated,No
INV002519,ST05,P0251,29,40,14,11145.57,2025-12-13,Updated,No
INV001503,ST03,P0326,15,34,11,4295.25,2025-12-13,Updated,No
INV004698,ST09,P0269,0,33,12,0.0,2025-12-21,Updated,No
INV005854,ST11,P0326,12,47,18,3436.2,2025-12-16,Updated,No
INV004217,ST08,P0327,15,40,13,6165.0,2025-12-12,Updated,No
INV004468,ST09,P0012,21,87,41,1315.65,2025-12-14,Updated,No
INV003450,ST07,P0088,18,40,17,4419.36,2025-12-31,Updated,No
INV005965,ST11,P0448,17,38,12,980.73,2025-12-29,Updated,No
INV000972,ST02,P0381,113,23,7,10096.55,2025-12-04,Updated,Yes
INV005386,ST10,P0403,372,76,34,173456.16,2025-12-21,Updated,Yes
INV001648,ST03,P0476,3,18,8,1623.84,2025-12-20,Updated,No
INV000991,ST02,P0400,34,75,26,4451.62,2025-12-13,Updated,No
INV002638,ST05,P0386,8,23,11,4398.4,2025-12-19,Updated,No
INV002941,ST06,P0127,89,86,38,37511.72,2025-12-07,Updated,No
INV000635,ST02,P0044,31,79,24,18434.15,2025-12-01,Updated,No
INV006297,ST12,P0209,23,32,12,1452.22,2025-12-30,Updated,No
INV004761,ST09,P0337,19,43,14,4095.26,2025-12-07,Updated,No
INV003370,ST07,P0001,29,77,26,8832.53,2025-12-20,Updated,No
INV005194,ST10,P0205,51,73,25,2797.35,2025-12-16,Updated,No
INV000315,ST01,P0319,27,90,29,10317.51,2025-12-04,Updated,No
INV001878,ST04,P0129,26,35,13,4678.44,2025-12-14,Updated,No
INV002146,ST04,P0430,35,78,31,744.8,2025-12-20,Updated,No
INV002947,ST06,P0136,0,82,38,0.0,2025-12-12,Updated,No
INV006086,ST11,P0590,12,34,15,4590.12,2025-12-06,Updated,No
INV003725,ST07,P0382,29,42,19,11984.54,2025-12-17,Updated,No
INV001449,ST03,P0267,25,41,18,12536.5,2025-12-07,Updated,No
INV001268,ST03,P0081,50,93,29,5456.0,2025-12-02,Updated,No
INV004748,ST09,P0322,40,9,3,19149.2,2025-12-30,Updated,No
INV006632,ST12,P0567,6,20,6,5826.6,2025-12-31,Updated,No
INV005318,ST10,P0333,6,20,6,311.04,2025-12-13,Updated,No
INV003792,ST07,P0455,25,38,11,1442.0,2025-12-25,Updated,No
INV004277,ST08,P0398,26,46,19,3623.36,2025-12-09,Updated,No
INV002159,ST04,P0447,63,94,39,2773.26,2025-12-03,Updated,No
INV006258,ST12,P0170,27,65,22,5151.06,2025-12-17,Updated,No
INV002821,ST05,P0597,23,43,16,9208.28,2025-12-28,Updated,No
INV004574,ST09,P0130,20,45,19,9390.2,,Not Updated,No
INV000477,ST01,P0484,7,20,7,886.41,2025-12-01,Updated,No
INV003810,ST07,P0474,22,40,13,12681.9,2025-12-04,Updated,No
INV005046,ST10,P0044,69,91,27,41030.85,2025-12-07,Updated,No
INV006442,ST12,P0362,24,42,13,2671.68,2025-12-01,Updated,No
INV005709,ST11,P0157,72,85,40,9778.32,2025-12-30,Updated,No
INV005862,ST11,P0334,8,37,15,1585.76,2025-12-30,Updated,No
INV002335,ST05,P0045,45,84,29,19410.75,,Not Updated,No
INV003632,ST07,P0280,60,68,25,1518.0,2025-12-24,Updated,No
INV005801,ST11,P0265,29,76,29,3718.38,2025-12-10,Updated,No
INV005661,ST11,P0102,67,92,39,24136.75,2025-12-20,Updated,No
INV000375,ST01,P0379,20,32,14,6967.0,2025-12-25,Updated,No
INV002466,ST05,P0194,13,43,20,503.49,2025-12-24,Updated,No
INV002393,ST05,P0111,5,21,8,582.65,2025-12-15,Updated,No
INV006343,ST12,P0259,4,22,8,1335.52,2025-12-11,Updated,No
INV001292,ST03,P0105,12,33,11,4540.2,2025-12-05,Updated,No
INV003425,ST07,P0061,25,44,16,4627.75,2025-12-07,Updated,No
INV004776,ST09,P0353,14,44,16,3557.4,2025-12-12,Updated,No
INV005699,ST11,P0146,16,43,14,7208.96,2025-12-26,Updated,No
INV002757,ST05,P0526,14,40,12,8353.38,2025-12-22,Updated,No
INV000464,ST01,P0471,58,9,2,14377.04,2025-12-21,Updated,No
INV001471,ST03,P0292,19,40,16,6963.31,2025-12-28,Updated,No
INV004013,ST08,P0096,39,69,32,3765.06,2025-12-22,Updated,No
INV002011,ST04,P0279,37,78,24,22108.61,2025-12-26,Updated,No
INV003762,ST07,P0423,12,37,14,2454.48,2025-12-14,Updated,No
INV004280,ST08,P0402,35,86,40,1121.4,2025-12-11,Updated,No
INV005728,ST11,P0177,40,81,37,10512.4,2025-12-22,Updated,No
INV006424,ST12,P0343,37,38,14,17055.89,2025-12-24,Updated,No
INV004415,ST08,P0553,29,42,19,15855.46,2025-12-04,Updated,No
INV004703,ST09,P0275,129,19,7,19001.7,2025-12-07,Updated,Yes
INV001214,ST03,P0023,28,44,16,2919.0,,Not Updated,No
INV001636,ST03,P0463,40,93,38,4554.8,2025-12-09,Updated,No
INV005788,ST11,P0249,27,47,19,1738.53,2025-12-09,Updated,No
INV001983,ST04,P0245,23,42,19,10590.12,2025-12-18,Updated,No
INV003879,ST07,P0546,20,45,16,3588.8,2025-12-30,Updated,No
INV002868,ST06,P0051,39,92,33,8796.45,2025-12-06,Updated,No
INV001130,ST02,P0539,8,20,8,4499.76,,Not Updated,No
INV000398,ST01,P0402,59,86,26,1890.36,2025-12-25,Updated,No
INV005093,ST10,P0096,56,89,40,5406.24,2025-12-21,Updated,No
INV000583,ST01,P0591,6,19,8,971.52,2025-12-27,Updated,No
INV003576,ST07,P0220,0,43,17,0.0,2025-12-31,Updated,No
INV001419,ST03,P0237,8,18,5,758.96,2025-12-08,Updated,No
INV004774,ST09,P0351,0,44,15,0.0,2025-12-17,Updated,No
INV000157,ST01,P0160,85,70,22,11993.5,2025-12-09,Updated,No
INV001136,ST02,P0545,21,39,15,17485.86,2025-12-09,Updated,No
INV000876,ST02,P0285,33,73,26,10803.87,2025-12-08,Updated,No
INV000498,ST01,P0505,12,33,13,2329.8,2025-12-22,Updated,No
INV005076,ST10,P0078,36,75,35,8141.04,2025-12-31,Updated,No
INV002857,ST06,P0039,35,87,30,16935.1,2025-12-20,Updated,No
INV000262,ST01,P0266,42,8,3,11750.34,2025-12-01,Updated,No
INV000819,ST02,P0228,12,33,14,5803.56,2025-12-07,Updated,No
INV003259,ST06,P0479,6,16,5,1741.92,2025-12-28,Updated,No
INV000353,ST01,P0357,4,23,7,664.72,2025-12-08,Updated,No
INV005797,ST11,P0259,7,22,6,2337.16,2025-12-23,Updated,No
INV003987,ST08,P0068,35,87,35,8289.4,2025-12-07,Updated,No
INV000790,ST02,P0199,26,33,13,3124.42,,Not Updated,No
INV001261,ST03,P0074,35,93,30,3181.15,2025-12-08,Updated,No
INV002357,ST05,P0070,41,70,34,7996.23,2025-12-01,Updated,No
INV003418,ST07,P0053,10,40,12,5235.2,2025-12-04,Updated,No
INV000087,ST01,P0088,12,41,15,2946.24,2025-12-05,Updated,No
INV002798,ST05,P0574,9,19,6,16123.59,2025-12-02,Updated,No
INV005011,ST10,P0005,53,91,27,15653.02,2025-12-06,Updated,No
INV002844,ST06,P0023,22,40,16,2293.5,2025-12-10,Updated,No
INV004824,ST09,P0406,72,16,7,8655.84,2025-12-24,Updated,No
INV002102,ST04,P0382,18,40,18,7438.68,2025-12-01,Updated,No
INV000054,ST01,P0055,38,71,30,11638.26,2025-12-17,Updated,No
INV006175,ST12,P0083,73,68,29,4023.03,2025-12-19,Updated,No
INV000425,ST01,P0430,33,87,37,702.24,2025-12-04,Updated,No
INV001370,ST03,P0186,23,43,21,4898.08,2025-12-26,Updated,No
INV004678,ST09,P0247,9,16,4,3810.87,2025-12-21,Updated,No
INV005890,ST11,P0365,4,17,5,249.36,2025-12-03,Updated,No
INV002509,ST05,P0240,30,33,12,17593.5,2025-12-28,Updated,No
INV005313,ST10,P0328,101,19,6,2436.12,2025-12-12,Updated,Yes
INV001347,ST03,P0163,14,47,21,952.28,2025-12-24,Updated,No
INV002453,ST05,P0177,48,90,27,12614.88,2025-12-30,Updated,No
INV000060,ST01,P0061,0,34,16,0.0,2025-12-16,Updated,No
INV001463,ST03,P0282,77,86,27,6112.26,2025-12-29,Updated,No
INV005951,ST11,P0433,191,42,17,22381.38,2025-12-11,Updated,Yes
INV001743,ST03,P0575,30,37,13,46198.5,2025-12-24,Updated,No
INV004397,ST08,P0535,15,37,13,12649.8,2025-12-17,Updated,No
INV006171,ST12,P0079,56,88,28,10078.32,2025-12-26,Updated,No
INV006140,ST12,P0047,13,45,16,740.48,2025-12-29,Updated,No
INV005964,ST11,P0447,48,77,28,2112.96,2025-12-03,Updated,No
INV000922,ST02,P0331,8,23,10,3461.2,2025-12-24,Updated,No
INV001987,ST04,P0249,20,34,15,1287.8,2025-12-31,Updated,No
INV001529,ST03,P0353,11,37,16,2795.1,2025-12-30,Updated,No
INV004914,ST09,P0504,22,46,16,21582.0,2025-12-21,Updated,No
INV005791,ST11,P0253,80,87,42,16958.4,2025-12-04,Updated,No
INV004964,ST09,P0555,18,42,16,3780.0,2025-12-05,Updated,No
INV006093,ST11,P0599,26,34,12,1293.76,2025-12-17,Updated,No
INV004084,ST08,P0177,76,85,30,19973.56,,Not Updated,No
INV004859,ST09,P0444,3,16,5,318.06,2025-12-03,Updated,No
INV005869,ST11,P0342,24,8,2,10933.2,2025-12-08,Updated,No
INV001943,ST04,P0201,27,37,18,4312.71,2025-12-10,Updated,No
INV003073,ST06,P0272,4,22,9,1917.88,2025-12-16,Updated,No
INV001418,ST03,P0236,7,21,7,2345.42,2025-12-21,Updated,No
INV004919,ST09,P0509,21,37,15,5958.54,2025-12-03,Updated,No
INV002532,ST05,P0266,56,9,3,15667.12,2025-12-10,Updated,No
INV005821,ST11,P0285,400,84,37,130956.0,2025-12-18,Updated,Yes
INV002409,ST05,P0130,26,44,16,12207.26,2025-12-25,Updated,No
INV003650,ST07,P0299,9,22,8,2073.15,2025-12-07,Updated,No
INV002800,ST05,P0576,5,21,9,4143.3,2025-12-21,Updated,No
INV005235,ST10,P0247,4,16,7,1693.72,2025-12-18,Updated,No
INV004414,ST08,P0552,3,22,8,803.16,2025-12-04,Updated,No
INV004944,ST09,P0534,63,8,2,32127.48,2025-12-14,Updated,No
INV003222,ST06,P0436,0,72,34,0.0,2025-12-26,Updated,No
INV002039,ST04,P0313,25,44,21,9617.0,,Not Updated,No
INV006505,ST12,P0428,0,83,32,0.0,2025-12-14,Updated,No
INV000729,ST02,P0138,79,68,31,2332.08,2025-12-20,Updated,No
INV001211,ST03,P0020,16,34,11,1515.84,2025-12-08,Updated,No
INV003567,ST07,P0211,40,92,36,2984.0,2025-12-04,Updated,No
INV002290,ST04,P0596,28,37,16,6477.8,2025-12-20,Updated,No
INV006412,ST12,P0331,4,21,8,1730.6,2025-12-08,Updated,No
INV005615,ST11,P0050,45,71,21,10143.45,2025-12-04,Updated,No
INV005551,ST10,P0580,43,8,3,14043.37,2025-12-07,Updated,No
INV001032,ST02,P0441,225,34,14,9839.25,2025-12-03,Updated,Yes
INV006642,ST12,P0577,52,9,3,78832.52,2025-12-13,Updated,No
INV001703,ST03,P0533,25,38,16,26662.5,2025-12-04,Updated,No
INV002469,ST05,P0198,8,21,7,385.2,2025-12-04,Updated,No
INV003552,ST07,P0196,0,43,19,0.0,2025-12-09,Updated,No
INV002298,ST05,P0006,414,83,39,215996.22,2025-12-21,Updated,Yes
INV002275,ST04,P0581,6,20,8,12211.56,2025-12-27,Updated,No
INV000797,ST02,P0206,6,19,7,520.8,2025-12-18,Updated,No
INV002524,ST05,P0256,17,35,17,7466.4,2025-12-08,Updated,No
INV000825,ST02,P0234,10,17,8,4172.8,,Not Updated,No
INV000001,ST01,P0001,0,75,33,0.0,2025-12-22,Updated,No
INV000640,ST02,P0049,11,32,11,299.53,2025-12-20,Updated,No
INV006543,ST12,P0470,9,23,9,1278.36,2025-12-21,Updated,No
INV004671,ST09,P0239,26,32,14,1694.16,2025-12-17,Updated,No
INV002665,ST05,P0417,35,44,18,3160.85,2025-12-17,Updated,No
INV003608,ST07,P0254,25,32,9,8242.5,2025-12-20,Updated,No
INV001316,ST03,P0131,20,42,15,6528.4,2025-12-11,Updated,No
INV005429,ST10,P0451,15,39,13,1326.6,2025-12-14,Updated,No
INV004023,ST08,P0106,9,19,9,557.28,2025-12-15,Updated,No
INV001487,ST03,P0310,46,9,2,12691.4,2025-12-08,Updated,No
INV004242,ST08,P0358,21,41,15,5533.5,2025-12-26,Updated,No
INV006640,ST12,P0575,15,47,17,23099.25,2025-12-11,Updated,No
INV002698,ST05,P0453,71,82,28,2558.84,2025-12-30,Updated,No
INV005589,ST11,P0020,24,36,14,2273.76,2025-12-24,Updated,No
INV000524,ST01,P0532,21,38,11,20687.94,2025-12-01,Updated,No
INV002938,ST06,P0124,14,33,12,5776.96,2025-12-09,Updated,No
INV002147,ST04,P0431,71,66,22,1762.22,2025-12-29,Updated,No
INV003656,ST07,P0306,271,36,14,28715.16,2025-12-03,Updated,Yes
INV004865,ST09,P0451,22,41,17,1945.68,2025-12-01,Updated,No
INV003008,ST06,P0205,83,82,37,4552.55,,Not Updated,No
INV004369,ST08,P0504,29,43,20,28449.0,2025-12-27,Updated,No
INV003936,ST08,P0009,52,72,23,14906.32,2025-12-30,Updated,No
INV001262,ST03,P0075,79,64,30,5649.29,2025-12-11,Updated,No
INV001194,ST03,P0003,18,47,21,3103.74,2025-12-20,Updated,No
INV000961,ST02,P0370,34,86,26,9631.52,2025-12-31,Updated,No
INV003617,ST07,P0265,29,94,31,3718.38,2025-12-10,Updated,No
INV005553,ST10,P0582,8,23,9,12489.76,2025-12-28,Updated,No
INV005892,ST11,P0367,28,42,16,9014.88,2025-12-01,Updated,No
INV005278,ST10,P0293,212,46,13,114274.36,,Not Updated,Yes
INV002742,ST05,P0511,30,32,14,7344.3,2025-12-26,Updated,No
INV004015,ST08,P0098,21,35,12,2911.02,2025-12-22,Updated,No
INV005221,ST10,P0233,11,21,10,302.72,2025-12-13,Updated,No
INV000853,ST02,P0262,17,40,18,958.29,2025-12-03,Updated,No
INV001785,ST04,P0020,16,46,14,1515.84,,Not Updated,No
INV003562,ST07,P0206,10,23,11,868.0,2025-12-23,Updated,No
INV002225,ST04,P0522,34,40,13,35148.52,2025-12-02,Updated,No
INV001158,ST02,P0567,5,16,5,4855.5,2025-12-16,Updated,No
INV005557,ST10,P0586,6,19,8,146.64,2025-12-10,Updated,No
INV000906,ST02,P0315,35,81,36,3155.95,2025-12-19,Updated,No
INV001195,ST03,P0004,33,83,36,16231.71,2025-12-27,Updated,No
INV005825,ST11,P0289,14,39,13,7174.02,2025-12-27,Updated,No
INV006033,ST11,P0528,24,45,21,20173.92,2025-12-20,Updated,No
INV002451,ST05,P0175,9,16,6,340.47,2025-12-19,Updated,No
INV004961,ST09,P0552,7,22,8,1874.04,2025-12-26,Updated,No
INV003971,ST08,P0048,18,37,14,748.08,2025-12-11,Updated,No
INV005636,ST11,P0075,39,68,30,2788.89,2025-12-04,Updated,No
INV005392,ST10,P0409,30,45,22,10403.4,2025-12-19,Updated,No
INV000521,ST01,P0529,29,46,18,14675.45,2025-12-13,Updated,No
INV003724,ST07,P0381,10,21,8,893.5,2025-12-16,Updated,No
INV005041,ST10,P0037,25,38,12,10433.5,2025-12-26,Updated,No
INV005577,ST11,P0007,15,46,16,8079.15,2025-12-03,Updated,No
INV003581,ST07,P0225,17,39,16,7059.76,2025-12-14,Updated,No
INV000831,ST02,P0240,20,40,15,11729.0,2025-12-05,Updated,No
INV002288,ST04,P0594,8,18,8,4628.08,2025-12-07,Updated,No
INV003981,ST08,P0061,15,39,11,2776.65,2025-12-11,Updated,No
INV000861,ST02,P0270,20,39,11,1188.4,2025-12-08,Updated,No
INV003157,ST06,P0362,24,44,19,2671.68,2025-12-01,Updated,No
INV006584,ST12,P0516,11,19,5,5582.61,2025-12-06,Updated,No
INV001428,ST03,P0246,23,44,20,5775.3,2025-12-29,Updated,No
INV006373,ST12,P0290,21,43,18,11314.17,2025-12-15,Updated,No
INV001791,ST04,P0027,23,47,22,12541.44,2025-12-26,Updated,No
INV003241,ST06,P0459,30,66,30,617.1,2025-12-16,Updated,No
INV002332,ST05,P0042,19,43,13,5788.35,2025-12-10,Updated,No
INV002964,ST06,P0156,35,70,28,7305.55,2025-12-13,Updated,No
INV003114,ST06,P0315,77,78,37,6943.09,2025-12-29,Updated,No
INV004281,ST08,P0403,51,91,33,23780.28,2025-12-05,Updated,No
INV002069,ST04,P0347,22,43,20,438.9,2025-12-19,Updated,No
INV004726,ST09,P0298,31,85,27,13018.45,2025-12-23,Updated,No
INV006542,ST12,P0469,478,71,31,45897.56,2025-12-21,Updated,Yes
INV005117,ST10,P0121,42,86,32,12303.06,2025-12-17,Updated,No
INV006020,ST11,P0514,29,46,20,13153.82,2025-12-17,Updated,No
INV006611,ST12,P0544,9,19,6,3764.79,2025-12-04,Updated,No
INV006193,ST12,P0101,0,66,22,0.0,2025-12-23,Updated,No
INV003411,ST07,P0046,19,40,18,8779.52,2025-12-13,Updated,No
INV004263,ST08,P0380,27,38,17,9088.2,2025-12-09,Updated,No
INV004610,ST09,P0169,15,35,14,5884.35,2025-12-24,Updated,No
INV006353,ST12,P0269,0,35,10,0.0,2025-12-11,Updated,No
INV000939,ST02,P0348,27,36,15,14602.14,2025-12-11,Updated,No
INV002499,ST05,P0230,10,19,8,3772.6,2025-12-21,Updated,No
INV003223,ST06,P0437,16,35,15,1134.08,2025-12-04,Updated,No
INV000762,ST02,P0171,13,44,17,7354.88,2025-12-22,Updated,No
INV004259,ST08,P0376,14,47,18,3116.54,2025-12-11,Updated,No
INV005786,ST11,P0247,7,19,9,2964.01,2025-12-09,Updated,No
INV006444,ST12,P0364,26,46,17,12719.46,2025-12-18,Updated,No
INV003320,ST06,P0546,18,37,15,3229.92,2025-12-29,Updated,No
INV005079,ST10,P0081,38,86,40,4146.56,2025-12-17,Updated,No
INV004031,ST08,P0116,22,39,15,1023.44,2025-12-26,Updated,No
INV001014,ST02,P0423,24,47,20,4908.96,,Not Updated,No
INV003559,ST07,P0203,21,42,20,2862.51,2025-12-27,Updated,No
INV003828,ST07,P0492,6,21,6,4551.72,2025-12-19,Updated,No
INV002050,ST04,P0324,15,46,14,750.45,2025-12-09,Updated,No
INV001190,ST02,P0599,12,44,16,597.12,2025-12-30,Updated,No
INV002103,ST04,P0383,56,80,36,31500.56,2025-12-10,Updated,No
INV005149,ST10,P0159,330,70,27,91254.9,2025-12-27,Updated,Yes
INV001710,ST03,P0540,79,10,3,54009.14,2025-12-31,Updated,No
INV002313,ST05,P0022,22,41,20,3391.3,2025-12-26,Updated,No
INV006513,ST12,P0437,10,42,18,708.8,2025-12-27,Updated,No
INV000568,ST01,P0576,7,17,6,5800.62,2025-12-31,Updated,No
INV004819,ST09,P0401,20,41,17,799.8,2025-12-17,Updated,No
INV005840,ST11,P0309,23,47,20,7783.2,2025-12-02,Updated,No
INV002452,ST05,P0176,9,23,9,804.06,,Not Updated,No
INV003067,ST06,P0265,50,73,34,6411.0,2025-12-30,Updated,No
INV000072,ST01,P0073,66,66,25,3175.92,2025-12-13,Updated,No
INV000448,ST01,P0454,22,92,40,2560.8,2025-12-16,Updated,No
INV001102,ST02,P0511,29,33,12,7099.49,2025-12-10,Updated,No
INV000786,ST02,P0195,16,33,15,1068.64,2025-12-10,Updated,No
INV002062,ST04,P0339,99,20,6,31621.59,2025-12-01,Updated,Yes
INV000346,ST01,P0350,22,45,21,12015.08,2025-12-31,Updated,No
INV003703,ST07,P0359,5,19,7,2812.95,2025-12-02,Updated,No
INV002223,ST04,P0520,10,16,6,3471.6,2025-12-11,Updated,No
INV000274,ST01,P0278,26,44,19,9633.0,2025-12-21,Updated,No
INV003913,ST07,P0583,19,39,18,34983.94,2025-12-03,Updated,No
INV000892,ST02,P0301,4,16,6,249.44,2025-12-13,Updated,No
INV004827,ST09,P0409,13,34,15,4508.14,2025-12-07,Updated,No
INV006614,ST12,P0548,9,19,8,3008.61,2025-12-21,Updated,No
INV005126,ST10,P0131,16,36,17,5222.72,2025-12-18,Updated,No
INV003178,ST06,P0386,9,19,8,4948.2,2025-12-17,Updated,No
INV002261,ST04,P0562,23,45,18,16766.77,2025-12-17,Updated,No
INV001585,ST03,P0411,18,43,16,7248.06,2025-12-28,Updated,No
INV003280,ST06,P0503,7,18,7,6832.35,2025-12-20,Updated,No
INV001941,ST04,P0199,14,34,13,1682.38,2025-12-19,Updated,No
INV006407,ST12,P0325,25,40,19,8988.5,2025-12-31,Updated,No
INV006592,ST12,P0524,68,11,5,36788.0,2025-12-28,Updated,No
INV005346,ST10,P0362,28,44,16,3116.96,2025-12-07,Updated,No
INV005265,ST10,P0279,62,65,28,37046.86,2025-12-22,Updated,No
INV002552,ST05,P0291,22,43,16,12116.72,2025-12-22,Updated,No
INV002971,ST06,P0163,22,45,16,1496.44,2025-12-16,Updated,No
INV000118,ST01,P0120,47,92,28,6586.58,2025-12-28,Updated,No
INV005571,ST11,P0001,49,77,35,14923.93,2025-12-05,Updated,No
INV005942,ST11,P0421,66,71,31,35997.72,2025-12-08,Updated,No
INV002401,ST05,P0121,42,86,40,12303.06,2025-12-22,Updated,No
INV004986,ST09,P0580,59,11,4,19268.81,2025-12-19,Updated,No
INV005004,ST09,P0598,26,33,15,4999.54,2025-12-15,Updated,No
INV005063,ST10,P0062,20,45,22,452.2,2025-12-13,Updated,No
INV003343,ST06,P0570,7,17,7,8981.63,2025-12-26,Updated,No
INV003881,ST07,P0548,3,16,5,1002.87,2025-12-23,Updated,No
INV002694,ST05,P0449,21,36,12,2437.89,2025-12-07,Updated,No
INV005600,ST11,P0032,16,34,14,2901.6,2025-12-10,Updated,No
INV002530,ST05,P0263,0,42,16,0.0,2025-12-10,Updated,No
INV003145,ST06,P0347,19,42,14,379.05,2025-12-11,Updated,No
INV000973,ST02,P0382,0,45,15,0.0,2025-12-29,Updated,No
INV005100,ST10,P0103,14,40,16,7752.64,2025-12-27,Updated,No
INV000445,ST01,P0451,28,32,13,2476.32,2025-12-31,Updated,No
INV000452,ST01,P0458,9,19,8,873.9,2025-12-06,Updated,No
INV002929,ST06,P0114,8,23,9,1327.6,2025-12-15,Updated,No
INV002115,ST04,P0395,40,11,3,13920.4,2025-12-30,Updated,No
INV004256,ST08,P0372,20,35,10,6061.2,2025-12-12,Updated,No
INV000938,ST02,P0347,29,35,15,578.55,2025-12-06,Updated,No
INV005678,ST11,P0123,38,68,25,4936.58,2025-12-13,Updated,No
INV003329,ST06,P0555,28,36,11,5880.0,2025-12-26,Updated,No
INV002819,ST05,P0595,7,20,6,2124.36,2025-12-18,Updated,No
INV004755,ST09,P0330,7,23,10,2992.85,2025-12-22,Updated,No
INV002040,ST04,P0314,15,34,13,4074.45,2025-12-31,Updated,No
INV001635,ST03,P0462,19,38,15,567.53,2025-12-02,Updated,No
INV001898,ST04,P0151,75,84,38,11073.0,2025-12-29,Updated,No
INV002678,ST05,P0430,44,81,26,936.32,2025-12-04,Updated,No
INV006180,ST12,P0088,9,35,10,2209.68,2025-12-12,Updated,No
INV005348,ST10,P0364,18,37,17,8805.78,2025-12-16,Updated,No
INV003422,ST07,P0058,9,23,10,3186.63,2025-12-10,Updated,No
INV002595,ST05,P0339,10,22,10,3194.1,2025-12-24,Updated,No
INV002421,ST05,P0143,416,80,27,136364.8,2025-12-08,Updated,Yes
INV001263,ST03,P0076,10,33,11,2230.7,2025-12-30,Updated,No
INV003426,ST07,P0062,13,33,15,293.93,2025-12-30,Updated,No
INV001191,ST02,P0600,20,40,18,5983.6,2025-12-13,Updated,No
INV006328,ST12,P0242,0,34,11,0.0,2025-12-28,Updated,No
INV005164,ST10,P0174,7,16,7,1395.73,2025-12-03,Updated,No
INV004478,ST09,P0022,28,41,12,4316.2,2025-12-04,Updated,No
INV001149,ST02,P0558,9,21,6,8676.72,2025-12-16,Updated,No
INV003659,ST07,P0310,44,8,3,12139.6,2025-12-03,Updated,No
INV005952,ST11,P0434,46,91,41,4982.72,2025-12-15,Updated,No
INV004912,ST09,P0501,7,23,7,3919.3,,Not Updated,No
INV001749,ST03,P0583,0,39,13,0.0,2025-12-10,Updated,No
INV002901,ST06,P0084,25,47,14,3682.5,2025-12-28,Updated,No
INV004188,ST08,P0295,38,66,21,15214.06,2025-12-24,Updated,No
INV005175,ST10,P0185,33,78,28,13933.26,2025-12-11,Updated,No
INV005323,ST10,P0338,47,10,4,13126.63,2025-12-23,Updated,No
INV002017,ST04,P0285,30,80,35,9821.7,2025-12-01,Updated,No
INV003751,ST07,P0412,64,77,24,28471.68,2025-12-22,Updated,No
INV002255,ST04,P0554,86,11,3,99656.8,2025-12-28,Updated,No
INV004412,ST08,P0550,0,46,22,0.0,2025-12-12,Updated,No
INV006529,ST12,P0455,19,43,18,1095.92,2025-12-13,Updated,No
INV005882,ST11,P0356,37,81,27,17976.08,2025-12-07,Updated,No
INV005676,ST11,P0121,25,75,34,7323.25,2025-12-12,Updated,No
INV004482,ST09,P0026,15,38,16,8226.9,2025-12-20,Updated,No
INV001358,ST03,P0174,4,21,6,797.56,2025-12-26,Updated,No
INV006277,ST12,P0189,63,94,30,5071.5,2025-12-18,Updated,No
INV004269,ST08,P0388,8,22,9,4030.72,2025-12-11,Updated,No
INV001020,ST02,P0429,25,35,15,2835.25,2025-12-23,Updated,No
INV000205,ST01,P0209,18,34,15,1136.52,2025-12-07,Updated,No
INV000108,ST01,P0110,16,38,16,3445.92,2025-12-13,Updated,No
INV002822,ST05,P0598,26,42,15,4999.54,2025-12-17,Updated,No
INV002981,ST06,P0174,8,22,10,1595.12,2025-12-05,Updated,No
INV000035,ST01,P0036,40,81,31,8426.0,2025-12-15,Updated,No
INV003156,ST06,P0361,5,23,11,1953.15,2025-12-27,Updated,No
INV001919,ST04,P0174,6,22,9,1196.34,2025-12-02,Updated,No
INV000102,ST01,P0103,21,33,14,11628.96,2025-12-27,Updated,No
INV001415,ST03,P0233,5,16,5,137.6,2025-12-11,Updated,No
INV001023,ST02,P0432,131,16,6,14162.41,2025-12-20,Updated,Yes
INV002494,ST05,P0225,14,46,22,5813.92,2025-12-11,Updated,No
INV003061,ST06,P0259,3,17,5,1001.64,2025-12-06,Updated,No
INV002161,ST04,P0450,7,20,9,166.11,2025-12-29,Updated,No
INV000931,ST02,P0340,43,76,34,9149.11,2025-12-29,Updated,No
INV003679,ST07,P0333,7,23,8,362.88,2025-12-18,Updated,No
INV004781,ST09,P0359,5,18,6,2812.95,,Not Updated,No
INV001828,ST04,P0071,40,90,34,7444.8,2025-12-10,Updated,No
INV004826,ST09,P0408,0,42,15,0.0,2025-12-17,Updated,No
INV002977,ST06,P0170,39,91,42,7440.42,2025-12-20,Updated,No
INV004181,ST08,P0288,30,72,33,5419.8,2025-12-04,Updated,No
INV006038,ST11,P0536,10,46,14,5532.8,,Not Updated,No
INV003945,ST08,P0019,58,79,30,24269.52,2025-12-01,Updated,No
INV001293,ST03,P0106,64,17,7,3962.88,2025-12-28,Updated,No
INV000516,ST01,P0524,43,11,4,23263.0,2025-12-08,Updated,No
INV006516,ST12,P0441,15,36,16,655.95,2025-12-02,Updated,No
INV000167,ST01,P0170,0,87,31,0.0,2025-12-12,Updated,No
INV005657,ST11,P0098,9,32,10,1247.58,2025-12-04,Updated,No
INV006639,ST12,P0574,7,23,10,12540.57,2025-12-08,Updated,No
INV004449,ST08,P0591,118,20,8,19106.56,2025-12-05,Updated,Yes
INV001272,ST03,P0085,37,82,33,6207.49,2025-12-20,Updated,No
INV004689,ST09,P0260,25,34,16,2779.75,2025-12-30,Updated,No
INV001135,ST02,P0544,5,17,6,2091.55,2025-12-24,Updated,No
INV001402,ST03,P0220,20,36,14,6751.2,2025-12-09,Updated,No
INV006107,ST12,P0013,32,44,18,4014.08,2025-12-29,Updated,No
INV006466,ST12,P0387,48,78,33,28435.68,2025-12-02,Updated,No
INV000759,ST02,P0168,904,89,34,226126.56,2025-12-22,Updated,Yes
INV000654,ST02,P0063,24,90,30,4819.44,2025-12-01,Updated,No
INV005355,ST10,P0371,61,89,43,7783.6,2025-12-29,Updated,No
INV004637,ST09,P0200,40,64,25,2947.6,2025-12-07,Updated,No
INV000590,ST01,P0599,16,40,15,796.16,2025-12-11,Updated,No
INV004156,ST08,P0260,10,40,17,1111.9,2025-12-14,Updated,No
INV005673,ST11,P0117,45,82,29,634.5,2025-12-02,Updated,No
INV000083,ST01,P0084,9,33,10,1325.7,2025-12-31,Updated,No
INV003091,ST06,P0290,22,34,12,11852.94,2025-12-28,Updated,No
INV002861,ST06,P0044,43,71,30,25569.95,2025-12-19,Updated,No
INV000658,ST02,P0067,14,42,12,2393.3,2025-12-15,Updated,No
INV003952,ST08,P0026,17,36,13,9323.82,2025-12-04,Updated,No
INV005843,ST11,P0313,25,36,15,9617.0,2025-12-10,Updated,No
INV006015,ST11,P0507,224,34,12,214074.56,2025-12-06,Updated,Yes
INV002769,ST05,P0539,5,22,10,2812.35,2025-12-18,Updated,No
INV003168,ST06,P0375,23,43,14,9420.11,2025-12-08,Updated,No
INV002110,ST04,P0390,12,39,15,5618.28,2025-12-24,Updated,No
INV001509,ST03,P0333,10,19,8,518.4,2025-12-25,Updated,No
INV000721,ST02,P0130,17,37,15,7981.67,2025-12-16,Updated,No
INV006276,ST12,P0188,27,38,14,5237.19,2025-12-31,Updated,No
INV002550,ST05,P0289,15,33,14,7686.45,2025-12-01,Updated,No
INV005078,ST10,P0080,8,20,6,1218.8,2025-12-24,Updated,No
INV000029,ST01,P0030,43,69,20,3928.48,2025-12-27,Updated,No
INV003100,ST06,P0301,6,21,8,374.16,2025-12-08,Updated,No
INV003715,ST07,P0372,15,45,13,4545.9,2025-12-01,Updated,No
INV004432,ST08,P0571,7,21,7,3253.88,2025-12-04,Updated,No
INV000149,ST01,P0151,70,65,22,10334.8,2025-12-11,Updated,No
INV002794,ST05,P0569,63,11,4,25110.54,2025-12-23,Updated,No
INV000889,ST02,P0298,53,75,30,22257.35,2025-12-01,Updated,No
INV005595,ST11,P0026,15,40,14,8226.9,2025-12-23,Updated,No
INV005697,ST11,P0144,24,35,14,10533.36,2025-12-03,Updated,No
INV005483,ST10,P0507,20,33,11,19113.8,2025-12-21,Updated,No
INV003185,ST06,P0394,33,80,36,1639.44,2025-12-24,Updated,No
INV005663,ST11,P0104,29,39,19,2690.04,2025-12-12,Updated,No
INV005588,ST11,P0019,26,68,33,10879.44,2025-12-20,Updated,No
INV002044,ST04,P0318,22,47,16,1643.84,2025-12-18,Updated,No
INV000579,ST01,P0587,29,45,17,8095.35,2025-12-27,Updated,No
INV004425,ST08,P0563,180,37,13,56172.6,2025-12-12,Updated,Yes
INV000003,ST01,P0004,35,70,21,17215.45,2025-12-20,Updated,No
INV001619,ST03,P0446,8,21,8,710.08,2025-12-13,Updated,No
INV001281,ST03,P0094,19,45,15,3627.1,2025-12-11,Updated,No
INV000598,ST02,P0007,20,38,16,10772.2,2025-12-28,Updated,No
INV000520,ST01,P0528,7,34,15,5884.06,2025-12-20,Updated,No
INV006487,ST12,P0408,17,35,15,3272.84,2025-12-31,Updated,No
INV002855,ST06,P0036,47,88,42,9900.55,2025-12-11,Updated,No
INV000711,ST02,P0120,56,72,34,7847.84,2025-12-26,Updated,No
INV000788,ST02,P0197,216,40,16,8933.76,2025-12-03,Updated,Yes
INV002217,ST04,P0514,11,34,10,4989.38,2025-12-21,Updated,No
INV002012,ST04,P0280,398,75,28,10069.4,2025-12-14,Updated,Yes
INV004433,ST08,P0573,8,22,10,17020.56,2025-12-30,Updated,No
INV001363,ST03,P0179,27,42,19,651.24,2025-12-16,Updated,No
INV000696,ST02,P0105,18,46,19,6810.3,2025-12-10,Updated,No
INV001942,ST04,P0200,33,71,34,2431.77,2025-12-07,Updated,No
INV000476,ST01,P0483,5,18,7,1491.0,2025-12-31,Updated,No
INV002874,ST06,P0057,71,82,38,25596.92,2025-12-26,Updated,No
INV005619,ST11,P0055,22,79,31,6737.94,2025-12-03,Updated,No
INV004275,ST08,P0395,84,11,4,29232.84,2025-12-12,Updated,No
INV000542,ST01,P0550,21,36,17,9796.29,2025-12-02,Updated,No
INV000918,ST02,P0327,18,43,19,7398.0,2025-12-19,Updated,No
INV004466,ST09,P0010,16,37,17,1668.8,2025-12-18,Updated,No
INV005865,ST11,P0338,34,10,4,9495.86,,Not Updated,No
INV004158,ST08,P0262,25,34,16,1409.25,2025-12-10,Updated,No
INV002363,ST05,P0076,21,45,21,4684.47,2025-12-31,Updated,No
INV000970,ST02,P0379,25,42,15,8708.75,,Not Updated,No
INV004952,ST09,P0543,7,18,8,4991.07,2025-12-15,Updated,No
INV004993,ST09,P0587,16,42,14,4466.4,2025-12-18,Updated,No
INV002853,ST06,P0034,12,34,12,4007.76,2025-12-28,Updated,No
INV002064,ST04,P0341,60,10,3,32422.2,2025-12-30,Updated,No
INV001702,ST03,P0532,16,42,19,15762.24,2025-12-04,Updated,No
INV001144,ST02,P0553,19,32,12,10388.06,2025-12-17,Updated,No
INV005732,ST11,P0182,32,65,22,16627.52,2025-12-07,Updated,No
INV002557,ST05,P0296,0,46,14,0.0,2025-12-12,Updated,No
INV004205,ST08,P0312,18,43,13,4690.44,2025-12-18,Updated,No
INV004381,ST08,P0517,38,9,3,12791.56,2025-12-23,Updated,No
INV003463,ST07,P0101,28,95,38,5762.12,2025-12-11,Updated,No
INV002043,ST04,P0317,26,34,14,3628.82,2025-12-05,Updated,No
INV003761,ST07,P0422,49,9,2,4528.58,2025-12-17,Updated,No
INV000649,ST02,P0058,4,16,4,1416.28,2025-12-25,Updated,No
INV000576,ST01,P0584,7,20,6,10794.84,2025-12-14,Updated,No
INV000954,ST02,P0363,28,37,16,2687.16,,Not Updated,No
INV002596,ST05,P0340,56,64,27,11915.12,2025-12-11,Updated,No
INV004721,ST09,P0293,21,35,12,11319.63,2025-12-01,Updated,No
INV005163,ST10,P0173,25,44,16,6563.75,2025-12-24,Updated,No
INV002895,ST06,P0078,51,94,45,11533.14,2025-12-26,Updated,No
INV004806,ST09,P0387,47,88,35,27843.27,2025-12-26,Updated,No
INV001519,ST03,P0343,31,38,12,14290.07,2025-12-11,Updated,No
INV004229,ST08,P0342,36,10,4,16399.8,2025-12-12,Updated,No
INV006237,ST12,P0147,0,90,31,0.0,2025-12-09,Updated,No
INV002237,ST04,P0534,32,9,3,16318.72,2025-12-31,Updated,No
INV001354,ST03,P0170,56,92,36,10683.68,2025-12-20,Updated,No
INV004629,ST09,P0190,15,36,14,3505.65,2025-12-18,Updated,No
INV002657,ST05,P0409,274,32,14,95017.72,2025-12-17,Updated,Yes
INV005226,ST10,P0238,9,23,11,737.46,2025-12-18,Updated,No
INV004039,ST08,P0125,321,92,35,101066.85,2025-12-14,Updated,Yes
INV003063,ST06,P0261,73,11,5,6132.73,2025-12-05,Updated,No
INV006386,ST12,P0303,11,43,15,5287.92,2025-12-08,Updated,No
INV002148,ST04,P0432,8,21,10,864.88,2025-12-20,Updated,No
INV005204,ST10,P0215,0,72,33,0.0,2025-12-11,Updated,No
INV004408,ST08,P0546,17,44,16,3050.48,2025-12-19,Updated,No
INV001301,ST03,P0114,9,20,8,1493.55,2025-12-05,Updated,No
INV002025,ST04,P0295,60,86,26,24022.2,2025-12-29,Updated,No
INV000131,ST01,P0133,62,90,36,10946.1,2025-12-18,Updated,No
INV002177,ST04,P0467,34,80,31,783.36,2025-12-12,Updated,No
INV005343,ST10,P0359,5,17,7,2812.95,2025-12-06,Updated,No
INV006346,ST12,P0262,13,41,13,732.81,2025-12-10,Updated,No
INV003260,ST06,P0481,30,40,18,10845.0,2025-12-13,Updated,No
INV004881,ST09,P0467,65,71,34,1497.6,,Not Updated,No
INV001728,ST03,P0558,4,16,6,3856.32,2025-12-14,Updated,No
INV005212,ST10,P0223,19,46,20,10740.89,2025-12-29,Updated,No
INV001030,ST02,P0439,7,18,7,687.47,2025-12-08,Updated,No
INV006359,ST12,P0275,7,19,6,1031.1,2025-12-19,Updated,No
INV000296,ST01,P0300,74,10,3,5359.08,2025-12-31,Updated,No
INV001716,ST03,P0546,15,37,11,2691.6,2025-12-23,Updated,No
INV000343,ST01,P0347,10,44,18,199.5,2025-12-24,Updated,No
INV002590,ST05,P0333,7,22,8,362.88,2025-12-15,Updated,No
INV003308,ST06,P0533,13,41,12,13864.5,2025-12-09,Updated,No
INV000779,ST02,P0188,12,38,15,2327.64,2025-12-09,Updated,No
INV001737,ST03,P0569,71,9,3,28299.18,2025-12-30,Updated,No
INV000722,ST02,P0131,13,44,21,4243.46,2025-12-27,Updated,No
INV000878,ST02,P0287,24,45,17,8450.64,2025-12-07,Updated,No
INV002927,ST06,P0112,62,85,40,34064.66,2025-12-01,Updated,No
INV003779,ST07,P0441,20,43,14,874.6,2025-12-06,Updated,No
INV005798,ST11,P0261,46,11,5,3864.46,2025-12-16,Updated,No
INV004999,ST09,P0593,4,17,8,1568.8,2025-12-19,Updated,No
INV002183,ST04,P0474,22,36,12,12681.9,2025-12-13,Updated,No
INV001614,ST03,P0441,0,41,18,0.0,2025-12-27,Updated,No
INV005968,ST11,P0451,13,37,12,1149.72,2025-12-04,Updated,No
INV000642,ST02,P0051,35,86,42,7894.25,2025-12-29,Updated,No
INV000431,ST01,P0437,14,35,11,992.32,2025-12-19,Updated,No
INV001126,ST02,P0535,18,39,17,15179.76,2025-12-29,Updated,No
INV004532,ST09,P0084,22,46,15,3240.6,2025-12-30,Updated,No
INV001992,ST04,P0254,8,41,18,2637.6,2025-12-26,Updated,No
INV001389,ST03,P0207,26,46,20,2676.96,2025-12-22,Updated,No
INV003089,ST06,P0288,62,82,33,11200.92,2025-12-18,Updated,No
INV002680,ST05,P0432,9,17,8,972.99,2025-12-07,Updated,No
INV004666,ST09,P0232,73,93,38,40501.13,2025-12-13,Updated,No
INV005568,ST10,P0598,0,47,22,0.0,2025-12-12,Updated,No
INV003159,ST06,P0364,28,44,20,13697.88,2025-12-16,Updated,No
INV004379,ST08,P0515,29,38,16,25502.02,2025-12-28,Updated,No
INV003330,ST06,P0556,6,22,9,7171.74,2025-12-25,Updated,No
INV003775,ST07,P0437,26,39,12,1842.88,2025-12-19,Updated,No
INV004840,ST09,P0422,49,10,3,4528.58,2025-12-26,Updated,No
INV004528,ST09,P0078,75,79,25,16960.5,2025-12-24,Updated,No
INV000637,ST02,P0046,19,46,20,8779.52,2025-12-18,Updated,No
INV004619,ST09,P0179,31,42,15,747.72,2025-12-25,Updated,No
INV004318,ST08,P0446,7,23,10,621.32,2025-12-29,Updated,No
INV005138,ST10,P0145,0,81,29,0.0,2025-12-21,Updated,No
INV000543,ST01,P0551,23,32,11,13109.77,2025-12-15,Updated,No
INV000593,ST02,P0002,34,44,20,19363.34,2025-12-31,Updated,No
INV003366,ST06,P0597,16,37,15,6405.76,,Not Updated,No
INV005341,ST10,P0357,5,18,6,830.9,2025-12-24,Updated,No
INV005556,ST10,P0585,53,11,3,10886.73,2025-12-12,Updated,No
INV000855,ST02,P0264,17,67,31,7770.36,2025-12-19,Updated,No
INV001654,ST03,P0482,14,38,16,3628.38,2025-12-02,Updated,No
INV005022,ST10,P0017,33,72,33,6449.85,,Not Updated,No
INV000132,ST01,P0134,19,35,10,9984.12,,Not Updated,No
INV005511,ST10,P0537,55,10,3,41099.85,2025-12-04,Updated,No
INV005684,ST11,P0129,14,33,16,2519.16,2025-12-10,Updated,No
INV006112,ST12,P0018,26,42,16,4019.86,2025-12-14,Updated,No
INV004436,ST08,P0578,10,33,11,11285.0,2025-12-11,Updated,No
INV003364,ST06,P0595,6,23,10,1820.88,2025-12-25,Updated,No
INV004686,ST09,P0256,21,42,17,9223.2,2025-12-16,Updated,No
INV006219,ST12,P0129,22,37,13,3958.68,2025-12-27,Updated,No
INV005300,ST10,P0315,45,90,32,4057.65,2025-12-12,Updated,No
INV001967,ST04,P0228,31,36,15,14992.53,2025-12-10,Updated,No
INV003985,ST08,P0065,39,75,30,2432.04,2025-12-25,Updated,No
INV005342,ST10,P0358,13,47,21,3425.5,2025-12-05,Updated,No
INV005039,ST10,P0035,48,74,30,18518.88,2025-12-14,Updated,No
INV004255,ST08,P0371,39,84,38,4976.4,2025-12-27,Updated,No
INV001244,ST03,P0055,21,93,34,6431.67,2025-12-07,Updated,No
INV001248,ST03,P0059,70,95,42,33727.4,2025-12-01,Updated,No
INV005257,ST10,P0271,224,41,20,32480.0,2025-12-12,Updated,Yes
INV004326,ST08,P0454,0,86,33,0.0,2025-12-24,Updated,No
INV006254,ST12,P0166,20,47,20,6836.2,2025-12-29,Updated,No
INV000244,ST01,P0248,9,18,6,1639.71,2025-12-21,Updated,No
INV004534,ST09,P0086,41,64,21,4330.42,2025-12-05,Updated,No
INV001876,ST04,P0127,70,86,41,29503.6,2025-12-01,Updated,No
INV000597,ST02,P0006,66,77,33,34434.18,2025-12-12,Updated,No
INV001421,ST03,P0239,15,41,16,977.4,2025-12-24,Updated,No
INV000744,ST02,P0153,358,94,30,125736.76,2025-12-11,Updated,Yes
INV001495,ST03,P0318,18,39,14,1344.96,2025-12-16,Updated,No
INV000940,ST02,P0349,23,95,28,3163.65,2025-12-23,Updated,No
INV001634,ST03,P0461,14,38,12,1302.98,2025-12-02,Updated,No
INV001048,ST02,P0457,64,67,25,1518.08,2025-12-18,Updated,No
INV003545,ST07,P0188,11,45,19,2133.67,2025-12-10,Updated,No
INV001611,ST03,P0438,0,78,37,0.0,2025-12-20,Updated,No
INV004734,ST09,P0306,25,47,23,2649.0,2025-12-27,Updated,No
INV002211,ST04,P0508,7,21,8,6740.79,2025-12-31,Updated,No
INV003147,ST06,P0349,67,90,41,9215.85,2025-12-01,Updated,No
INV001494,ST03,P0317,16,38,17,2233.12,2025-12-26,Updated,No
INV006507,ST12,P0430,62,83,32,1319.36,2025-12-03,Updated,No
INV005767,ST11,P0224,35,87,36,16127.65,2025-12-18,Updated,No
INV002818,ST05,P0594,4,16,7,2314.04,2025-12-18,Updated,No
INV002772,ST05,P0544,7,16,6,2928.17,2025-12-14,Updated,No
INV005141,ST10,P0148,0,40,16,0.0,2025-12-30,Updated,No
INV000705,ST02,P0114,7,17,8,1161.65,2025-12-25,Updated,No
INV000783,ST02,P0192,9,41,16,1344.6,2025-12-29,Updated,No
INV004143,ST08,P0244,9,23,8,4181.67,2025-12-19,Updated,No
INV004105,ST08,P0200,21,83,25,1547.49,2025-12-23,Updated,No
INV005396,ST10,P0415,12,37,11,2919.0,2025-12-04,Updated,No
INV000601,ST02,P0010,21,44,13,2190.3,2025-12-13,Updated,No
INV004063,ST08,P0154,7,21,7,2294.53,2025-12-04,Updated,No
INV004350,ST08,P0484,9,23,10,1139.67,2025-12-05,Updated,No
INV000363,ST01,P0367,212,41,13,68255.52,2025-12-22,Updated,Yes
INV000791,ST02,P0200,68,95,37,5010.92,2025-12-07,Updated,No
INV002354,ST05,P0067,23,45,21,3931.85,2025-12-29,Updated,No
INV005010,ST10,P0004,61,67,20,30004.07,2025-12-12,Updated,No
INV000480,ST01,P0487,28,47,16,11901.4,2025-12-08,Updated,No
INV002586,ST05,P0327,17,36,15,6987.0,2025-12-18,Updated,No
INV002593,ST05,P0336,27,44,19,1318.41,2025-12-21,Updated,No
INV005627,ST11,P0064,27,34,13,2867.13,2025-12-21,Updated,No
INV005218,ST10,P0230,7,18,8,2640.82,2025-12-15,Updated,No
INV000701,ST02,P0110,17,32,13,3661.29,2025-12-20,Updated,No
INV000553,ST01,P0561,15,47,15,25988.1,2025-12-16,Updated,No
INV005783,ST11,P0244,9,18,8,4181.67,2025-12-06,Updated,No
INV004665,ST09,P0231,64,92,36,37375.36,2025-12-12,Updated,No
INV004061,ST08,P0151,22,65,25,3248.08,2025-12-27,Updated,No
INV000366,ST01,P0370,27,78,37,7648.56,2025-12-14,Updated,No
INV004959,ST09,P0550,29,32,11,13528.21,2025-12-27,Updated,No
INV002333,ST05,P0043,3,18,5,50.31,2025-12-28,Updated,No
INV001867,ST04,P0115,323,38,18,182578.98,2025-12-08,Updated,Yes
INV002294,ST05,P0001,36,79,37,10964.52,2025-12-31,Updated,No
INV001792,ST04,P0028,20,45,14,1898.4,2025-12-09,Updated,No
INV001762,ST03,P0597,22,38,13,8807.92,2025-12-20,Updated,No
INV004224,ST08,P0336,28,35,13,1367.24,2025-12-24,Updated,No
INV002236,ST04,P0533,16,41,16,17064.0,2025-12-29,Updated,No
INV001384,ST03,P0202,16,39,16,1794.72,2025-12-18,Updated,No
INV000723,ST02,P0132,69,78,28,14917.8,2025-12-24,Updated,No
INV000956,ST02,P0365,9,23,8,561.06,2025-12-30,Updated,No
INV005889,ST11,P0364,21,41,18,10273.41,2025-12-04,Updated,No
INV001569,ST03,P0394,46,87,35,2285.28,2025-12-26,Updated,No
INV003495,ST07,P0133,27,85,31,4766.85,2025-12-06,Updated,No
INV005207,ST10,P0218,68,65,23,10215.64,2025-12-21,Updated,No
INV004173,ST08,P0278,16,47,16,5928.0,2025-12-22,Updated,No
INV004802,ST09,P0383,371,90,32,208691.21,2025-12-31,Updated,Yes
INV001482,ST03,P0305,30,42,17,14346.3,2025-12-10,Updated,No
INV004301,ST08,P0425,6,20,8,2828.46,2025-12-12,Updated,No
INV003447,ST07,P0084,21,47,20,3093.3,2025-12-02,Updated,No
INV002630,ST05,P0378,52,91,27,16827.2,2025-12-26,Updated,No
INV006410,ST12,P0328,5,17,5,120.6,2025-12-07,Updated,No
INV004621,ST09,P0182,385,70,28,200049.85,2025-12-09,Updated,Yes
INV000714,ST02,P0123,48,94,31,6235.68,2025-12-05,Updated,No
INV002378,ST05,P0093,17,47,20,412.25,2025-12-11,Updated,No
INV004090,ST08,P0184,8,38,12,661.36,2025-12-09,Updated,No
INV000909,ST02,P0318,16,39,16,1195.52,2025-12-29,Updated,No
INV005065,ST10,P0064,301,45,14,31963.19,2025-12-18,Updated,Yes
INV005344,ST10,P0360,8,20,8,157.36,2025-12-06,Updated,No
INV004082,ST08,P0174,5,16,5,996.95,2025-12-18,Updated,No
INV006011,ST11,P0501,4,17,7,2239.6,2025-12-02,Updated,No
INV003543,ST07,P0186,17,41,19,3620.32,2025-12-02,Updated,No
INV003337,ST06,P0563,24,43,20,7489.68,2025-12-08,Updated,No
INV000246,ST01,P0250,61,10,4,20137.32,2025-12-28,Updated,No
INV003292,ST06,P0515,26,46,22,22863.88,2025-12-24,Updated,No
INV006138,ST12,P0045,36,79,27,15528.6,2025-12-29,Updated,No
INV005288,ST10,P0303,9,37,13,4326.48,2025-12-14,Updated,No
INV000824,ST02,P0233,8,22,10,220.16,2025-12-24,Updated,No
INV002881,ST06,P0064,24,46,22,2548.56,2025-12-17,Updated,No
INV002131,ST04,P0413,21,64,25,5484.99,2025-12-23,Updated,No
INV002735,ST05,P0502,32,38,17,5480.0,2025-12-07,Updated,No
INV002887,ST06,P0070,49,83,28,9556.47,2025-12-30,Updated,No
INV003441,ST07,P0077,19,47,18,3062.23,2025-12-24,Updated,No
INV000022,ST01,P0023,408,47,18,42534.0,2025-12-13,Updated,Yes
INV005417,ST10,P0437,25,32,15,1772.0,2025-12-06,Updated,No
INV003510,ST07,P0149,53,93,35,12690.85,2025-12-04,Updated,No
INV004459,ST09,P0002,6,32,10,3417.06,2025-12-31,Updated,No
INV000304,ST01,P0308,12,33,13,4752.96,2025-12-19,Updated,No
INV006397,ST12,P0315,62,75,37,5590.54,2025-12-05,Updated,No
INV000347,ST01,P0351,24,34,16,6090.0,2025-12-06,Updated,No
INV001518,ST03,P0342,41,10,3,18677.55,2025-12-12,Updated,No
INV004111,ST08,P0206,7,20,8,607.6,2025-12-06,Updated,No
INV003651,ST07,P0301,11,22,10,685.96,2025-12-24,Updated,No
INV002346,ST05,P0058,7,20,9,2478.49,2025-12-09,Updated,No
INV001143,ST02,P0552,8,19,9,2141.76,2025-12-04,Updated,No
INV004817,ST09,P0399,22,46,14,10472.66,2025-12-11,Updated,No
INV003825,ST07,P0489,24,41,16,1870.56,2025-12-30,Updated,No
INV000830,ST02,P0239,7,39,15,456.12,2025-12-23,Updated,No
INV004601,ST09,P0159,61,74,31,16868.33,2025-12-10,Updated,No
INV005582,ST11,P0013,14,38,15,1756.16,2025-12-02,Updated,No
INV000187,ST01,P0190,14,45,21,3271.94,2025-12-28,Updated,No
INV004767,ST09,P0344,4,17,6,1742.48,2025-12-20,Updated,No
INV000399,ST01,P0403,57,86,28,26577.96,2025-12-31,Updated,No
INV002317,ST05,P0026,9,39,17,4936.14,2025-12-12,Updated,No
INV000015,ST01,P0016,26,94,34,4219.8,2025-12-31,Updated,No
INV000028,ST01,P0029,141,39,13,68346.93,2025-12-08,Updated,Yes
INV001784,ST04,P0019,66,94,28,27617.04,2025-12-27,Updated,No
INV000053,ST01,P0054,0,79,34,0.0,2025-12-13,Updated,No
INV000168,ST01,P0171,24,37,13,13578.24,2025-12-16,Updated,No
INV003117,ST06,P0318,24,43,18,1793.28,2025-12-25,Updated,No
INV003643,ST07,P0292,22,33,12,8062.78,2025-12-27,Updated,No
INV003863,ST07,P0530,64,11,5,11925.12,2025-12-28,Updated,No
INV001182,ST02,P0591,8,22,9,1295.36,2025-12-12,Updated,No
INV005520,ST10,P0546,9,40,15,1614.96,2025-12-29,Updated,No
INV006379,ST12,P0296,27,45,13,12172.41,2025-12-25,Updated,No
INV000372,ST01,P0376,22,41,18,4897.42,2025-12-23,Updated,No
INV001761,ST03,P0596,22,37,15,5089.7,2025-12-24,Updated,No
INV001024,ST02,P0433,14,33,13,1640.52,2025-12-20,Updated,No
INV000802,ST02,P0211,1051,67,22,78404.6,2025-12-01,Updated,Yes
INV003700,ST07,P0355,24,42,18,11825.28,2025-12-04,Updated,No
INV000355,ST01,P0359,7,21,8,3938.13,,Not Updated,No
INV002129,ST04,P0411,19,41,18,7650.73,2025-12-01,Updated,No
INV002100,ST04,P0380,13,45,18,4375.8,2025-12-10,Updated,No
INV001351,ST03,P0167,43,66,21,14062.72,2025-12-15,Updated,No
INV006306,ST12,P0218,78,81,26,11717.94,2025-12-08,Updated,No
INV002871,ST06,P0054,74,79,28,8735.7,2025-12-05,Updated,No
INV004967,ST09,P0558,104,20,8,100264.32,2025-12-14,Updated,Yes
INV002234,ST04,P0531,6,16,7,5833.38,2025-12-14,Updated,No
INV003901,ST07,P0571,5,18,5,2324.2,2025-12-06,Updated,No
INV004110,ST08,P0205,79,70,22,4333.15,2025-12-06,Updated,No
INV006165,ST12,P0073,68,91,36,3272.16,2025-12-02,Updated,No
INV004898,ST09,P0487,27,34,12,11476.35,2025-12-02,Updated,No
INV004984,ST09,P0578,2258,39,18,2548153.0,2025-12-09,Updated,Yes
INV005598,ST11,P0029,15,40,14,7270.95,2025-12-15,Updated,No
INV006423,ST12,P0342,46,9,3,20955.3,,Not Updated,No
INV006325,ST12,P0238,5,17,6,409.7,2025-12-25,Updated,No
INV005541,ST10,P0568,27,39,14,52611.39,2025-12-05,Updated,No
INV005913,ST11,P0389,72,91,28,7223.04,2025-12-15,Updated,No
INV004346,ST08,P0480,8,23,10,3823.92,2025-12-06,Updated,No
INV003051,ST06,P0249,10,35,15,643.9,2025-12-29,Updated,No
INV004586,ST09,P0142,0,67,28,0.0,2025-12-10,Updated,No
INV001581,ST03,P0407,4,23,11,1888.56,2025-12-03,Updated,No
INV003130,ST06,P0332,5,17,5,2399.25,2025-12-16,Updated,No
INV001730,ST03,P0560,0,42,13,0.0,2025-12-29,Updated,No
INV004221,ST08,P0332,6,18,6,2879.1,2025-12-03,Updated,No
INV001521,ST03,P0345,23,45,20,8671.23,2025-12-30,Updated,No
INV006509,ST12,P0432,9,17,5,972.99,2025-12-27,Updated,No
INV005055,ST10,P0054,32,92,31,3777.6,2025-12-19,Updated,No
INV001603,ST03,P0430,34,81,25,723.52,2025-12-18,Updated,No
INV004060,ST08,P0150,870,72,34,62213.7,2025-12-10,Updated,Yes
INV005238,ST10,P0250,36,8,3,11884.32,2025-12-13,Updated,No
INV006139,ST12,P0046,29,32,15,13400.32,,Not Updated,No
INV004525,ST09,P0075,57,72,30,4076.07,2025-12-20,Updated,No
INV000323,ST01,P0327,14,37,14,5754.0,2025-12-05,Updated,No
INV002836,ST06,P0014,33,93,37,16005.99,2025-12-17,Updated,No
INV005769,ST11,P0226,6,21,8,3175.98,2025-12-19,Updated,No
INV001246,ST03,P0057,38,89,39,13699.76,2025-12-06,Updated,No
INV003795,ST07,P0458,8,17,5,776.8,2025-12-05,Updated,No
INV000750,ST02,P0159,65,95,29,17974.45,2025-12-21,Updated,No
INV004521,ST09,P0071,39,92,37,7258.68,2025-12-29,Updated,No
INV001406,ST03,P0224,58,64,24,26725.82,2025-12-16,Updated,No
INV003516,ST07,P0156,72,80,28,15028.56,2025-12-13,Updated,No
INV005503,ST10,P0528,0,38,18,0.0,2025-12-05,Updated,No
INV003454,ST07,P0092,60,83,25,3478.2,2025-12-13,Updated,No
INV004357,ST08,P0491,7,19,7,4988.06,2025-12-20,Updated,No
INV004400,ST08,P0538,43,8,3,44900.17,2025-12-27,Updated,No
INV003803,ST07,P0467,53,79,23,1221.12,2025-12-11,Updated,No
INV004021,ST08,P0104,11,40,13,1020.36,2025-12-23,Updated,No
INV006518,ST12,P0444,8,23,10,848.16,2025-12-06,Updated,No
INV004605,ST09,P0163,22,34,16,1496.44,2025-12-19,Updated,No
INV004648,ST09,P0211,39,77,23,2909.4,2025-12-06,Updated,No
INV000752,ST02,P0161,47,81,25,16728.71,2025-12-12,Updated,No
INV005874,ST11,P0347,27,47,14,538.65,2025-12-17,Updated,No
INV002338,ST05,P0050,73,68,29,16454.93,2025-12-03,Updated,No
INV004215,ST08,P0324,10,33,14,500.3,2025-12-19,Updated,No
INV003688,ST07,P0342,32,10,4,14577.6,2025-12-06,Updated,No
INV003401,ST07,P0036,56,73,24,11796.4,2025-12-29,Updated,No
INV005150,ST10,P0160,22,82,39,3104.2,2025-12-02,Updated,No
INV005087,ST10,P0089,15,37,14,2745.6,2025-12-17,Updated,No
INV002126,ST04,P0407,9,23,11,4249.26,2025-12-18,Updated,No
INV003709,ST07,P0365,7,23,8,436.38,2025-12-13,Updated,No
INV005752,ST11,P0205,49,75,33,2687.65,2025-12-29,Updated,No
INV000199,ST01,P0203,23,33,14,3135.13,2025-12-28,Updated,No
INV002539,ST05,P0277,15,43,18,7870.8,2025-12-27,Updated,No
INV005230,ST10,P0242,13,41,12,4703.53,2025-12-18,Updated,No
INV003660,ST07,P0311,31,35,14,10804.12,2025-12-30,Updated,No
INV004720,ST09,P0292,25,40,12,9162.25,2025-12-23,Updated,No
INV005311,ST10,P0326,0,41,14,0.0,2025-12-02,Updated,No
INV004406,ST08,P0544,5,16,7,2091.55,2025-12-31,Updated,No
INV004690,ST09,P0261,80,11,5,6720.8,2025-12-04,Updated,No
INV004664,ST09,P0230,6,23,9,2263.56,2025-12-06,Updated,No
INV003841,ST07,P0505,17,43,20,3300.55,2025-12-02,Updated,No
INV000630,ST02,P0039,45,92,41,21773.7,2025-12-07,Updated,No
INV003585,ST07,P0229,27,39,14,1199.61,2025-12-14,Updated,No
INV004078,ST08,P0170,27,80,24,5151.06,2025-12-18,Updated,No
INV003783,ST07,P0445,24,35,15,2011.2,2025-12-29,Updated,No
INV000145,ST01,P0147,55,82,34,4401.65,2025-12-15,Updated,No
INV006656,ST12,P0591,5,16,6,809.6,2025-12-17,Updated,No
INV005247,ST10,P0260,168,36,12,18679.92,2025-12-08,Updated,Yes
INV006167,ST12,P0075,54,77,27,3861.54,2025-12-12,Updated,No
INV001947,ST04,P0205,65,80,27,3565.25,2025-12-13,Updated,No
INV001808,ST04,P0047,14,45,18,797.44,2025-12-24,Updated,No
INV003927,ST07,P0597,18,36,17,7206.48,2025-12-11,Updated,No
INV001309,ST03,P0123,29,95,45,3767.39,2025-12-25,Updated,No
INV000286,ST01,P0290,28,32,12,15085.56,2025-12-26,Updated,No
INV001871,ST04,P0121,40,77,31,11717.2,2025-12-08,Updated,No
INV006256,ST12,P0168,53,72,32,13257.42,2025-12-15,Updated,No
INV004597,ST09,P0154,7,21,8,2294.53,2025-12-08,Updated,No
INV002088,ST04,P0368,14,46,17,6022.1,2025-12-08,Updated,No
INV005749,ST11,P0201,15,35,13,2395.95,2025-12-14,Updated,No
INV006651,ST12,P0586,7,19,6,171.08,2025-12-05,Updated,No
INV002758,ST05,P0527,8,22,10,8063.04,2025-12-15,Updated,No
INV001836,ST04,P0079,48,85,29,8638.56,2025-12-20,Updated,No
INV003811,ST07,P0475,14,47,20,3718.82,,Not Updated,No
INV002535,ST05,P0271,19,37,11,2755.0,2025-12-04,Updated,No
INV003917,ST07,P0587,7,34,10,1954.05,2025-12-09,Updated,No
INV006014,ST11,P0505,21,41,13,4077.15,2025-12-21,Updated,No
INV000272,ST01,P0276,81,11,5,19732.41,2025-12-06,Updated,No
INV001026,ST02,P0435,12,34,16,1238.52,2025-12-03,Updated,No
INV003424,ST07,P0060,72,67,21,2128.32,2025-12-10,Updated,No
INV002196,ST04,P0490,27,45,13,12083.31,2025-12-01,Updated,No
INV000548,ST01,P0556,6,18,6,7171.74,2025-12-11,Updated,No
INV003686,ST07,P0340,60,91,39,12766.2,2025-12-28,Updated,No
INV002035,ST04,P0309,19,36,16,6429.6,2025-12-20,Updated,No
INV006019,ST11,P0511,20,36,17,4896.2,2025-12-01,Updated,No
INV004864,ST09,P0450,9,22,8,213.57,2025-12-17,Updated,No
INV000975,ST02,P0384,48,94,43,7749.6,2025-12-19,Updated,No
INV002598,ST05,P0342,36,11,4,16399.8,2025-12-17,Updated,No
INV005489,ST10,P0513,59,16,7,27403.73,2025-12-17,Updated,No
INV002057,ST04,P0334,12,38,12,2378.64,2025-12-13,Updated,No
INV002233,ST04,P0530,27,9,4,5030.91,2025-12-15,Updated,No
INV001975,ST04,P0236,5,16,5,1675.3,2025-12-17,Updated,No
INV002441,ST05,P0164,11,23,10,4153.93,2025-12-27,Updated,No
INV005850,ST11,P0321,21,33,15,5176.29,2025-12-08,Updated,No
INV002571,ST05,P0311,12,37,13,4182.24,2025-12-08,Updated,No
INV000712,ST02,P0121,93,79,26,27242.49,2025-12-18,Updated,No
INV004254,ST08,P0370,0,87,33,0.0,2025-12-20,Updated,No
INV006044,ST11,P0543,5,21,6,3565.05,2025-12-13,Updated,No
INV002502,ST05,P0233,95,17,7,2614.4,2025-12-30,Updated,No
INV003356,ST06,P0586,9,18,8,219.96,2025-12-29,Updated,No
INV006431,ST12,P0350,134,35,10,73182.76,2025-12-05,Updated,Yes
INV002521,ST05,P0253,68,81,33,14414.64,2025-12-21,Updated,No
INV006117,ST12,P0023,27,44,13,2814.75,2025-12-01,Updated,No
INV005345,ST10,P0361,8,16,7,3125.04,2025-12-09,Updated,No
INV006148,ST12,P0055,0,75,24,0.0,2025-12-28,Updated,No
INV000412,ST01,P0417,25,37,13,2257.75,2025-12-25,Updated,No
INV005173,ST10,P0183,64,69,27,4432.0,2025-12-06,Updated,No
INV000349,ST01,P0353,20,40,15,5082.0,2025-12-17,Updated,No
INV002206,ST04,P0502,11,46,14,1883.75,2025-12-27,Updated,No
INV001390,ST03,P0208,53,77,31,4285.05,2025-12-01,Updated,No
INV004925,ST09,P0515,30,41,19,26381.4,2025-12-11,Updated,No
INV000308,ST01,P0312,22,43,16,5732.76,2025-12-28,Updated,No
INV000698,ST02,P0107,58,81,33,11176.02,2025-12-04,Updated,No
INV003812,ST07,P0476,8,18,7,4330.24,2025-12-01,Updated,No
INV003138,ST06,P0340,442,72,23,94044.34,2025-12-21,Updated,Yes
INV005488,ST10,P0512,10,36,11,3124.9,2025-12-06,Updated,No
INV005074,ST10,P0075,79,93,37,5649.29,2025-12-01,Updated,No
INV003248,ST06,P0467,456,73,34,10506.24,2025-12-21,Updated,Yes
INV004599,ST09,P0157,30,80,38,4074.3,2025-12-11,Updated,No
INV003341,ST06,P0567,7,16,6,6797.7,2025-12-19,Updated,No
INV000573,ST01,P0581,7,23,11,14246.82,2025-12-22,Updated,No
INV004660,ST09,P0226,7,20,8,3705.31,2025-12-09,Updated,No
INV002128,ST04,P0409,138,34,10,47855.64,2025-12-23,Updated,Yes
INV003991,ST08,P0072,395,86,35,32860.05,2025-12-31,Updated,Yes
INV005067,ST10,P0068,53,65,21,12552.52,2025-12-05,Updated,No
INV005033,ST10,P0029,21,38,18,10179.33,2025-12-09,Updated,No
INV003044,ST06,P0242,0,47,17,0.0,2025-12-25,Updated,No
INV001766,ST04,P0001,49,78,36,14923.93,2025-12-17,Updated,No
INV003272,ST06,P0494,23,35,12,16205.11,2025-12-20,Updated,No
INV001890,ST04,P0142,54,95,30,7594.02,2025-12-15,Updated,No
INV004857,ST09,P0442,0,92,42,0.0,,Not Updated,No
INV004452,ST08,P0594,4,20,7,2314.04,2025-12-08,Updated,No
INV000491,ST01,P0498,11,23,10,8611.79,2025-12-21,Updated,No
INV006314,ST12,P0226,10,16,5,5293.3,2025-12-19,Updated,No
INV002865,ST06,P0048,0,32,10,0.0,2025-12-16,Updated,No
INV005632,ST11,P0070,41,95,35,7996.23,2025-12-28,Updated,No
INV000976,ST02,P0385,7,19,6,1976.38,2025-12-04,Updated,No
INV006104,ST12,P0010,0,38,16,0.0,2025-12-28,Updated,No
INV005064,ST10,P0063,55,83,40,11044.55,2025-12-21,Updated,No
INV002311,ST05,P0020,20,39,12,1894.8,2025-12-14,Updated,No
INV000367,ST01,P0371,67,90,37,8549.2,2025-12-24,Updated,No
INV003392,ST07,P0026,26,40,15,14259.96,2025-12-04,Updated,No
INV003217,ST06,P0431,43,71,25,1067.26,2025-12-04,Updated,No
INV005380,ST10,P0397,47,8,3,6920.28,2025-12-08,Updated,No
INV002144,ST04,P0428,44,78,38,4853.2,2025-12-10,Updated,No
INV002914,ST06,P0098,30,37,16,4158.6,2025-12-08,Updated,No
INV004473,ST09,P0017,59,81,28,11531.55,2025-12-21,Updated,No
INV002138,ST04,P0421,76,77,25,41451.92,2025-12-27,Updated,No
INV004035,ST08,P0121,36,77,35,10545.48,2025-12-20,Updated,No
INV006225,ST12,P0135,27,36,17,15487.74,2025-12-21,Updated,No
INV000648,ST02,P0057,55,67,28,19828.6,2025-12-24,Updated,No
INV005746,ST11,P0198,5,16,6,240.75,2025-12-23,Updated,No
INV000749,ST02,P0158,18,86,29,838.62,2025-12-02,Updated,No
INV006312,ST12,P0224,65,80,39,29951.35,2025-12-05,Updated,No
INV001727,ST03,P0557,10,20,8,11086.6,2025-12-05,Updated,No
INV003476,ST07,P0114,4,21,7,663.8,2025-12-14,Updated,No
INV004667,ST09,P0233,5,21,8,137.6,2025-12-19,Updated,No
INV004701,ST09,P0272,5,20,7,2397.35,2025-12-08,Updated,No
INV000490,ST01,P0497,204,21,10,40396.08,2025-12-17,Updated,Yes
INV002008,ST04,P0275,4,19,6,589.2,2025-12-11,Updated,No
INV006092,ST11,P0598,18,42,18,3461.22,2025-12-19,Updated,No
INV002033,ST04,P0305,26,45,16,12433.46,2025-12-19,Updated,No
INV004524,ST09,P0074,65,70,34,5907.85,2025-12-13,Updated,No
INV001937,ST04,P0195,24,37,16,1602.96,2025-12-24,Updated,No
INV002891,ST06,P0074,85,92,29,7725.65,2025-12-25,Updated,No
INV003251,ST06,P0471,44,9,4,10906.72,2025-12-29,Updated,No
INV003606,ST07,P0252,8,39,13,1442.88,2025-12-16,Updated,No
INV002387,ST05,P0104,17,47,14,1576.92,2025-12-15,Updated,No
INV002578,ST05,P0319,52,69,32,19870.76,2025-12-05,Updated,No
INV000229,ST01,P0233,8,16,7,220.16,2025-12-16,Updated,No
INV005704,ST11,P0152,16,41,18,5668.96,2025-12-23,Updated,No
INV003839,ST07,P0503,8,23,10,7808.4,2025-12-10,Updated,No
INV004816,ST09,P0398,19,43,19,2647.84,2025-12-26,Updated,No
INV002952,ST06,P0141,11,44,15,2934.14,2025-12-18,Updated,No
INV003488,ST07,P0126,19,41,15,6527.07,2025-12-18,Updated,No
INV004583,ST09,P0139,27,41,17,6558.57,2025-12-11,Updated,No
INV004957,ST09,P0548,8,22,8,2674.32,2025-12-22,Updated,No
INV001550,ST03,P0374,17,33,11,8730.18,2025-12-04,Updated,No
INV000787,ST02,P0196,24,44,13,4288.32,2025-12-23,Updated,No
INV002215,ST04,P0512,30,39,15,9374.7,,Not Updated,No
INV002760,ST05,P0529,0,40,15,0.0,2025-12-30,Updated,No
INV003592,ST07,P0237,6,22,7,569.22,2025-12-25,Updated,No
INV006032,ST11,P0527,9,22,7,9070.92,2025-12-14,Updated,No
INV000250,ST01,P0254,11,43,20,3626.7,2025-12-19,Updated,No
INV000986,ST02,P0395,53,10,3,18444.53,2025-12-11,Updated,No
INV001410,ST03,P0228,19,33,11,9188.97,2025-12-20,Updated,No
INV004288,ST08,P0411,20,33,14,8053.4,2025-12-30,Updated,No
INV004981,ST09,P0575,12,44,16,18479.4,2025-12-11,Updated,No
INV004004,ST08,P0087,26,42,20,2037.88,2025-12-20,Updated,No
INV001153,ST02,P0562,16,44,19,11663.84,2025-12-04,Updated,No
INV002429,ST05,P0151,76,75,35,11220.64,2025-12-14,Updated,No
INV002097,ST04,P0377,78,88,33,28599.48,2025-12-23,Updated,No
INV004849,ST09,P0433,150,41,17,17577.0,2025-12-27,Updated,Yes
INV003665,ST07,P0316,7,22,8,3829.77,2025-12-03,Updated,No
INV005361,ST10,P0377,71,76,29,26032.86,2025-12-07,Updated,No
INV004570,ST09,P0126,20,42,19,6870.6,,Not Updated,No
INV001265,ST03,P0078,81,86,28,18317.34,2025-12-25,Updated,No
INV003131,ST06,P0333,11,23,11,570.24,2025-12-01,Updated,No
INV004835,ST09,P0417,15,46,15,1354.65,2025-12-26,Updated,No
INV004382,ST08,P0518,5,21,6,5830.75,2025-12-22,Updated,No
INV001257,ST03,P0069,813,79,30,53397.84,2025-12-19,Updated,Yes
INV004104,ST08,P0199,13,37,11,1562.21,2025-12-12,Updated,No
INV004474,ST09,P0018,19,38,15,2937.59,2025-12-20,Updated,No
INV001333,ST03,P0148,16,40,17,6157.12,2025-12-24,Updated,No
INV005214,ST10,P0226,9,23,10,4763.97,2025-12-08,Updated,No
INV004617,ST09,P0177,48,64,27,12614.88,2025-12-02,Updated,No
INV000912,ST02,P0321,23,36,12,5669.27,2025-12-06,Updated,No
INV003078,ST06,P0277,0,37,16,0.0,2025-12-25,Updated,No
INV003354,ST06,P0582,8,16,7,12489.76,2025-12-08,Updated,No
INV005633,ST11,P0072,31,72,21,2578.89,2025-12-17,Updated,No
INV003604,ST07,P0250,44,11,4,14525.28,2025-12-05,Updated,No
INV001723,ST03,P0553,18,34,10,9841.32,2025-12-27,Updated,No
INV003571,ST07,P0215,41,91,30,870.02,2025-12-27,Updated,No
INV000505,ST01,P0512,28,47,18,8749.72,2025-12-21,Updated,No
INV005948,ST11,P0430,47,80,39,1000.16,2025-12-18,Updated,No
INV003464,ST07,P0102,487,69,23,175441.75,2025-12-21,Updated,Yes
INV000602,ST02,P0011,58,68,30,1745.22,2025-12-27,Updated,No
INV001899,ST04,P0152,26,37,13,9212.06,2025-12-08,Updated,No
INV004805,ST09,P0386,11,22,10,6047.8,2025-12-29,Updated,No
INV004248,ST08,P0364,24,42,17,11741.04,2025-12-07,Updated,No
INV000699,ST02,P0108,39,67,31,14640.99,2025-12-12,Updated,No
INV005418,ST10,P0438,60,91,32,3300.6,2025-12-17,Updated,No
INV002507,ST05,P0238,7,22,8,573.58,2025-12-23,Updated,No
INV002750,ST05,P0519,6,22,8,6504.36,2025-12-21,Updated,No
INV002700,ST05,P0455,19,42,20,1095.92,2025-12-16,Updated,No
INV005607,ST11,P0041,67,80,37,34350.9,2025-12-15,Updated,No
INV000662,ST02,P0071,59,81,37,10981.08,2025-12-16,Updated,No
INV005140,ST10,P0147,75,74,23,6002.25,2025-12-21,Updated,No
INV002969,ST06,P0161,50,87,33,17796.5,2025-12-01,Updated,No
INV004162,ST08,P0266,56,8,3,15667.12,2025-12-08,Updated,No
INV003600,ST07,P0246,12,40,13,3013.2,2025-12-10,Updated,No
INV005338,ST10,P0354,20,45,19,7254.6,2025-12-27,Updated,No
INV000629,ST02,P0038,30,43,14,10314.6,2025-12-29,Updated,No
INV001578,ST03,P0403,46,68,25,21448.88,2025-12-02,Updated,No
INV002928,ST06,P0113,20,68,29,4871.4,2025-12-03,Updated,No
INV002394,ST05,P0112,302,71,34,165927.86,2025-12-15,Updated,Yes
INV005691,ST11,P0137,53,92,28,20323.91,2025-12-23,Updated,No
INV005980,ST11,P0464,65,74,27,4605.25,2025-12-11,Updated,No
INV000717,ST02,P0126,179,32,13,61491.87,2025-12-20,Updated,Yes
INV004348,ST08,P0482,17,47,21,4405.89,2025-12-29,Updated,No
INV006653,ST12,P0588,3,17,6,578.52,2025-12-05,Updated,No
INV004431,ST08,P0570,7,23,11,8981.63,2025-12-05,Updated,No
INV006488,ST12,P0409,14,44,14,4854.92,2025-12-11,Updated,No
INV002639,ST05,P0389,46,91,42,4614.72,2025-12-06,Updated,No
INV004241,ST08,P0357,8,23,9,1329.44,2025-12-28,Updated,No
INV001359,ST03,P0175,8,22,10,302.64,2025-12-24,Updated,No
INV004333,ST08,P0462,18,32,14,537.66,2025-12-28,Updated,No
INV006394,ST12,P0311,12,32,13,4182.24,2025-12-22,Updated,No
INV005111,ST10,P0115,19,41,18,10739.94,2025-12-21,Updated,No
INV005630,ST11,P0068,66,75,24,15631.44,2025-12-01,Updated,No
INV003764,ST07,P0425,7,21,7,3299.87,2025-12-21,Updated,No
INV004757,ST09,P0332,8,16,6,3838.8,2025-12-25,Updated,No
INV006408,ST12,P0326,17,36,17,4867.95,,Not Updated,No
INV002967,ST06,P0159,429,81,32,118631.37,2025-12-21,Updated,Yes
INV006255,ST12,P0167,46,73,22,15043.84,2025-12-11,Updated,No
INV004722,ST09,P0294,78,73,26,22041.24,2025-12-09,Updated,No
INV000138,ST01,P0140,5,22,8,2433.7,2025-12-31,Updated,No
INV004094,ST08,P0189,28,70,33,2254.0,2025-12-07,Updated,No
INV005437,ST10,P0459,61,74,22,1254.77,2025-12-28,Updated,No
INV006561,ST12,P0492,9,19,9,6827.58,2025-12-06,Updated,No
INV004577,ST09,P0133,66,90,43,11652.3,2025-12-13,Updated,No
INV004169,ST08,P0274,5,20,9,1450.0,2025-12-01,Updated,No
INV006007,ST11,P0497,7,19,7,1386.14,2025-12-23,Updated,No
INV005829,ST11,P0295,64,72,23,25623.68,2025-12-04,Updated,No
INV003064,ST06,P0262,23,40,18,1296.51,2025-12-02,Updated,No
INV003041,ST06,P0239,11,37,14,716.76,2025-12-23,Updated,No
INV005521,ST10,P0547,7,22,7,1402.73,2025-12-24,Updated,No
INV005023,ST10,P0018,23,47,19,3556.03,2025-12-17,Updated,No
INV002974,ST06,P0167,41,93,43,13408.64,2025-12-30,Updated,No
INV004071,ST08,P0162,75,65,26,11961.0,2025-12-09,Updated,No
INV001147,ST02,P0556,97,20,8,115943.13,2025-12-16,Updated,No
INV006363,ST12,P0279,0,78,32,0.0,2025-12-03,Updated,No
INV002425,ST05,P0147,33,93,33,2640.99,2025-12-14,Updated,No
INV005576,ST11,P0006,44,64,27,22956.12,2025-12-24,Updated,No
INV003911,ST07,P0581,8,19,9,16282.08,2025-12-12,Updated,No
INV001512,ST03,P0336,27,41,14,1318.41,2025-12-05,Updated,No
INV003847,ST07,P0511,24,34,14,5875.44,2025-12-24,Updated,No
INV002470,ST05,P0199,14,34,16,1682.38,2025-12-24,Updated,No
INV006416,ST12,P0335,17,34,15,645.15,2025-12-06,Updated,No
INV000509,ST01,P0517,74,10,3,24909.88,2025-12-09,Updated,No
INV000508,ST01,P0516,8,20,8,4060.08,2025-12-07,Updated,No
INV005739,ST11,P0191,7,42,13,1244.53,2025-12-25,Updated,No
INV001822,ST04,P0063,34,87,33,6827.54,2025-12-29,Updated,No
INV002123,ST04,P0404,151,43,21,81530.94,2025-12-31,Updated,Yes
INV006548,ST12,P0477,32,44,17,4881.28,2025-12-30,Updated,No
INV005050,ST10,P0049,15,37,12,408.45,2025-12-14,Updated,No
INV006081,ST11,P0584,7,19,7,10794.84,,Not Updated,No
INV006409,ST12,P0327,18,36,12,7398.0,2025-12-01,Updated,No
INV005711,ST11,P0159,87,71,35,24058.11,2025-12-29,Updated,No
INV001066,ST02,P0475,8,37,11,2125.04,2025-12-31,Updated,No
INV001515,ST03,P0339,10,21,6,3194.1,,Not Updated,No
INV002047,ST04,P0321,0,42,17,0.0,2025-12-09,Updated,No
INV005832,ST11,P0299,5,21,9,1151.75,2025-12-09,Updated,No
INV004533,ST09,P0085,29,85,25,4865.33,2025-12-26,Updated,No
INV005297,ST10,P0312,17,34,10,4429.86,2025-12-11,Updated,No
INV000045,ST01,P0046,19,38,17,8779.52,2025-12-29,Updated,No
INV004644,ST09,P0207,16,39,14,1647.36,2025-12-07,Updated,No
INV003430,ST07,P0066,3,16,6,442.41,2025-12-04,Updated,No
INV001138,ST02,P0547,7,18,7,1402.73,2025-12-21,Updated,No
INV002528,ST05,P0261,81,11,3,6804.81,2025-12-24,Updated,No
INV003938,ST08,P0012,62,76,32,3884.3,2025-12-15,Updated,No
INV000884,ST02,P0293,146,32,11,78698.38,2025-12-31,Updated,Yes
INV000609,ST02,P0018,23,38,13,3556.03,2025-12-16,Updated,No
INV005731,ST11,P0180,21,47,21,2774.94,2025-12-29,Updated,No
INV002730,ST05,P0496,13,36,14,13522.6,2025-12-07,Updated,No
INV001096,ST02,P0505,24,40,19,4659.6,2025-12-16,Updated,No
INV001106,ST02,P0515,7,39,12,6155.66,2025-12-29,Updated,No
INV005086,ST10,P0088,16,44,16,3928.32,2025-12-28,Updated,No
INV004437,ST08,P0579,13,47,17,29077.1,2025-12-26,Updated,No
INV000823,ST02,P0232,46,70,30,25521.26,2025-12-20,Updated,No
INV006058,ST11,P0558,7,21,6,6748.56,2025-12-03,Updated,No
INV003518,ST07,P0158,49,88,28,2282.91,2025-12-29,Updated,No
INV003505,ST07,P0143,28,81,35,9178.4,2025-12-11,Updated,No
INV006300,ST12,P0212,67,77,28,1849.87,2025-12-26,Updated,No
INV004426,ST08,P0565,59,9,4,131258.48,2025-12-22,Updated,No
INV005309,ST10,P0324,1773,32,11,88703.19,2025-12-08,Updated,Yes
INV006162,ST12,P0070,45,83,37,8776.35,2025-12-07,Updated,No
INV006123,ST12,P0029,9,43,14,4362.57,2025-12-03,Updated,No
INV001489,ST03,P0312,17,37,17,4429.86,2025-12-13,Updated,No
INV001656,ST03,P0484,10,23,11,1266.3,2025-12-13,Updated,No
INV004801,ST09,P0382,23,37,17,9504.98,2025-12-26,Updated,No
INV000237,ST01,P0241,4,19,6,1461.84,2025-12-11,Updated,No
INV005799,ST11,P0262,23,34,10,1296.51,2025-12-30,Updated,No
INV003771,ST07,P0432,7,23,10,756.77,,Not Updated,No
INV004891,ST09,P0480,9,16,5,4301.91,2025-12-18,Updated,No
INV005440,ST10,P0462,19,37,11,567.53,2025-12-06,Updated,No
INV006440,ST12,P0360,8,18,5,157.36,2025-12-24,Updated,No
INV002227,ST04,P0524,63,9,3,34083.0,2025-12-02,Updated,No
INV002517,ST05,P0248,7,20,7,1275.33,2025-12-16,Updated,No
INV003876,ST07,P0543,7,18,7,4991.07,2025-12-18,Updated,No
INV005146,ST10,P0155,23,41,19,9215.64,2025-12-17,Updated,No
INV004633,ST09,P0194,18,42,16,697.14,2025-12-05,Updated,No
INV006049,ST11,P0548,5,20,6,1671.45,2025-12-09,Updated,No
INV000932,ST02,P0341,63,8,3,34043.31,2025-12-27,Updated,No
INV004785,ST09,P0364,14,33,10,6848.94,2025-12-16,Updated,No
INV001457,ST03,P0276,66,9,3,16078.26,2025-12-11,Updated,No
INV004299,ST08,P0422,52,8,2,4805.84,2025-12-10,Updated,No
INV003693,ST07,P0347,16,32,13,319.2,2025-12-10,Updated,No
INV006098,ST12,P0004,57,81,32,28036.59,2025-12-10,Updated,No
INV003770,ST07,P0431,46,75,25,1141.72,2025-12-25,Updated,No
INV006057,ST11,P0556,7,21,7,8367.03,2025-12-26,Updated,No
INV001579,ST03,P0404,16,35,16,8639.04,2025-12-27,Updated,No
INV002155,ST04,P0439,10,18,5,982.1,2025-12-25,Updated,No
INV003342,ST06,P0568,12,43,19,23382.84,2025-12-19,Updated,No
INV005420,ST10,P0440,48,66,26,2728.8,2025-12-02,Updated,No
INV005687,ST11,P0132,21,80,27,4540.2,2025-12-20,Updated,No
INV006406,ST12,P0324,25,42,20,1250.75,2025-12-24,Updated,No
INV002435,ST05,P0157,76,94,42,10321.56,,Not Updated,No
INV001183,ST02,P0592,35,10,3,7710.15,2025-12-21,Updated,No
INV004352,ST08,P0486,19,44,17,839.8,2025-12-07,Updated,No
INV000695,ST02,P0104,0,36,11,0.0,2025-12-05,Updated,No
INV002210,ST04,P0507,30,37,17,28670.7,2025-12-22,Updated,No
INV000170,ST01,P0173,21,40,16,5513.55,2025-12-28,Updated,No
INV003122,ST06,P0323,16,34,13,1699.04,2025-12-06,Updated,No
INV000039,ST01,P0040,48,84,41,10994.4,2025-12-22,Updated,No
INV006501,ST12,P0424,47,8,2,5203.84,,Not Updated,No
INV001631,ST03,P0458,6,18,6,582.6,2025-12-03,Updated,No
INV001132,ST02,P0541,20,47,20,12851.4,2025-12-23,Updated,No
INV002937,ST06,P0123,67,72,22,8703.97,2025-12-08,Updated,No
INV002776,ST05,P0548,115,23,10,38443.35,2025-12-11,Updated,Yes
INV000130,ST01,P0132,28,66,24,6053.6,2025-12-23,Updated,No
INV000386,ST01,P0390,10,43,16,4681.9,2025-12-20,Updated,No
INV003289,ST06,P0512,13,37,16,4062.37,,Not Updated,No
INV001278,ST03,P0091,7,17,8,1456.91,2025-12-04,Updated,No
INV002388,ST05,P0105,13,39,13,4918.55,2025-12-09,Updated,No
INV003806,ST07,P0470,5,16,5,710.2,2025-12-17,Updated,No
INV001042,ST02,P0451,24,43,13,2122.56,2025-12-21,Updated,No
INV000775,ST02,P0184,20,34,13,1653.4,,Not Updated,No
INV000661,ST02,P0070,78,94,29,15212.34,2025-12-08,Updated,No
INV003997,ST08,P0078,41,93,39,9271.74,2025-12-31,Updated,No
INV004700,ST09,P0271,15,32,11,2175.0,2025-12-27,Updated,No
INV000713,ST02,P0122,18,47,16,2973.96,2025-12-03,Updated,No
INV002067,ST04,P0344,3,19,5,1306.86,2025-12-28,Updated,No
INV005206,ST10,P0217,59,90,33,1793.01,2025-12-29,Updated,No
INV004150,ST08,P0251,11,42,14,4227.63,2025-12-25,Updated,No
INV005269,ST10,P0284,12,37,17,6639.72,2025-12-22,Updated,No
INV003136,ST06,P0338,56,8,3,15640.24,2025-12-14,Updated,No
INV005166,ST10,P0176,10,18,6,893.4,2025-12-13,Updated,No
INV005891,ST11,P0366,9,16,7,3175.38,2025-12-30,Updated,No
INV003722,ST07,P0379,14,43,13,4876.9,2025-12-26,Updated,No
INV003533,ST07,P0174,5,23,9,996.95,2025-12-13,Updated,No
INV003830,ST07,P0494,26,42,18,18318.82,2025-12-10,Updated,No
INV001283,ST03,P0096,41,81,29,3958.14,2025-12-21,Updated,No
INV002202,ST04,P0497,5,22,7,990.1,2025-12-01,Updated,No
INV005421,ST10,P0442,48,80,28,2991.36,2025-12-28,Updated,No
INV005156,ST10,P0166,11,34,12,3759.91,2025-12-17,Updated,No
INV006228,ST12,P0138,49,67,20,1446.48,2025-12-25,Updated,No
INV000291,ST01,P0295,24,74,27,9608.88,2025-12-24,Updated,No
INV000772,ST02,P0181,68,71,24,30418.44,2025-12-08,Updated,No
INV006462,ST12,P0383,35,77,34,19687.85,2025-12-30,Updated,No
INV000785,ST02,P0194,345,34,14,13361.85,2025-12-11,Updated,Yes
INV004435,ST08,P0577,38,10,4,57608.38,2025-12-10,Updated,No
INV001245,ST03,P0056,64,82,37,6670.72,2025-12-17,Updated,No
INV003494,ST07,P0132,59,78,27,12755.8,2025-12-01,Updated,No
INV002994,ST06,P0189,42,71,24,3381.0,2025-12-31,Updated,No
INV004212,ST08,P0320,34,69,28,1896.52,2025-12-15,Updated,No
INV001565,ST03,P0390,288,46,14,134838.72,2025-12-30,Updated,Yes
INV002921,ST06,P0106,7,16,7,433.44,2025-12-22,Updated,No
INV000572,ST01,P0580,70,11,4,22861.3,2025-12-26,Updated,No
INV000192,ST01,P0195,24,39,12,1602.96,2025-12-12,Updated,No
INV003926,ST07,P0596,18,35,16,4164.3,2025-12-14,Updated,No
INV000731,ST02,P0140,4,21,10,1946.96,,Not Updated,No
INV002337,ST05,P0049,29,38,18,789.67,2025-12-05,Updated,No
INV004250,ST08,P0366,100,16,5,35282.0,2025-12-05,Updated,Yes
INV000141,ST01,P0143,48,80,25,15734.4,2025-12-03,Updated,No
INV000974,ST02,P0383,44,77,28,24750.44,2025-12-01,Updated,No
INV004476,ST09,P0020,27,35,17,2557.98,2025-12-24,Updated,No
INV003596,ST07,P0241,6,16,5,2192.76,2025-12-07,Updated,No
INV001076,ST02,P0485,7,22,9,3929.38,2025-12-12,Updated,No
INV002370,ST05,P0084,16,32,11,2356.8,2025-12-22,Updated,No
INV005406,ST10,P0425,10,23,9,4714.1,2025-12-29,Updated,No
INV005762,ST11,P0219,16,36,14,7345.12,2025-12-29,Updated,No
INV003349,ST06,P0577,53,11,5,80348.53,2025-12-06,Updated,No
INV002675,ST05,P0427,55,11,4,24704.35,2025-12-09,Updated,No
INV000156,ST01,P0159,65,91,31,17974.45,2025-12-27,Updated,No
INV005848,ST11,P0319,41,71,22,15667.33,2025-12-06,Updated,No
INV001903,ST04,P0156,72,90,39,15028.56,2025-12-05,Updated,No
INV005052,ST10,P0051,50,75,37,11277.5,2025-12-10,Updated,No
INV006435,ST12,P0354,23,33,12,8342.79,2025-12-02,Updated,No
INV001894,ST04,P0147,71,82,34,5682.13,2025-12-23,Updated,No
INV003544,ST07,P0187,42,82,27,9958.2,2025-12-08,Updated,No
INV003539,ST07,P0181,46,93,40,20577.18,2025-12-05,Updated,No
INV000626,ST02,P0035,81,85,39,31250.61,2025-12-07,Updated,No
INV001486,ST03,P0309,169,36,15,57189.6,2025-12-29,Updated,Yes
INV004661,ST09,P0227,19,41,18,4877.11,2025-12-01,Updated,No
INV004571,ST09,P0127,0,67,26,0.0,2025-12-01,Updated,No
INV000836,ST02,P0245,21,45,14,9669.24,2025-12-01,Updated,No
INV006288,ST12,P0200,78,64,28,5747.82,2025-12-28,Updated,No
INV005322,ST10,P0337,17,42,13,3664.18,2025-12-31,Updated,No
INV002358,ST05,P0071,68,81,25,12656.16,,Not Updated,No
INV001167,ST02,P0576,7,20,6,5800.62,2025-12-27,Updated,No
INV001006,ST02,P0415,16,45,15,3892.0,2025-12-18,Updated,No
INV005907,ST11,P0383,72,74,31,40500.72,2025-12-09,Updated,No
INV002632,ST05,P0380,21,39,18,7068.6,2025-12-25,Updated,No
INV006437,ST12,P0357,6,18,6,997.08,2025-12-31,Updated,No
INV002950,ST06,P0139,18,47,19,4372.38,2025-12-20,Updated,No
INV001789,ST04,P0025,55,71,29,21430.2,2025-12-29,Updated,No
INV006454,ST12,P0374,20,41,20,10270.8,2025-12-20,Updated,No
INV002218,ST04,P0515,18,40,17,15828.84,2025-12-24,Updated,No
INV004334,ST08,P0463,0,65,25,0.0,2025-12-08,Updated,No
INV005006,ST09,P0600,18,36,16,5385.24,2025-12-12,Updated,No
INV006189,ST12,P0097,27,39,18,894.78,2025-12-21,Updated,No
INV004488,ST09,P0032,0,32,13,0.0,2025-12-17,Updated,No
INV000719,ST02,P0128,10,47,17,1022.1,2025-12-14,Updated,No
INV004974,ST09,P0567,5,22,6,4855.5,2025-12-21,Updated,No
INV002297,ST05,P0005,61,88,40,18015.74,2025-12-31,Updated,No
INV001099,ST02,P0508,6,21,9,5777.82,2025-12-26,Updated,No
INV005131,ST10,P0137,62,95,47,23775.14,2025-12-16,Updated,No
INV006247,ST12,P0157,58,74,24,7876.98,2025-12-19,Updated,No
INV004171,ST08,P0276,395,8,3,96225.95,2025-12-19,Updated,Yes
INV005239,ST10,P0251,23,42,19,8839.59,2025-12-05,Updated,No
INV002996,ST06,P0191,30,47,18,5333.7,2025-12-30,Updated,No
INV006184,ST12,P0092,52,88,34,3014.44,2025-12-02,Updated,No
INV006056,ST11,P0555,22,42,19,4620.0,2025-12-12,Updated,No
INV002381,ST05,P0096,0,89,29,0.0,2025-12-26,Updated,No
INV006536,ST12,P0462,22,38,16,657.14,2025-12-09,Updated,No
INV002890,ST06,P0073,78,77,28,3753.36,2025-12-24,Updated,No
INV005902,ST11,P0378,72,87,38,23299.2,2025-12-24,Updated,No
INV000632,ST02,P0041,43,90,30,22046.1,2025-12-27,Updated,No
INV003561,ST07,P0205,76,95,45,4168.6,2025-12-24,Updated,No
INV002362,ST05,P0075,530,86,35,37900.3,2025-12-18,Updated,Yes
INV001300,ST03,P0113,0,94,29,0.0,2025-12-09,Updated,No
INV004588,ST09,P0144,25,38,15,10972.25,2025-12-20,Updated,No
INV002258,ST04,P0557,9,23,11,9977.94,2025-12-06,Updated,No
INV002555,ST05,P0294,39,82,40,11020.62,2025-12-13,Updated,No
INV003358,ST06,P0588,7,22,9,1349.88,2025-12-18,Updated,No
INV001526,ST03,P0350,8,35,14,4369.12,2025-12-26,Updated,No
INV002920,ST06,P0104,11,38,14,1020.36,2025-12-05,Updated,No
INV004106,ST08,P0201,16,46,16,2555.68,2025-12-15,Updated,No
INV002112,ST04,P0392,10,20,9,276.7,,Not Updated,No
INV006567,ST12,P0499,0,42,13,0.0,2025-12-04,Updated,No
INV000494,ST01,P0501,4,19,6,2239.6,2025-12-11,Updated,No
INV005463,ST10,P0486,26,47,19,1149.2,2025-12-27,Updated,No
INV004195,ST08,P0302,17,32,11,5127.37,2025-12-12,Updated,No
INV002478,ST05,P0209,16,43,21,1010.24,2025-12-19,Updated,No
INV002005,ST04,P0271,27,35,15,3915.0,,Not Updated,No
INV005189,ST10,P0200,72,67,29,5305.68,2025-12-24,Updated,No
INV004107,ST08,P0202,18,37,16,2019.06,2025-12-06,Updated,No
INV000410,ST01,P0414,37,70,27,3280.42,2025-12-27,Updated,No
INV001025,ST02,P0434,45,81,33,4874.4,2025-12-09,Updated,No
INV005171,ST10,P0181,72,95,29,32207.76,2025-12-08,Updated,No
INV000259,ST01,P0263,288,45,14,61306.56,2025-12-29,Updated,Yes
INV004972,ST09,P0565,60,8,3,133483.2,2025-12-03,Updated,No
INV002189,ST04,P0481,12,38,13,4338.0,2025-12-08,Updated,No
INV000422,ST01,P0427,45,11,4,20212.65,2025-12-20,Updated,No
INV000215,ST01,P0219,182,38,14,83550.74,2025-12-11,Updated,Yes
INV003158,ST06,P0363,22,34,16,2111.34,2025-12-25,Updated,No
INV004040,ST08,P0127,46,73,29,19388.08,2025-12-29,Updated,No
INV005477,ST10,P0501,7,19,8,3919.3,2025-12-26,Updated,No
INV001528,ST03,P0352,28,42,18,14952.56,2025-12-28,Updated,No
INV000088,ST01,P0089,16,36,14,2928.64,2025-12-14,Updated,No
INV004411,ST08,P0549,86,11,5,56899.32,2025-12-30,Updated,No
INV005665,ST11,P0106,7,18,5,433.44,2025-12-20,Updated,No
INV002681,ST05,P0433,234,46,22,27420.12,2025-12-22,Updated,Yes
INV001964,ST04,P0224,40,81,37,18431.6,2025-12-05,Updated,No
INV000133,ST01,P0135,22,45,18,12619.64,2025-12-17,Updated,No
INV006470,ST12,P0391,6,20,7,1646.64,2025-12-01,Updated,No
INV002484,ST05,P0215,74,87,37,1570.28,2025-12-06,Updated,No
INV000050,ST01,P0051,0,78,37,0.0,2025-12-04,Updated,No
INV004673,ST09,P0242,20,40,18,7236.2,2025-12-14,Updated,No
INV005835,ST11,P0303,10,38,14,4807.2,2025-12-15,Updated,No
INV001462,ST03,P0281,20,41,18,3679.8,2025-12-23,Updated,No
INV001538,ST03,P0362,13,34,12,1447.16,2025-12-19,Updated,No
INV005228,ST10,P0240,17,38,16,9969.65,2025-12-02,Updated,No
INV004788,ST09,P0369,11,40,13,2866.71,2025-12-29,Updated,No
INV002913,ST06,P0097,360,44,21,11930.4,2025-12-08,Updated,Yes
INV001590,ST03,P0417,9,46,15,812.79,2025-12-31,Updated,No
INV003702,ST07,P0358,24,37,18,6324.0,2025-12-09,Updated,No
INV001505,ST03,P0329,0,36,13,0.0,2025-12-22,Updated,No
INV002492,ST05,P0223,14,42,15,7914.34,2025-12-21,Updated,No
INV004249,ST08,P0365,88,21,8,5485.92,,Not Updated,No
INV002395,ST05,P0113,33,92,37,8037.81,2025-12-26,Updated,No
INV000297,ST01,P0301,6,21,6,374.16,2025-12-19,Updated,No
INV003695,ST07,P0349,77,67,24,10591.35,2025-12-08,Updated,No
INV002839,ST06,P0018,24,39,15,3710.64,2025-12-15,Updated,No
INV003897,ST07,P0567,9,21,9,8739.9,2025-12-30,Updated,No
INV001251,ST03,P0062,29,33,11,655.69,2025-12-02,Updated,No
INV002149,ST04,P0433,28,43,16,3281.04,2025-12-01,Updated,No
INV004828,ST09,P0410,17,44,13,2031.33,2025-12-30,Updated,No
INV001274,ST03,P0087,0,33,15,0.0,2025-12-06,Updated,No
INV001659,ST03,P0487,305,33,10,129640.25,2025-12-26,Updated,Yes
INV002038,ST04,P0312,11,34,13,2866.38,2025-12-24,Updated,No
INV004115,ST08,P0210,23,45,18,2305.75,2025-12-07,Updated,No
INV002431,ST05,P0153,64,88,26,22478.08,2025-12-10,Updated,No
INV003369,ST06,P0600,20,38,15,5983.6,2025-12-13,Updated,No
INV004097,ST08,P0192,16,38,17,2390.4,2025-12-29,Updated,No
INV002873,ST06,P0056,33,65,28,3439.59,2025-12-28,Updated,No
INV002194,ST04,P0488,85,17,5,39995.9,2025-12-14,Updated,No
INV003180,ST06,P0389,47,91,30,4715.04,,Not Updated,No
INV003002,ST06,P0198,8,19,6,385.2,2025-12-13,Updated,No
INV002165,ST04,P0454,83,92,34,9661.2,2025-12-14,Updated,No
INV004615,ST09,P0175,9,22,9,340.47,2025-12-07,Updated,No
INV003816,ST07,P0480,9,22,8,4301.91,2025-12-13,Updated,No
INV000815,ST02,P0224,34,75,30,15666.86,2025-12-29,Updated,No
INV003065,ST06,P0263,20,34,11,4257.4,2025-12-08,Updated,No
INV005215,ST10,P0227,16,44,16,4107.04,2025-12-14,Updated,No
INV004723,ST09,P0295,34,74,25,13612.58,2025-12-03,Updated,No
INV006581,ST12,P0513,5,22,8,2322.35,2025-12-10,Updated,No
INV001227,ST03,P0038,29,46,19,9970.78,2025-12-05,Updated,No
INV000748,ST02,P0157,77,67,22,10457.37,2025-12-29,Updated,No
INV003153,ST06,P0358,19,35,16,5006.5,2025-12-09,Updated,No
INV002143,ST04,P0426,42,9,3,4214.7,2025-12-30,Updated,No
INV005080,ST10,P0082,11,39,12,454.63,2025-12-20,Updated,No
INV006099,ST12,P0005,59,70,26,17425.06,2025-12-06,Updated,No
INV001484,ST03,P0307,26,39,12,6356.22,2025-12-17,Updated,No
INV004421,ST08,P0559,9,38,14,20880.18,2025-12-10,Updated,No
INV002246,ST04,P0545,26,37,18,21649.16,2025-12-08,Updated,No
INV006324,ST12,P0237,7,23,8,664.09,2025-12-01,Updated,No
INV001973,ST04,P0234,4,19,6,1669.12,2025-12-02,Updated,No
INV003655,ST07,P0305,138,35,14,65992.98,2025-12-12,Updated,Yes
INV002124,ST04,P0405,7,35,14,1394.68,2025-12-07,Updated,No
INV001215,ST03,P0024,9,45,13,295.2,2025-12-26,Updated,No
INV002446,ST05,P0169,22,44,18,8630.38,2025-12-09,Updated,No
INV002009,ST04,P0276,38,8,2,9257.18,2025-12-31,Updated,No
INV005496,ST10,P0520,6,16,7,2082.96,2025-12-06,Updated,No
INV002716,ST05,P0475,19,46,14,5046.97,2025-12-16,Updated,No
INV004114,ST08,P0209,23,34,10,1452.22,2025-12-27,Updated,No
INV006560,ST12,P0491,6,17,7,4275.48,2025-12-29,Updated,No
INV003933,ST08,P0004,19,77,26,9345.53,2025-12-08,Updated,No
INV000978,ST02,P0387,19,91,33,11255.79,2025-12-26,Updated,No
INV003964,ST08,P0039,455,85,31,220156.3,2025-12-03,Updated,Yes
INV004756,ST09,P0331,8,21,8,3461.2,2025-12-14,Updated,No
INV003989,ST08,P0070,73,72,25,14237.19,2025-12-10,Updated,No
INV006527,ST12,P0453,32,92,29,1153.28,2025-12-30,Updated,No
INV002625,ST05,P0372,21,42,16,6364.26,2025-12-23,Updated,No
INV001888,ST04,P0140,4,23,11,1946.96,2025-12-19,Updated,No
INV005491,ST10,P0515,13,40,14,11431.94,2025-12-06,Updated,No
INV002272,ST04,P0575,25,39,13,38498.75,2025-12-09,Updated,No
INV000995,ST02,P0404,20,44,17,10798.8,2025-12-25,Updated,No
INV004804,ST09,P0385,5,21,9,1411.7,2025-12-08,Updated,No
INV005223,ST10,P0235,11,44,16,1747.13,,Not Updated,No
INV005191,ST10,P0202,20,43,20,2243.4,2025-12-28,Updated,No
INV000385,ST01,P0389,34,65,29,3410.88,2025-12-07,Updated,No
INV002383,ST05,P0099,38,94,28,18254.44,2025-12-25,Updated,No
INV005564,ST10,P0593,5,23,8,1961.0,2025-12-21,Updated,No
INV000600,ST02,P0009,72,64,22,20639.52,2025-12-26,Updated,No
INV002992,ST06,P0187,0,82,25,0.0,,Not Updated,No
INV002444,ST05,P0167,0,81,39,0.0,2025-12-15,Updated,No
INV004234,ST08,P0347,16,41,14,319.2,2025-12-05,Updated,No
INV000285,ST01,P0289,23,45,21,11785.89,2025-12-10,Updated,No
INV002988,ST06,P0183,50,69,31,3462.5,2025-12-20,Updated,No
INV003092,ST06,P0291,26,46,20,14319.76,2025-12-21,Updated,No
INV000027,ST01,P0028,26,40,17,2467.92,2025-12-10,Updated,No
INV004555,ST09,P0110,20,44,20,4307.4,2025-12-01,Updated,No
INV005747,ST11,P0199,26,38,13,3124.42,2025-12-09,Updated,No
INV002768,ST05,P0538,50,9,4,52209.5,2025-12-20,Updated,No
INV005949,ST11,P0431,37,91,40,918.34,2025-12-20,Updated,No
INV005383,ST10,P0400,22,76,27,2880.46,2025-12-17,Updated,No
INV003586,ST07,P0230,8,17,7,3018.08,2025-12-13,Updated,No
INV002457,ST05,P0182,49,66,26,25460.89,2025-12-11,Updated,No
INV004750,ST09,P0324,24,47,14,1200.72,2025-12-05,Updated,No
INV001001,ST02,P0410,14,44,14,1672.86,2025-12-24,Updated,No
INV000158,ST01,P0161,65,85,30,23135.45,2025-12-18,Updated,No
INV004511,ST09,P0060,57,85,39,1684.92,2025-12-17,Updated,No
INV004148,ST08,P0249,163,41,19,10495.57,2025-12-13,Updated,Yes
INV006273,ST12,P0185,45,68,22,18999.9,2025-12-21,Updated,No
INV001382,ST03,P0199,0,37,15,0.0,2025-12-11,Updated,No
INV003242,ST06,P0460,27,35,16,3177.36,2025-12-20,Updated,No
INV004185,ST08,P0292,16,46,20,5863.84,2025-12-02,Updated,No
INV002430,ST05,P0152,17,44,19,6023.27,2025-12-27,Updated,No
INV000058,ST01,P0059,87,75,29,41918.34,2025-12-16,Updated,No
INV006317,ST12,P0229,8,42,18,355.44,2025-12-25,Updated,No
INV005722,ST11,P0171,13,47,18,7354.88,2025-12-13,Updated,No
INV001963,ST04,P0222,4,18,6,2202.92,2025-12-09,Updated,No
INV005185,ST10,P0196,15,43,14,2680.2,2025-12-01,Updated,No
INV005726,ST11,P0175,9,18,6,340.47,2025-12-19,Updated,No
INV001404,ST03,P0222,11,21,10,6058.03,2025-12-08,Updated,No
INV004009,ST08,P0092,58,88,40,3362.26,2025-12-25,Updated,No
INV006018,ST11,P0510,19,47,16,14385.66,2025-12-19,Updated,No
INV001170,ST02,P0579,20,35,15,44734.0,2025-12-07,Updated,No
INV000644,ST02,P0053,24,34,13,12564.48,2025-12-19,Updated,No
INV003947,ST08,P0021,6,16,7,185.34,2025-12-04,Updated,No
INV005165,ST10,P0175,9,21,8,340.47,2025-12-24,Updated,No
INV000460,ST01,P0467,51,80,38,1175.04,2025-12-04,Updated,No
INV004109,ST08,P0204,5,23,9,1205.7,2025-12-03,Updated,No
INV000489,ST01,P0496,24,43,15,24964.8,2025-12-09,Updated,No
INV001197,ST03,P0006,63,89,43,32868.99,2025-12-30,Updated,No
INV001339,ST03,P0154,7,19,5,2294.53,2025-12-06,Updated,No
INV003712,ST07,P0369,19,34,14,4951.59,2025-12-17,Updated,No
INV006082,ST11,P0585,82,11,4,16843.62,2025-12-11,Updated,No
INV002104,ST04,P0384,86,90,40,13884.7,2025-12-23,Updated,No
INV001439,ST03,P0257,25,35,15,5721.0,2025-12-28,Updated,No
INV004870,ST09,P0456,29,47,20,1592.68,2025-12-30,Updated,No
INV000382,ST01,P0386,8,20,6,4398.4,2025-12-18,Updated,No
INV004927,ST09,P0517,65,11,4,21880.3,2025-12-22,Updated,No
INV005928,ST11,P0406,9,21,8,1081.98,2025-12-07,Updated,No
INV001095,ST02,P0504,13,38,16,12753.0,2025-12-05,Updated,No
INV002242,ST04,P0540,51,8,2,34866.66,2025-12-25,Updated,No
INV003290,ST06,P0513,9,23,10,4180.23,2025-12-04,Updated,No
INV003590,ST07,P0234,6,20,9,2503.68,2025-12-28,Updated,No
INV005694,ST11,P0140,8,21,7,3893.92,2025-12-13,Updated,No
INV005493,ST10,P0517,31,8,3,10435.22,2025-12-16,Updated,No
INV004702,ST09,P0273,13,38,12,7503.47,2025-12-21,Updated,No
INV001922,ST04,P0177,0,90,29,0.0,2025-12-08,Updated,No
INV005701,ST11,P0148,30,38,14,11544.6,2025-12-01,Updated,No
INV004866,ST09,P0452,175,35,11,15177.75,2025-12-25,Updated,Yes
INV004118,ST08,P0214,0,82,34,0.0,2025-12-13,Updated,No
INV003675,ST07,P0328,7,16,5,168.84,2025-12-22,Updated,No
INV004416,ST08,P0554,31,10,3,35922.8,2025-12-25,Updated,No
INV005974,ST11,P0457,80,93,44,1897.6,2025-12-09,Updated,No
INV001371,ST03,P0187,56,93,45,13277.6,2025-12-13,Updated,No
INV004945,ST09,P0535,11,36,16,9276.52,2025-12-26,Updated,No
INV000326,ST01,P0330,5,18,7,2137.75,2025-12-07,Updated,No
INV001218,ST03,P0028,8,37,13,759.36,2025-12-12,Updated,No
INV002529,ST05,P0262,19,38,14,1071.03,2025-12-15,Updated,No
INV000429,ST01,P0434,64,66,28,6932.48,2025-12-24,Updated,No
INV000849,ST02,P0258,33,86,37,4176.48,2025-12-13,Updated,No
INV004506,ST09,P0055,67,65,19,20520.09,2025-12-20,Updated,No
INV000863,ST02,P0272,3,22,9,1438.41,2025-12-24,Updated,No
INV005253,ST10,P0267,19,39,14,9527.74,2025-12-23,Updated,No
INV003988,ST08,P0069,67,92,38,4400.56,2025-12-23,Updated,No
INV003011,ST06,P0208,55,80,30,4446.75,2025-12-04,Updated,No
INV000771,ST02,P0180,20,32,11,2642.8,2025-12-31,Updated,No
INV005260,ST10,P0274,4,22,8,1160.0,2025-12-11,Updated,No
INV004852,ST09,P0436,64,71,34,6396.16,2025-12-12,Updated,No
INV002372,ST05,P0086,30,90,35,3168.6,2025-12-03,Updated,No
INV004738,ST09,P0312,13,45,17,3387.54,2025-12-23,Updated,No
INV004706,ST09,P0278,24,42,13,8892.0,2025-12-15,Updated,No
INV005559,ST10,P0588,6,17,6,1157.04,2025-12-03,Updated,No
INV005937,ST11,P0416,8,17,6,1651.04,2025-12-03,Updated,No
INV002343,ST05,P0055,51,76,27,15619.77,2025-12-20,Updated,No
INV005838,ST11,P0306,21,46,19,2225.16,2025-12-22,Updated,No
INV004160,ST08,P0264,38,81,34,17369.04,2025-12-04,Updated,No
INV004000,ST08,P0082,10,38,18,413.3,2025-12-10,Updated,No
INV004904,ST09,P0493,10,23,9,10401.8,2025-12-02,Updated,No
INV001334,ST03,P0149,35,68,25,8380.75,2025-12-15,Updated,No
INV000747,ST02,P0156,50,71,32,10436.5,2025-12-15,Updated,No
INV006039,ST11,P0537,35,9,3,26154.45,2025-12-19,Updated,No
INV003305,ST06,P0530,58,11,5,10807.14,2025-12-28,Updated,No
INV003671,ST07,P0324,15,40,13,750.45,2025-12-11,Updated,No
INV002622,ST05,P0369,14,40,15,3648.54,2025-12-01,Updated,No
INV001870,ST04,P0120,0,69,29,0.0,2025-12-29,Updated,No
INV005931,ST11,P0409,20,38,18,6935.6,2025-12-03,Updated,No
INV003818,ST07,P0482,21,46,20,5442.57,2025-12-29,Updated,No
INV006185,ST12,P0093,21,41,16,509.25,2025-12-15,Updated,No
INV003256,ST06,P0476,6,18,6,3247.68,2025-12-10,Updated,No
INV000692,ST02,P0101,62,81,39,12758.98,2025-12-16,Updated,No
INV005933,ST11,P0411,0,35,16,0.0,2025-12-19,Updated,No
INV003225,ST06,P0439,102,18,6,10017.42,2025-12-18,Updated,Yes
INV006562,ST12,P0493,8,17,5,8321.44,2025-12-04,Updated,No
INV004177,ST08,P0282,56,74,28,4445.28,2025-12-31,Updated,No
INV003603,ST07,P0249,28,39,15,1802.92,2025-12-11,Updated,No
INV005134,ST10,P0141,16,38,12,4267.84,2025-12-11,Updated,No
INV005492,ST10,P0516,7,20,7,3552.57,2025-12-06,Updated,No
INV004237,ST08,P0352,0,47,14,0.0,2025-12-18,Updated,No
INV001157,ST02,P0566,6,16,5,4147.92,2025-12-08,Updated,No
INV003322,ST06,P0548,116,20,6,38777.64,2025-12-30,Updated,Yes
INV000176,ST01,P0179,21,47,21,506.52,2025-12-16,Updated,No
INV004527,ST09,P0077,16,47,22,2578.72,2025-12-23,Updated,No
INV006572,ST12,P0504,20,32,11,19620.0,2025-12-24,Updated,No
INV003768,ST07,P0429,21,45,15,2381.61,2025-12-05,Updated,No
INV005121,ST10,P0126,156,40,19,53590.68,2025-12-26,Updated,Yes
INV004837,ST09,P0419,6,42,15,3396.96,2025-12-23,Updated,No
INV003776,ST07,P0438,50,67,32,2750.5,2025-12-10,Updated,No
INV004985,ST09,P0579,26,45,18,58154.2,2025-12-16,Updated,No
INV001945,ST04,P0203,14,45,19,1908.34,2025-12-12,Updated,No
INV005764,ST11,P0221,13,40,13,259.74,2025-12-30,Updated,No
INV002803,ST05,P0579,23,42,15,51444.1,2025-12-23,Updated,No
INV000044,ST01,P0045,583,64,20,251477.05,2025-12-17,Updated,Yes
INV005996,ST11,P0482,50,33,10,12958.5,2025-12-08,Updated,No
INV006660,ST12,P0597,20,41,19,8007.2,2025-12-10,Updated,No
INV001884,ST04,P0136,40,69,21,20837.2,2025-12-21,Updated,No
INV006060,ST11,P0560,20,37,18,12892.2,2025-12-22,Updated,No
INV000847,ST02,P0256,18,39,12,7905.6,2025-12-13,Updated,No
INV003351,ST06,P0579,13,33,14,29077.1,2025-12-13,Updated,No
INV000826,ST02,P0235,12,45,17,1905.96,2025-12-01,Updated,No
INV005094,ST10,P0097,0,37,17,0.0,2025-12-21,Updated,No
INV000396,ST01,P0400,53,90,42,6939.29,2025-12-23,Updated,No
INV003112,ST06,P0313,11,47,21,4231.48,2025-12-18,Updated,No
INV003597,ST07,P0242,15,38,13,5427.15,2025-12-05,Updated,No
INV002813,ST05,P0589,8,18,8,2663.52,2025-12-21,Updated,No
INV005761,ST11,P0218,37,70,32,5558.51,2025-12-21,Updated,No
INV004455,ST08,P0598,29,36,14,5576.41,2025-12-14,Updated,No
INV004260,ST08,P0377,70,66,25,25666.2,2025-12-17,Updated,No
INV006654,ST12,P0589,7,19,8,2330.58,2025-12-14,Updated,No
INV005692,ST11,P0138,47,77,28,1387.44,2025-12-12,Updated,No
INV004083,ST08,P0175,6,20,6,226.98,2025-12-12,Updated,No
INV003432,ST07,P0068,273,74,24,64657.32,,Not Updated,Yes
INV005368,ST10,P0384,57,81,32,9202.65,2025-12-03,Updated,No
INV004520,ST09,P0070,28,94,41,5460.84,2025-12-12,Updated,No
INV002465,ST05,P0193,18,42,15,3686.4,2025-12-15,Updated,No
INV004645,ST09,P0208,42,75,25,3395.7,2025-12-22,Updated,No
INV004846,ST09,P0430,60,92,43,1276.8,2025-12-20,Updated,No
INV002046,ST04,P0320,32,89,37,1784.96,2025-12-03,Updated,No
INV006050,ST11,P0549,64,10,3,42343.68,2025-12-11,Updated,No
INV006553,ST12,P0483,7,23,6,2087.4,2025-12-19,Updated,No
INV004913,ST09,P0502,31,35,11,5308.75,2025-12-26,Updated,No
INV004343,ST08,P0474,27,41,18,15564.15,2025-12-06,Updated,No
INV002427,ST05,P0149,411,66,24,98413.95,2025-12-14,Updated,Yes
INV001862,ST04,P0110,27,45,19,5814.99,2025-12-23,Updated,No
INV006376,ST12,P0293,0,35,12,0.0,2025-12-23,Updated,No
INV005756,ST11,P0210,12,46,19,1203.0,2025-12-03,Updated,No
INV002010,ST04,P0277,26,45,19,13642.72,2025-12-22,Updated,No
INV003456,ST07,P0094,24,39,15,4581.6,2025-12-27,Updated,No
INV001468,ST03,P0287,18,35,15,6337.98,2025-12-01,Updated,No
INV000165,ST01,P0168,55,88,35,13757.7,2025-12-28,Updated,No
INV006456,ST12,P0376,17,44,14,3784.37,2025-12-01,Updated,No
INV001944,ST04,P0202,24,33,10,2692.08,2025-12-26,Updated,No
INV001330,ST03,P0145,68,64,22,22223.76,2025-12-01,Updated,No
INV004963,ST09,P0554,53,9,4,61416.4,2025-12-04,Updated,No
INV001399,ST03,P0217,66,90,37,2005.74,2025-12-18,Updated,No
INV006061,ST11,P0561,22,44,16,38115.88,2025-12-22,Updated,No
INV005961,ST11,P0444,8,17,7,848.16,2025-12-14,Updated,No
INV004739,ST09,P0313,25,36,12,9617.0,2025-12-16,Updated,No
INV001511,ST03,P0335,14,33,11,531.3,2025-12-11,Updated,No
INV000559,ST01,P0567,6,19,7,5826.6,2025-12-13,Updated,No
INV001163,ST02,P0572,9,20,9,12620.79,2025-12-27,Updated,No
INV000563,ST01,P0571,7,20,7,3253.88,2025-12-12,Updated,No
INV005162,ST10,P0172,26,40,13,13548.34,,Not Updated,No
INV006655,ST12,P0590,13,32,14,4972.63,2025-12-12,Updated,No
INV003607,ST07,P0253,0,83,30,0.0,2025-12-22,Updated,No
INV001692,ST03,P0522,9,40,12,9304.02,2025-12-04,Updated,No
INV006395,ST12,P0313,12,37,11,4616.16,2025-12-25,Updated,No
INV004034,ST08,P0120,63,84,29,8828.82,2025-12-04,Updated,No
INV003294,ST06,P0517,43,10,3,14474.66,2025-12-29,Updated,No
INV005451,ST10,P0473,6,16,6,2030.94,2025-12-16,Updated,No
INV003749,ST07,P0410,12,40,17,1433.88,2025-12-13,Updated,No
INV005514,ST10,P0540,49,10,3,33499.34,2025-12-22,Updated,No
INV002628,ST05,P0376,20,33,15,4452.2,2025-12-03,Updated,No
INV004085,ST08,P0178,55,74,23,9296.65,2025-12-29,Updated,No
INV005081,ST10,P0083,47,72,35,2590.17,2025-12-06,Updated,No
INV002566,ST05,P0306,21,37,16,2225.16,2025-12-02,Updated,No
INV002564,ST05,P0303,26,44,21,12498.72,,Not Updated,No
INV003181,ST06,P0390,14,34,11,6554.66,2025-12-08,Updated,No
INV003871,ST07,P0538,48,11,5,50121.12,2025-12-23,Updated,No
INV001235,ST03,P0046,27,34,14,12476.16,2025-12-14,Updated,No
INV002496,ST05,P0227,14,47,23,3593.66,2025-12-20,Updated,No
INV004163,ST08,P0267,19,41,13,9527.74,2025-12-28,Updated,No
INV000211,ST01,P0215,76,67,32,1612.72,2025-12-15,Updated,No
INV006259,ST12,P0171,29,46,17,16407.04,2025-12-09,Updated,No
INV002808,ST05,P0584,8,23,11,12336.96,2025-12-06,Updated,No
INV005516,ST10,P0542,9,40,13,5806.62,2025-12-16,Updated,No
INV005623,ST11,P0059,0,90,28,0.0,2025-12-24,Updated,No
INV006499,ST12,P0422,44,8,3,4066.48,2025-12-11,Updated,No
INV005986,ST11,P0470,4,18,6,568.16,2025-12-28,Updated,No
INV002419,ST05,P0141,15,35,10,4001.1,2025-12-27,Updated,No
INV002954,ST06,P0145,46,71,26,15033.72,2025-12-07,Updated,No
INV006240,ST12,P0150,69,78,36,4934.19,2025-12-18,Updated,No
INV002325,ST05,P0035,37,71,23,14274.97,2025-12-23,Updated,No
INV001249,ST03,P0060,40,83,39,1182.4,2025-12-30,Updated,No
INV004395,ST08,P0533,20,34,13,21330.0,2025-12-12,Updated,No
INV001612,ST03,P0439,4,17,8,392.84,2025-12-19,Updated,No
INV000166,ST01,P0169,13,41,12,5099.77,2025-12-30,Updated,No
INV003692,ST07,P0346,61,83,40,8113.0,2025-12-12,Updated,No
INV006212,ST12,P0122,21,38,14,3469.62,2025-12-03,Updated,No
INV000175,ST01,P0178,59,64,29,9972.77,2025-12-01,Updated,No
INV005628,ST11,P0066,5,19,8,737.35,2025-12-23,Updated,No
INV001620,ST03,P0447,61,78,29,2685.22,2025-12-03,Updated,No
INV005427,ST10,P0448,11,34,10,634.59,2025-12-21,Updated,No
INV004684,ST09,P0254,21,34,11,6923.7,2025-12-17,Updated,No
INV005611,ST11,P0046,14,42,15,6469.12,2025-12-06,Updated,No
INV001475,ST03,P0297,12,40,16,3311.04,,Not Updated,No
INV002065,ST04,P0342,74,11,4,33710.7,2025-12-21,Updated,No
INV005398,ST10,P0417,19,45,14,1715.89,2025-12-06,Updated,No
INV002631,ST05,P0379,21,40,13,7315.35,2025-12-11,Updated,No
INV002414,ST05,P0136,560,94,29,291720.8,2025-12-30,Updated,Yes
INV004855,ST09,P0440,46,65,23,2615.1,2025-12-06,Updated,No
INV000743,ST02,P0152,150,35,11,53146.5,,Not Updated,Yes
INV006550,ST12,P0479,9,19,9,2612.88,,Not Updated,No
INV004374,ST08,P0509,13,47,20,3688.62,2025-12-07,Updated,No
INV003906,ST07,P0576,10,21,9,8286.6,2025-12-26,Updated,No
INV005737,ST11,P0189,43,71,27,3461.5,2025-12-09,Updated,No
INV002380,ST05,P0095,49,92,40,4197.34,2025-12-15,Updated,No
INV003884,ST07,P0551,26,37,15,14819.74,2025-12-01,Updated,No
INV005302,ST10,P0317,21,44,18,2930.97,2025-12-20,Updated,No
INV006559,ST12,P0489,16,35,12,1247.04,2025-12-22,Updated,No
INV003052,ST06,P0250,50,9,3,16506.0,2025-12-23,Updated,No
INV006648,ST12,P0583,16,41,13,29460.16,2025-12-23,Updated,No
INV000526,ST01,P0534,51,11,4,26007.96,2025-12-24,Updated,No
INV002858,ST06,P0040,31,75,25,7100.55,2025-12-28,Updated,No
INV000023,ST01,P0024,31,37,12,1016.8,2025-12-19,Updated,No
INV006313,ST12,P0225,240,44,20,99667.2,2025-12-10,Updated,Yes
INV004119,ST08,P0215,25,79,38,530.5,2025-12-30,Updated,No
INV001171,ST02,P0580,28,9,4,9144.52,2025-12-09,Updated,No
INV000915,ST02,P0324,20,47,19,1000.6,2025-12-21,Updated,No
INV002579,ST05,P0320,86,83,40,4797.08,2025-12-25,Updated,No
INV004187,ST08,P0294,38,78,29,10738.04,2025-12-01,Updated,No
INV000210,ST01,P0214,75,78,29,17776.5,2025-12-16,Updated,No
INV006458,ST12,P0378,43,73,32,13914.8,2025-12-29,Updated,No
INV001173,ST02,P0582,6,23,8,9367.32,2025-12-08,Updated,No
INV002684,ST05,P0438,90,79,38,4950.9,2025-12-21,Updated,No
INV005770,ST11,P0229,23,40,18,1021.89,2025-12-22,Updated,No
INV000500,ST01,P0507,12,43,19,11468.28,2025-12-29,Updated,No
INV001840,ST04,P0085,457,70,28,76670.89,2025-12-10,Updated,Yes
INV006113,ST12,P0019,47,93,38,19666.68,2025-12-02,Updated,No
INV003939,ST08,P0013,19,47,21,2383.36,2025-12-08,Updated,No
INV004796,ST09,P0377,0,80,26,0.0,2025-12-06,Updated,No
INV001911,ST04,P0164,7,19,7,2643.41,2025-12-27,Updated,No
INV001517,ST03,P0341,58,9,3,31341.46,2025-12-02,Updated,No
INV005546,ST10,P0574,90,21,7,161235.9,2025-12-05,Updated,No
INV003833,ST07,P0497,8,20,8,1584.16,2025-12-29,Updated,No
INV005433,ST10,P0455,19,43,17,1095.92,2025-12-20,Updated,No
INV000997,ST02,P0406,5,20,7,601.1,2025-12-20,Updated,No
INV005216,ST10,P0228,218,37,14,105431.34,2025-12-15,Updated,Yes
INV006552,ST12,P0482,20,46,21,5183.4,2025-12-04,Updated,No
INV000818,ST02,P0227,24,38,11,6160.56,2025-12-02,Updated,No
INV004313,ST08,P0439,4,19,8,392.84,2025-12-21,Updated,No
INV004314,ST08,P0441,23,47,22,1005.79,2025-12-17,Updated,No
INV004602,ST09,P0160,34,89,34,4797.4,2025-12-27,Updated,No
INV000281,ST01,P0285,66,91,42,21607.74,2025-12-11,Updated,No
INV003942,ST08,P0016,31,91,30,5031.3,2025-12-19,Updated,No
INV003338,ST06,P0564,7,16,6,15528.87,2025-12-04,Updated,No
INV006547,ST12,P0476,11,16,7,5954.08,2025-12-18,Updated,No
INV003029,ST06,P0226,6,18,6,3175.98,2025-12-18,Updated,No
INV001425,ST03,P0243,8,18,7,3138.08,2025-12-20,Updated,No
INV005132,ST10,P0138,41,95,28,1210.32,2025-12-13,Updated,No
INV006657,ST12,P0592,42,10,3,9252.18,2025-12-30,Updated,No
INV002734,ST05,P0501,6,17,6,3359.4,,Not Updated,No
INV000592,ST02,P0001,39,89,33,11878.23,2025-12-11,Updated,No
INV003711,ST07,P0368,13,35,12,5591.95,2025-12-08,Updated,No
INV003269,ST06,P0491,105,16,6,74820.9,2025-12-22,Updated,Yes
INV005505,ST10,P0531,6,19,6,5833.38,2025-12-10,Updated,No
INV001572,ST03,P0397,46,10,4,6773.04,2025-12-01,Updated,No
INV000457,ST01,P0463,34,78,35,3871.58,2025-12-25,Updated,No
INV003940,ST08,P0014,66,77,28,32011.98,2025-12-10,Updated,No
INV005954,ST11,P0437,22,46,18,1559.36,2025-12-13,Updated,No
INV003226,ST06,P0440,76,89,38,4320.6,2025-12-22,Updated,No
INV002191,ST04,P0484,5,21,7,633.15,2025-12-06,Updated,No
INV004636,ST09,P0199,32,32,14,3845.44,2025-12-01,Updated,No
INV005286,ST10,P0301,7,20,8,436.52,2025-12-05,Updated,No
INV000763,ST02,P0172,16,46,16,8337.44,2025-12-23,Updated,No
INV001621,ST03,P0448,12,42,18,692.28,2025-12-22,Updated,No
INV003735,ST07,P0393,12,46,17,6399.24,2025-12-05,Updated,No
INV005772,ST11,P0231,63,70,23,36791.37,2025-12-02,Updated,No
INV002273,ST04,P0576,7,22,7,5800.62,2025-12-01,Updated,No
INV004536,ST09,P0088,23,45,22,5646.96,2025-12-20,Updated,No
INV006318,ST12,P0230,6,16,5,2263.56,2025-12-09,Updated,No
INV005177,ST10,P0187,91,80,33,21576.1,2025-12-24,Updated,No
INV004475,ST09,P0019,68,65,26,28453.92,2025-12-31,Updated,No
INV005259,ST10,P0273,12,34,11,6926.28,2025-12-07,Updated,No
INV003819,ST07,P0483,5,17,5,1491.0,2025-12-23,Updated,No
INV003120,ST06,P0321,19,41,12,4683.31,2025-12-28,Updated,No
INV005494,ST10,P0518,5,19,7,5830.75,2025-12-05,Updated,No
INV004180,ST08,P0287,7,40,12,2464.77,2025-12-17,Updated,No
INV006650,ST12,P0585,51,10,3,10475.91,2025-12-31,Updated,No
INV006037,ST11,P0535,22,45,14,18553.04,2025-12-11,Updated,No
INV001628,ST03,P0455,16,46,14,922.88,2025-12-10,Updated,No
INV004402,ST08,P0540,87,11,5,59478.42,2025-12-02,Updated,No
INV002360,ST05,P0073,49,71,24,2357.88,,Not Updated,No
INV000981,ST02,P0390,20,33,10,9363.8,2025-12-04,Updated,No
INV003344,ST06,P0571,76,20,9,35327.84,2025-12-22,Updated,No
INV000686,ST02,P0095,53,77,35,4539.98,2025-12-29,Updated,No
INV003998,ST08,P0079,33,93,30,5939.01,2025-12-24,Updated,No
INV002641,ST05,P0392,9,22,10,249.03,2025-12-12,Updated,No
INV000439,ST01,P0445,28,43,20,2346.4,2025-12-16,Updated,No
INV004025,ST08,P0108,83,64,28,31159.03,2025-12-27,Updated,No
INV005371,ST10,P0387,57,88,37,33767.37,2025-12-26,Updated,No
INV003719,ST07,P0376,19,46,20,4229.59,2025-12-26,Updated,No
INV002467,ST05,P0195,9,35,11,601.11,2025-12-13,Updated,No
INV004454,ST08,P0596,9,37,14,2082.15,2025-12-25,Updated,No
INV001241,ST03,P0052,71,78,32,34607.53,2025-12-20,Updated,No
INV000361,ST01,P0365,7,18,8,436.38,,Not Updated,No
INV003475,ST07,P0113,62,80,29,15101.34,2025-12-25,Updated,No
INV006143,ST12,P0050,36,76,28,8114.76,2025-12-03,Updated,No
INV005339,ST10,P0355,30,36,17,14781.6,2025-12-07,Updated,No
INV003922,ST07,P0592,51,11,4,11234.79,2025-12-06,Updated,No
INV000339,ST01,P0343,17,47,16,7836.49,2025-12-09,Updated,No
INV004184,ST08,P0291,9,39,11,4956.84,2025-12-27,Updated,No
INV001557,ST03,P0381,5,23,9,446.75,2025-12-26,Updated,No
INV003808,ST07,P0472,45,8,2,3607.2,2025-12-10,Updated,No
INV002422,ST05,P0144,18,36,12,7900.02,2025-12-11,Updated,No
INV000249,ST01,P0253,30,65,29,6359.4,2025-12-29,Updated,No
INV004899,ST09,P0488,11,21,10,5175.94,2025-12-21,Updated,No
INV000400,ST01,P0404,14,33,14,7559.16,2025-12-14,Updated,No
INV005220,ST10,P0232,49,92,37,27185.69,2025-12-29,Updated,No
INV000152,ST01,P0155,14,43,21,5609.52,2025-12-21,Updated,No
INV004631,ST09,P0192,22,42,15,3286.8,2025-12-16,Updated,No
INV001874,ST04,P0124,28,33,11,11553.92,2025-12-12,Updated,No
INV001929,ST04,P0185,70,64,31,29555.4,2025-12-02,Updated,No
INV000760,ST02,P0169,21,41,17,8238.09,2025-12-10,Updated,No
INV002752,ST05,P0521,31,41,18,9370.06,2025-12-22,Updated,No
INV004943,ST09,P0533,25,40,18,26662.5,2025-12-20,Updated,No
INV006388,ST12,P0305,21,44,21,10042.41,2025-12-12,Updated,No
INV001869,ST04,P0119,0,68,22,0.0,2025-12-12,Updated,No
INV006510,ST12,P0433,20,46,19,2343.6,2025-12-16,Updated,No
INV001771,ST04,P0006,53,80,36,27651.69,2025-12-09,Updated,No
INV005795,ST11,P0257,8,37,17,1830.72,2025-12-25,Updated,No
INV005305,ST10,P0320,69,64,24,3848.82,,Not Updated,No
INV000911,ST02,P0320,81,86,39,4518.18,2025-12-26,Updated,No
INV004103,ST08,P0198,8,20,8,385.2,2025-12-07,Updated,No
INV006197,ST12,P0105,29,39,18,10972.15,2025-12-23,Updated,No
INV002644,ST05,P0395,97,10,4,33756.97,2025-12-27,Updated,No
INV003474,ST07,P0112,550,91,44,302186.5,2025-12-05,Updated,Yes
INV005365,ST10,P0381,4,18,5,357.4,2025-12-03,Updated,No
INV001291,ST03,P0104,11,46,20,1020.36,2025-12-23,Updated,No
INV005978,ST11,P0462,17,39,14,507.79,2025-12-06,Updated,No
INV003767,ST07,P0428,42,83,38,4632.6,2025-12-22,Updated,No
INV002481,ST05,P0212,29,77,29,800.69,2025-12-06,Updated,No
INV003079,ST06,P0278,26,42,17,9633.0,2025-12-22,Updated,No
INV003271,ST06,P0493,4,23,8,4160.72,2025-12-12,Updated,No
INV001320,ST03,P0135,29,46,13,16634.98,2025-12-31,Updated,No
INV005877,ST11,P0351,8,39,14,2030.0,2025-12-08,Updated,No
INV004391,ST08,P0528,0,38,12,0.0,2025-12-12,Updated,No
INV003753,ST07,P0414,622,69,33,55146.52,2025-12-15,Updated,Yes
INV006079,ST11,P0582,6,22,10,9367.32,2025-12-11,Updated,No
INV003152,ST06,P0357,9,20,9,1495.62,2025-12-23,Updated,No
INV001375,ST03,P0192,13,40,16,1942.2,2025-12-21,Updated,No
INV001142,ST02,P0551,22,34,10,12539.78,2025-12-08,Updated,No
INV006443,ST12,P0363,17,37,18,1631.49,2025-12-09,Updated,No
INV002133,ST04,P0415,12,43,16,2919.0,2025-12-08,Updated,No
INV006127,ST12,P0033,421,71,28,132968.64,2025-12-16,Updated,Yes
INV005379,ST10,P0396,4,17,5,1090.72,2025-12-12,Updated,No
INV003219,ST06,P0433,18,40,14,2109.24,2025-12-14,Updated,No
INV003814,ST07,P0478,13,45,14,5107.05,2025-12-21,Updated,No
INV001164,ST02,P0573,8,19,9,17020.56,2025-12-03,Updated,No
INV004238,ST08,P0353,14,35,11,3557.4,2025-12-05,Updated,No
INV004580,ST09,P0136,84,95,45,43758.12,2025-12-30,Updated,No
INV002764,ST05,P0534,47,10,4,23968.12,2025-12-01,Updated,No
INV005360,ST10,P0376,15,38,18,3339.15,2025-12-21,Updated,No
INV004958,ST09,P0549,40,8,3,26464.8,2025-12-18,Updated,No
INV006528,ST12,P0454,403,75,29,46909.2,2025-12-19,Updated,Yes
INV000607,ST02,P0016,47,87,28,7628.1,2025-12-12,Updated,No
INV001891,ST04,P0143,36,70,31,11800.8,2025-12-15,Updated,No
INV004705,ST09,P0277,13,39,14,6821.36,2025-12-27,Updated,No
INV004685,ST09,P0255,141,11,5,80226.18,2025-12-02,Updated,Yes
INV001731,ST03,P0561,12,41,15,20790.48,2025-12-17,Updated,No
INV006009,ST11,P0499,12,43,17,4247.64,2025-12-29,Updated,No
INV000135,ST01,P0137,41,95,36,15722.27,2025-12-23,Updated,No
INV001004,ST02,P0413,63,66,20,16454.97,2025-12-12,Updated,No
INV006556,ST12,P0486,20,42,14,884.0,2025-12-25,Updated,No
INV003919,ST07,P0589,7,19,9,2330.58,2025-12-19,Updated,No
INV002728,ST05,P0493,4,22,10,4160.72,2025-12-19,Updated,No
INV005301,ST10,P0316,107,17,6,58540.77,2025-12-15,Updated,Yes
INV004683,ST09,P0253,65,79,23,13778.7,2025-12-03,Updated,No
INV005391,ST10,P0408,15,46,22,2887.8,2025-12-08,Updated,No
INV000228,ST01,P0232,63,74,34,34953.03,2025-12-12,Updated,No
INV006354,ST12,P0270,16,40,16,950.72,2025-12-17,Updated,No
INV000356,ST01,P0360,9,23,11,177.03,,Not Updated,No
INV000920,ST02,P0329,21,44,20,1222.2,2025-12-13,Updated,No
INV006191,ST12,P0099,71,88,28,34106.98,2025-12-19,Updated,No
INV002193,ST04,P0487,16,44,15,6800.8,2025-12-01,Updated,No
INV004983,ST09,P0577,30,8,2,45480.3,2025-12-16,Updated,No
INV005550,ST10,P0579,33,40,16,73811.1,2025-12-24,Updated,No
INV001206,ST03,P0015,20,66,27,8780.0,2025-12-02,Updated,No
INV006156,ST12,P0063,52,92,29,10442.12,2025-12-21,Updated,No
INV003910,ST07,P0580,814,9,4,265844.26,2025-12-19,Updated,Yes
INV004424,ST08,P0562,17,39,16,12392.83,2025-12-02,Updated,No
INV005669,ST11,P0112,79,72,29,43404.97,2025-12-26,Updated,No
INV002685,ST05,P0439,6,21,8,589.26,2025-12-25,Updated,No
INV006429,ST12,P0348,26,38,12,14061.32,2025-12-16,Updated,No
INV001016,ST02,P0425,9,22,10,4242.69,2025-12-26,Updated,No
INV001075,ST02,P0484,4,22,8,506.52,2025-12-02,Updated,No
INV002766,ST05,P0536,25,45,14,13832.0,2025-12-29,Updated,No
INV002840,ST06,P0019,77,71,27,32219.88,2025-12-28,Updated,No
INV001705,ST03,P0535,19,34,13,16023.08,2025-12-03,Updated,No
INV002706,ST05,P0461,10,44,13,930.7,2025-12-06,Updated,No
INV001775,ST04,P0010,0,37,11,0.0,2025-12-21,Updated,No
INV004850,ST09,P0434,68,66,30,7365.76,2025-12-26,Updated,No
INV001817,ST04,P0056,32,89,35,3335.36,2025-12-09,Updated,No
INV002518,ST05,P0250,46,11,5,15185.52,2025-12-12,Updated,No
INV002344,ST05,P0056,39,65,23,4064.97,2025-12-23,Updated,No
INV000459,ST01,P0465,51,80,27,5452.41,2025-12-20,Updated,No
INV004987,ST09,P0581,8,19,7,16282.08,2025-12-19,Updated,No
INV006301,ST12,P0213,31,71,28,17474.08,2025-12-07,Updated,No
INV005757,ST11,P0211,53,86,30,3953.8,2025-12-15,Updated,No
INV005349,ST10,P0365,7,19,8,436.38,2025-12-03,Updated,No
INV001623,ST03,P0450,9,23,11,213.57,2025-12-25,Updated,No
INV006391,ST12,P0308,19,34,14,7525.52,2025-12-26,Updated,No
INV000953,ST02,P0362,28,37,16,3116.96,2025-12-07,Updated,No
INV005979,ST11,P0463,86,68,25,9792.82,2025-12-04,Updated,No
INV001760,ST03,P0595,6,16,7,1820.88,2025-12-09,Updated,No
INV000225,ST01,P0229,30,43,21,1332.9,2025-12-06,Updated,No
INV000200,ST01,P0204,7,16,5,1687.98,2025-12-15,Updated,No
INV001544,ST03,P0368,27,43,13,11614.05,2025-12-24,Updated,No
INV006451,ST12,P0371,52,83,35,6635.2,2025-12-15,Updated,No
INV000100,ST01,P0101,332,92,41,68322.28,2025-12-20,Updated,Yes
INV005347,ST10,P0363,15,47,15,1439.55,2025-12-29,Updated,No
INV005319,ST10,P0334,15,36,14,2973.3,2025-12-10,Updated,No
INV004204,ST08,P0311,10,45,17,3485.2,2025-12-24,Updated,No
INV003165,ST06,P0372,0,32,11,0.0,2025-12-06,Updated,No
INV002727,ST05,P0492,8,23,7,6068.96,2025-12-24,Updated,No
INV006380,ST12,P0297,21,47,19,5794.32,2025-12-02,Updated,No
INV001464,ST03,P0283,62,11,3,22054.02,2025-12-15,Updated,No
INV000704,ST02,P0113,36,84,25,8768.52,2025-12-10,Updated,No
INV004384,ST08,P0521,28,41,18,8463.28,2025-12-12,Updated,No
INV000539,ST01,P0547,6,23,7,1202.34,2025-12-03,Updated,No
INV006398,ST12,P0316,6,19,7,3282.66,2025-12-17,Updated,No
INV005032,ST10,P0028,26,36,14,2467.92,2025-12-09,Updated,No
INV005060,ST10,P0059,0,88,34,0.0,2025-12-26,Updated,No
INV004450,ST08,P0592,92,9,3,20266.68,2025-12-26,Updated,No
INV001100,ST02,P0509,11,46,14,3121.14,2025-12-13,Updated,No
INV000633,ST02,P0042,30,41,13,9139.5,2025-12-28,Updated,No
INV003990,ST08,P0071,79,71,32,14703.48,2025-12-04,Updated,No
INV006202,ST12,P0112,36,70,34,19779.48,2025-12-18,Updated,No
INV004076,ST08,P0168,42,77,38,10505.88,2025-12-06,Updated,No
INV004368,ST08,P0503,8,22,9,7808.4,2025-12-16,Updated,No
INV006296,ST12,P0208,51,87,34,4123.35,2025-12-27,Updated,No
INV005506,ST10,P0532,15,43,20,14777.1,2025-12-23,Updated,No
INV001435,ST03,P0253,67,84,26,14202.66,2025-12-26,Updated,No
INV003902,ST07,P0572,5,20,7,7011.55,2025-12-13,Updated,No
INV002546,ST05,P0285,62,92,40,20298.18,2025-12-08,Updated,No
INV001315,ST03,P0130,21,33,16,9859.71,2025-12-15,Updated,No
INV001805,ST04,P0044,82,87,34,48761.3,2025-12-18,Updated,No
INV004735,ST09,P0308,15,43,19,5941.2,2025-12-09,Updated,No
INV003999,ST08,P0080,8,23,8,1218.8,2025-12-16,Updated,No
INV000887,ST02,P0296,25,35,11,11270.75,2025-12-30,Updated,No
INV001297,ST03,P0110,20,39,16,4307.4,2025-12-26,Updated,No
INV001224,ST03,P0035,436,89,37,168213.16,2025-12-21,Updated,Yes
INV001879,ST04,P0130,24,47,16,11268.24,2025-12-03,Updated,No
INV003873,ST07,P0540,55,8,3,37601.3,2025-12-30,Updated,No
INV004777,ST09,P0354,10,35,12,3627.3,2025-12-28,Updated,No
INV001689,ST03,P0519,6,22,10,6504.36,2025-12-11,Updated,No
INV002022,ST04,P0292,24,32,14,8795.76,2025-12-04,Updated,No
INV001307,ST03,P0121,41,88,43,12010.13,2025-12-06,Updated,No
INV003302,ST06,P0526,22,35,15,13126.74,2025-12-13,Updated,No
INV003110,ST06,P0311,17,47,23,5924.84,2025-12-11,Updated,No
INV003892,ST07,P0562,13,41,12,9476.87,2025-12-27,Updated,No
INV004113,ST08,P0208,48,95,29,3880.8,2025-12-25,Updated,No
INV000458,ST01,P0464,77,89,30,5455.45,2025-12-16,Updated,No
INV001476,ST03,P0298,31,88,31,13018.45,2025-12-22,Updated,No
INV003151,ST06,P0356,55,81,34,26721.2,2025-12-22,Updated,No
INV000148,ST01,P0150,67,90,42,4791.17,2025-12-29,Updated,No
INV005359,ST10,P0375,15,33,13,6143.55,2025-12-29,Updated,No
INV004028,ST08,P0111,7,20,8,815.71,2025-12-31,Updated,No
INV003194,ST06,P0404,8,40,13,4319.52,2025-12-19,Updated,No
INV005940,ST11,P0419,28,42,17,15852.48,2025-12-30,Updated,No
INV000814,ST02,P0223,21,38,13,11871.51,2025-12-30,Updated,No
INV000610,ST02,P0019,65,71,30,27198.6,2025-12-25,Updated,No
INV005007,ST10,P0001,42,77,32,12791.94,2025-12-09,Updated,No
INV000523,ST01,P0531,4,18,8,3888.92,2025-12-09,Updated,No
INV000946,ST02,P0355,21,35,14,10347.12,2025-12-01,Updated,No
INV004578,ST09,P0134,25,34,12,13137.0,2025-12-30,Updated,No
INV002543,ST05,P0282,32,81,29,2540.16,2025-12-27,Updated,No
INV004293,ST08,P0416,5,16,5,1031.9,2025-12-14,Updated,No
INV003328,ST06,P0554,41,10,3,47510.8,2025-12-23,Updated,No
INV002897,ST06,P0080,8,22,7,1218.8,2025-12-05,Updated,No
INV002606,ST05,P0352,16,37,14,8544.32,2025-12-10,Updated,No
INV003732,ST07,P0390,13,40,12,6086.47,,Not Updated,No
INV002461,ST05,P0187,72,79,33,17071.2,2025-12-11,Updated,No
INV000041,ST01,P0042,17,45,15,5179.05,2025-12-10,Updated,No
INV000393,ST01,P0397,61,10,3,8981.64,2025-12-20,Updated,No
INV004463,ST09,P0007,21,32,12,11310.81,2025-12-12,Updated,No
INV004530,ST09,P0082,23,34,14,950.59,2025-12-29,Updated,No
INV004189,ST08,P0296,28,33,14,12623.24,2025-12-07,Updated,No
INV005504,ST10,P0529,9,39,13,4554.45,2025-12-24,Updated,No
INV006604,ST12,P0536,16,37,15,8852.48,2025-12-12,Updated,No
INV005990,ST11,P0474,18,34,15,10376.1,2025-12-13,Updated,No
INV000011,ST01,P0012,54,69,22,3383.1,2025-12-18,Updated,No
INV005119,ST10,P0123,0,70,24,0.0,2025-12-09,Updated,No
INV002074,ST04,P0354,19,36,16,6891.87,2025-12-21,Updated,No
INV004153,ST08,P0255,84,11,3,47794.32,2025-12-29,Updated,No
INV005910,ST11,P0386,7,22,7,3848.6,2025-12-17,Updated,No
INV002569,ST05,P0309,27,46,20,9136.8,2025-12-23,Updated,No
INV003694,ST07,P0348,7,36,16,3785.74,2025-12-08,Updated,No
INV000966,ST02,P0375,16,39,15,6553.12,2025-12-01,Updated,No
INV000222,ST01,P0226,8,22,8,4234.64,2025-12-02,Updated,No
INV000344,ST01,P0348,23,32,11,12438.86,2025-12-06,Updated,No
INV005272,ST10,P0287,50,43,19,17605.5,2025-12-22,Updated,No
INV000077,ST01,P0078,72,69,21,16282.08,2025-12-31,Updated,No
INV005454,ST10,P0476,65,16,5,35183.2,2025-12-01,Updated,No
INV003923,ST07,P0593,6,20,7,2353.2,2025-12-14,Updated,No
INV000318,ST01,P0322,29,8,3,13883.17,2025-12-05,Updated,No
INV003594,ST07,P0239,22,39,14,1433.52,2025-12-01,Updated,No
INV000155,ST01,P0158,80,93,33,3727.2,2025-12-08,Updated,No
INV000112,ST01,P0114,4,20,7,663.8,2025-12-04,Updated,No
INV002541,ST05,P0279,48,69,31,28681.44,2025-12-26,Updated,No
INV003529,ST07,P0169,33,34,11,12945.57,2025-12-14,Updated,No
INV001459,ST03,P0278,29,39,17,10744.5,2025-12-30,Updated,No
INV002464,ST05,P0192,26,33,13,3884.4,2025-12-09,Updated,No
INV000645,ST02,P0054,46,95,43,5430.3,2025-12-19,Updated,No
INV000256,ST01,P0260,25,34,14,2779.75,2025-12-31,Updated,No
INV003548,ST07,P0192,23,39,18,3436.2,,Not Updated,No
INV005740,ST11,P0192,10,41,19,1494.0,2025-12-24,Updated,No
INV005089,ST10,P0091,7,22,10,1456.91,2025-12-15,Updated,No
INV001895,ST04,P0148,10,32,15,3848.2,2025-12-03,Updated,No
INV005369,ST10,P0385,11,23,10,3105.74,2025-12-08,Updated,No
INV003237,ST06,P0453,48,89,42,1729.92,2025-12-12,Updated,No
INV001691,ST03,P0521,20,33,11,6045.2,2025-12-03,Updated,No
INV004133,ST08,P0234,5,17,8,2086.4,2025-12-31,Updated,No
INV004810,ST09,P0392,9,21,10,249.03,2025-12-17,Updated,No
INV002534,ST05,P0269,27,46,18,12364.92,2025-12-01,Updated,No
INV002869,ST06,P0052,355,90,38,173037.65,2025-12-19,Updated,Yes
INV004014,ST08,P0097,0,44,14,0.0,2025-12-14,Updated,No
INV004688,ST09,P0258,42,78,31,5315.52,2025-12-27,Updated,No
INV005057,ST10,P0056,69,91,43,7191.87,2025-12-06,Updated,No
INV003954,ST08,P0028,14,36,11,1328.88,2025-12-01,Updated,No
INV002274,ST04,P0579,19,38,18,42497.3,2025-12-14,Updated,No
INV004510,ST09,P0059,59,70,31,28427.38,2025-12-14,Updated,No
INV003268,ST06,P0490,19,43,18,8503.07,2025-12-02,Updated,No
INV003557,ST07,P0201,5,35,13,798.65,,Not Updated,No
INV004978,ST09,P0571,78,18,7,36257.52,2025-12-14,Updated,No
INV000242,ST01,P0246,33,34,16,8286.3,2025-12-19,Updated,No
INV003760,ST07,P0421,45,64,19,24543.9,2025-12-13,Updated,No
INV000068,ST01,P0069,14,77,24,919.52,2025-12-20,Updated,No
INV006392,ST12,P0309,21,39,18,7106.4,2025-12-01,Updated,No
INV004567,ST09,P0122,342,47,21,56505.24,2025-12-25,Updated,Yes
INV004507,ST09,P0056,27,64,30,2814.21,2025-12-24,Updated,No
INV001647,ST03,P0475,26,38,14,6906.38,2025-12-11,Updated,No
INV000181,ST01,P0184,16,43,16,1322.72,2025-12-20,Updated,No
INV001192,ST03,P0001,64,70,31,19492.48,2025-12-28,Updated,No
INV006195,ST12,P0103,19,42,20,10521.44,2025-12-17,Updated,No
INV006287,ST12,P0199,18,46,18,2163.06,2025-12-19,Updated,No
INV004137,ST08,P0238,3,21,8,245.82,2025-12-13,Updated,No
INV000147,ST01,P0149,25,88,37,5986.25,2025-12-24,Updated,No
INV006252,ST12,P0163,22,41,16,1496.44,2025-12-25,Updated,No
INV000433,ST01,P0439,83,16,7,8151.43,2025-12-12,Updated,No
INV004216,ST08,P0326,159,45,20,45529.65,2025-12-13,Updated,Yes
INV004477,ST09,P0021,6,22,10,185.34,2025-12-16,Updated,No
INV004485,ST09,P0029,24,32,15,11633.52,2025-12-11,Updated,No
INV000109,ST01,P0111,9,17,7,1048.77,2025-12-19,Updated,No
INV003451,ST07,P0089,10,35,13,1830.4,2025-12-13,Updated,No
INV003069,ST06,P0267,28,43,13,14040.88,2025-12-03,Updated,No
INV006644,ST12,P0579,21,33,12,46970.7,2025-12-05,Updated,No
INV004784,ST09,P0363,26,46,13,2495.22,2025-12-25,Updated,No
INV005741,ST11,P0193,33,32,15,6758.4,2025-12-15,Updated,No
INV005513,ST10,P0539,5,17,7,2812.35,2025-12-28,Updated,No
INV001097,ST02,P0506,19,43,13,3763.33,2025-12-04,Updated,No
INV003742,ST07,P0402,30,91,44,961.2,2025-12-08,Updated,No
INV002602,ST05,P0347,34,42,13,678.3,2025-12-09,Updated,No
INV002719,ST05,P0480,7,20,9,3345.93,2025-12-08,Updated,No
INV005778,ST11,P0237,3,16,6,284.61,2025-12-24,Updated,No
INV004266,ST08,P0384,352,75,30,56830.4,2025-12-26,Updated,Yes
INV001205,ST03,P0014,44,85,38,21341.32,2025-12-30,Updated,No
INV003206,ST06,P0419,24,35,10,13587.84,2025-12-17,Updated,No
INV006028,ST11,P0522,22,46,20,22743.16,2025-12-07,Updated,No
INV003084,ST06,P0283,49,8,3,17429.79,2025-12-14,Updated,No
INV003875,ST07,P0542,19,32,13,12258.42,2025-12-11,Updated,No
INV000718,ST02,P0127,43,95,41,18123.64,2025-12-05,Updated,No
INV002618,ST05,P0365,5,20,9,311.7,2025-12-28,Updated,No
INV001601,ST03,P0428,37,73,27,4081.1,2025-12-20,Updated,No
INV003104,ST06,P0305,23,36,13,10998.83,2025-12-21,Updated,No
INV003786,ST07,P0449,221,37,17,25655.89,2025-12-12,Updated,Yes
INV005745,ST11,P0197,13,33,16,537.68,2025-12-05,Updated,No
INV004145,ST08,P0246,21,37,15,5273.1,2025-12-27,Updated,No
INV003028,ST06,P0225,0,42,18,0.0,2025-12-18,Updated,No
INV004753,ST09,P0328,5,20,7,120.6,2025-12-09,Updated,No
INV005572,ST11,P0002,16,37,16,9112.16,2025-12-13,Updated,No
INV004715,ST09,P0287,19,33,12,6690.09,2025-12-07,Updated,No
INV006342,ST12,P0257,12,39,13,2746.08,2025-12-31,Updated,No
INV002526,ST05,P0258,73,76,32,9238.88,2025-12-30,Updated,No
INV004552,ST09,P0107,45,88,33,8671.05,2025-12-20,Updated,No
INV001642,ST03,P0469,57,67,24,5473.14,2025-12-27,Updated,No
INV005473,ST10,P0497,8,20,7,1584.16,2025-12-24,Updated,No
INV002817,ST05,P0593,5,22,10,1961.0,,Not Updated,No
INV000647,ST02,P0056,81,82,40,8442.63,2025-12-15,Updated,No
INV005712,ST11,P0161,42,72,35,14949.06,2025-12-30,Updated,No
INV006643,ST12,P0578,25,46,22,28212.5,2025-12-27,Updated,No
INV002327,ST05,P0037,15,43,17,6260.1,2025-12-09,Updated,No
INV000801,ST02,P0210,15,43,14,1503.75,2025-12-28,Updated,No
INV004951,ST09,P0542,159,35,13,102583.62,2025-12-26,Updated,Yes
INV001532,ST03,P0356,57,71,28,27692.88,2025-12-15,Updated,No
INV001998,ST04,P0262,25,36,13,1409.25,2025-12-29,Updated,No
INV001067,ST02,P0476,6,19,6,3247.68,2025-12-23,Updated,No
INV002880,ST06,P0063,52,70,26,10442.12,2025-12-11,Updated,No
INV002426,ST05,P0148,19,46,20,7311.58,2025-12-15,Updated,No
INV004764,ST09,P0341,54,11,3,29179.98,2025-12-23,Updated,No
INV005088,ST10,P0090,9,16,6,224.19,2025-12-19,Updated,No
INV003737,ST07,P0397,28,8,2,4122.72,2025-12-29,Updated,No
INV004540,ST09,P0093,20,35,12,485.0,2025-12-29,Updated,No
INV001019,ST02,P0428,40,66,29,4412.0,2025-12-09,Updated,No
INV005325,ST10,P0340,271,67,28,57660.67,2025-12-14,Updated,Yes
INV003189,ST06,P0399,0,42,16,0.0,2025-12-08,Updated,No
INV001335,ST03,P0150,28,81,26,2002.28,2025-12-04,Updated,No
INV001299,ST03,P0112,42,90,37,23076.06,2025-12-31,Updated,No
INV003676,ST07,P0329,26,32,14,1513.2,2025-12-24,Updated,No
INV001332,ST03,P0147,35,67,27,2801.05,2025-12-08,Updated,No
INV005720,ST11,P0169,20,45,21,7845.8,2025-12-12,Updated,No
INV001159,ST02,P0568,12,42,15,23382.84,2025-12-13,Updated,No
INV005963,ST11,P0446,4,22,10,355.04,2025-12-22,Updated,No
INV006242,ST12,P0152,21,42,18,7440.51,2025-12-14,Updated,No
INV000841,ST02,P0250,33,10,3,10893.96,2025-12-13,Updated,No
INV004779,ST09,P0356,70,87,30,34008.8,2025-12-02,Updated,No
INV005674,ST11,P0119,27,88,31,9936.81,2025-12-08,Updated,No
INV002030,ST04,P0301,8,21,7,498.88,2025-12-25,Updated,No
INV003809,ST07,P0473,9,21,7,3046.41,2025-12-17,Updated,No
INV001201,ST03,P0010,0,41,14,0.0,2025-12-28,Updated,No
INV001849,ST04,P0096,69,68,29,6661.26,2025-12-26,Updated,No
INV004065,ST08,P0156,47,92,40,9810.31,2025-12-22,Updated,No
INV001416,ST03,P0234,4,16,5,1669.12,2025-12-10,Updated,No
INV000859,ST02,P0268,22,39,15,5937.58,2025-12-25,Updated,No
INV005411,ST10,P0430,29,92,30,617.12,2025-12-09,Updated,No
INV005294,ST10,P0309,10,32,13,3384.0,2025-12-14,Updated,No
INV005090,ST10,P0093,24,47,18,582.0,2025-12-19,Updated,No
INV002771,ST05,P0542,16,45,21,10322.88,2025-12-19,Updated,No
INV000017,ST01,P0018,13,33,13,2009.93,2025-12-31,Updated,No
INV002182,ST04,P0473,6,21,6,2030.94,2025-12-19,Updated,No
INV005465,ST10,P0488,77,16,6,36231.58,2025-12-13,Updated,No
INV001704,ST03,P0534,29,8,2,14788.84,2025-12-09,Updated,No
INV001797,ST04,P0036,392,66,31,82574.8,2025-12-22,Updated,Yes
INV002796,ST05,P0571,5,19,8,2324.2,2025-12-20,Updated,No
INV000615,ST02,P0024,23,44,14,754.4,2025-12-15,Updated,No
INV002371,ST05,P0085,44,68,33,7381.88,2025-12-21,Updated,No
INV002544,ST05,P0283,74,10,3,26322.54,2025-12-17,Updated,No
INV006201,ST12,P0110,25,47,16,5384.25,2025-12-19,Updated,No
INV004290,ST08,P0413,70,80,33,18283.3,2025-12-19,Updated,No
INV003362,ST06,P0593,8,17,7,3137.6,2025-12-23,Updated,No
INV001523,ST03,P0347,21,43,21,418.95,2025-12-12,Updated,No
INV002213,ST04,P0510,19,36,17,14385.66,2025-12-04,Updated,No
INV003550,ST07,P0194,19,42,16,735.87,2025-12-13,Updated,No
INV006427,ST12,P0346,38,91,35,5054.0,2025-12-17,Updated,No
INV005224,ST10,P0236,8,22,7,2680.48,2025-12-26,Updated,No
INV004393,ST08,P0531,7,20,7,6805.61,2025-12-14,Updated,No
INV002066,ST04,P0343,17,33,15,7836.49,2025-12-16,Updated,No
INV003285,ST06,P0508,7,22,9,6740.79,2025-12-11,Updated,No
INV002832,ST06,P0010,34,44,14,3546.2,2025-12-10,Updated,No
INV006239,ST12,P0149,35,94,35,8380.75,2025-12-22,Updated,No
INV000327,ST01,P0331,4,21,9,1730.6,2025-12-10,Updated,No
INV005987,ST11,P0471,38,11,3,9419.44,2025-12-07,Updated,No
INV002122,ST04,P0403,73,93,42,34038.44,2025-12-05,Updated,No
INV001972,ST04,P0233,5,16,6,137.6,2025-12-10,Updated,No
INV000450,ST01,P0456,22,42,17,1208.24,2025-12-18,Updated,No
INV004247,ST08,P0363,8,34,16,767.76,2025-12-20,Updated,No
INV000881,ST02,P0290,23,36,11,12391.71,2025-12-17,Updated,No
INV004108,ST08,P0203,20,41,15,2726.2,2025-12-02,Updated,No
INV000390,ST01,P0394,45,86,27,2235.6,2025-12-12,Updated,No
INV004030,ST08,P0115,18,47,14,10174.68,2025-12-21,Updated,No
INV000407,ST01,P0411,12,41,13,4832.04,2025-12-19,Updated,No
INV000261,ST01,P0265,25,85,37,3205.5,2025-12-10,Updated,No
INV003363,ST06,P0594,10,18,8,5785.1,2025-12-29,Updated,No
INV000049,ST01,P0050,29,66,26,6536.89,2025-12-09,Updated,No
INV003325,ST06,P0551,9,41,15,5129.91,2025-12-21,Updated,No
INV005058,ST10,P0057,63,82,35,22712.76,2025-12-03,Updated,No
INV003380,ST07,P0012,28,91,30,1754.2,2025-12-20,Updated,No
INV001769,ST04,P0004,64,73,31,31479.68,2025-12-07,Updated,No
INV002585,ST05,P0326,0,44,14,0.0,2025-12-24,Updated,No
INV006512,ST12,P0436,82,79,34,8195.08,2025-12-11,Updated,No
INV001204,ST03,P0013,12,32,15,1505.28,2025-12-17,Updated,No
INV000212,ST01,P0216,19,46,20,6948.87,2025-12-29,Updated,No
INV004258,ST08,P0375,17,42,15,6962.69,2025-12-24,Updated,No
INV002287,ST04,P0593,5,19,6,1961.0,2025-12-31,Updated,No
INV002788,ST05,P0561,16,43,13,27720.64,,Not Updated,No
INV003616,ST07,P0263,14,42,14,2980.18,2025-12-03,Updated,No
INV002232,ST04,P0529,215,37,16,108800.75,2025-12-16,Updated,Yes
INV004380,ST08,P0516,7,18,7,3552.57,2025-12-24,Updated,No
INV004088,ST08,P0182,68,64,29,35333.48,2025-12-02,Updated,No
INV003653,ST07,P0303,15,33,11,7210.8,2025-12-17,Updated,No
INV006493,ST12,P0416,4,19,8,825.52,2025-12-10,Updated,No
INV000871,ST02,P0280,33,80,36,834.9,2025-12-10,Updated,No
INV006131,ST12,P0037,9,38,16,3756.06,2025-12-02,Updated,No
INV001819,ST04,P0058,8,23,8,2832.56,2025-12-23,Updated,No
INV002173,ST04,P0463,0,85,36,0.0,2025-12-17,Updated,No
INV000219,ST01,P0223,0,33,14,0.0,2025-12-14,Updated,No
INV003730,ST07,P0388,6,23,7,3023.04,2025-12-08,Updated,No
INV003523,ST07,P0163,8,43,18,544.16,2025-12-29,Updated,No
INV000653,ST02,P0062,17,42,14,384.37,2025-12-30,Updated,No
INV005414,ST10,P0433,28,40,18,3281.04,2025-12-30,Updated,No
INV005446,ST10,P0468,32,65,29,3690.88,2025-12-11,Updated,No
INV000241,ST01,P0245,30,39,19,13813.2,2025-12-11,Updated,No
INV005584,ST11,P0015,76,70,31,33364.0,2025-12-29,Updated,No
INV000620,ST02,P0029,15,42,18,7270.95,2025-12-30,Updated,No
INV005660,ST11,P0101,67,89,41,13787.93,2025-12-08,Updated,No
INV001184,ST02,P0593,4,18,7,1568.8,2025-12-04,Updated,No
INV004627,ST09,P0188,156,35,13,30259.32,2025-12-18,Updated,Yes
INV005416,ST10,P0436,70,65,21,6995.8,2025-12-27,Updated,No
INV004279,ST08,P0401,25,45,20,999.75,2025-12-21,Updated,No
INV003883,ST07,P0550,17,38,15,7930.33,2025-12-10,Updated,No
INV002825,ST06,P0002,162,38,11,92260.62,2025-12-22,Updated,Yes
INV004472,ST09,P0016,62,93,42,10062.6,2025-12-11,Updated,No
INV000076,ST01,P0077,21,40,19,3384.57,2025-12-02,Updated,No
INV003257,ST06,P0477,21,34,14,3203.34,2025-12-22,Updated,No
INV005153,ST10,P0163,50,39,17,3401.0,,Not Updated,No
INV003980,ST08,P0060,0,87,37,0.0,2025-12-20,Updated,No
INV004991,ST09,P0585,62,9,3,12735.42,2025-12-30,Updated,No
INV003155,ST06,P0360,6,21,10,118.02,2025-12-14,Updated,No
INV006124,ST12,P0030,41,84,41,3745.76,2025-12-28,Updated,No
INV006292,ST12,P0204,4,17,7,964.56,2025-12-01,Updated,No
INV006461,ST12,P0381,7,22,8,625.45,2025-12-11,Updated,No
INV004122,ST08,P0218,39,94,39,5858.97,,Not Updated,No
INV004349,ST08,P0483,7,23,7,2087.4,2025-12-06,Updated,No
INV000709,ST02,P0118,29,84,36,5536.68,2025-12-07,Updated,No
INV000416,ST01,P0421,49,94,30,26725.58,2025-12-14,Updated,No
INV001038,ST02,P0447,80,67,30,3521.6,2025-12-07,Updated,No
INV001809,ST04,P0048,224,37,13,9309.44,2025-12-07,Updated,Yes
INV002420,ST05,P0142,51,72,35,7172.13,2025-12-05,Updated,No
INV003492,ST07,P0130,23,40,19,10798.73,2025-12-04,Updated,No
INV000528,ST01,P0536,14,46,15,7745.92,2025-12-31,Updated,No
INV002910,ST06,P0094,13,40,19,2481.7,2025-12-30,Updated,No
INV004447,ST08,P0589,9,17,8,2996.46,2025-12-06,Updated,No
INV005435,ST10,P0457,55,86,40,1304.6,2025-12-22,Updated,No
INV005655,ST11,P0096,0,85,35,0.0,2025-12-09,Updated,No
INV006463,ST12,P0384,79,76,33,12754.55,2025-12-28,Updated,No
INV002072,ST04,P0352,27,36,17,14418.54,2025-12-09,Updated,No
INV001403,ST03,P0221,253,39,12,5054.94,2025-12-10,Updated,Yes
INV000456,ST01,P0462,21,32,10,627.27,2025-12-19,Updated,No
INV003860,ST07,P0526,0,45,21,0.0,2025-12-03,Updated,No
INV006383,ST12,P0300,43,11,3,3114.06,2025-12-14,Updated,No
INV002263,ST04,P0565,35,8,2,77865.2,2025-12-09,Updated,No
INV005601,ST11,P0033,0,87,32,0.0,2025-12-12,Updated,No
INV000502,ST01,P0509,21,46,18,5958.54,2025-12-02,Updated,No
INV006496,ST12,P0419,17,46,22,9624.72,2025-12-04,Updated,No
INV000301,ST01,P0305,7,35,12,3347.47,2025-12-28,Updated,No
INV006613,ST12,P0547,9,23,8,1803.51,2025-12-10,Updated,No
INV001226,ST03,P0037,7,40,12,2921.38,2025-12-06,Updated,No
INV004420,ST08,P0558,6,21,6,5784.48,2025-12-01,Updated,No
INV003613,ST07,P0260,20,36,17,2223.8,2025-12-28,Updated,No
INV005333,ST10,P0349,0,68,25,0.0,,Not Updated,No
INV005036,ST10,P0032,16,34,14,2901.6,2025-12-05,Updated,No
INV001755,ST03,P0590,19,35,16,7267.69,2025-12-02,Updated,No
INV003150,ST06,P0355,29,40,19,14288.88,2025-12-01,Updated,No
INV005758,ST11,P0212,58,70,24,1601.38,2025-12-05,Updated,No
INV000394,ST01,P0398,21,32,11,2926.56,2025-12-15,Updated,No
INV006457,ST12,P0377,60,71,33,21999.6,2025-12-15,Updated,No
INV000968,ST02,P0377,30,79,36,10999.8,2025-12-15,Updated,No
INV005738,ST11,P0190,28,41,16,6543.88,2025-12-08,Updated,No
INV000322,ST01,P0326,24,42,15,6872.4,2025-12-18,Updated,No
INV004051,ST08,P0141,21,46,18,5601.54,2025-12-24,Updated,No
INV001745,ST03,P0579,6,34,13,13420.2,2025-12-12,Updated,No
INV005475,ST10,P0499,201,43,16,71147.97,2025-12-31,Updated,Yes
INV005841,ST11,P0310,30,8,3,8277.0,2025-12-24,Updated,No
INV002402,ST05,P0122,19,35,17,3139.18,2025-12-02,Updated,No
INV002884,ST06,P0067,11,36,13,1880.45,2025-12-09,Updated,No
INV001137,ST02,P0546,27,42,16,4844.88,2025-12-05,Updated,No
INV003436,ST07,P0072,25,67,29,2079.75,2025-12-11,Updated,No
INV004794,ST09,P0375,16,40,16,6553.12,2025-12-19,Updated,No
INV005614,ST11,P0049,17,35,15,462.91,2025-12-16,Updated,No
INV001938,ST04,P0196,26,47,14,4645.68,2025-12-01,Updated,No
INV000312,ST01,P0316,4,20,6,2188.44,2025-12-16,Updated,No
INV006224,ST12,P0134,13,34,13,6831.24,2025-12-14,Updated,No
INV004294,ST08,P0417,21,45,16,1896.51,2025-12-12,Updated,No
INV003504,ST07,P0142,381,82,31,53580.03,2025-12-14,Updated,Yes
INV004265,ST08,P0383,60,65,31,33750.6,2025-12-24,Updated,No
INV003645,ST07,P0294,15,82,35,4238.7,2025-12-12,Updated,No
INV000279,ST01,P0283,42,10,4,14939.82,2025-12-11,Updated,No
INV005653,ST11,P0094,483,35,13,92204.7,2025-12-15,Updated,Yes
INV001783,ST04,P0018,205,34,12,31695.05,2025-12-15,Updated,Yes
INV003620,ST07,P0268,23,39,14,6207.47,2025-12-01,Updated,No
INV003482,ST07,P0120,0,68,25,0.0,2025-12-06,Updated,No
INV006215,ST12,P0125,36,86,39,11334.6,2025-12-10,Updated,No
INV004965,ST09,P0556,7,18,6,8367.03,2025-12-18,Updated,No
INV003689,ST07,P0343,0,46,19,0.0,2025-12-18,Updated,No
INV003963,ST08,P0038,18,47,22,6188.76,2025-12-03,Updated,No
INV006519,ST12,P0445,17,42,18,1424.6,2025-12-29,Updated,No
INV006251,ST12,P0162,86,73,33,13715.28,2025-12-25,Updated,No
INV006377,ST12,P0294,0,81,31,0.0,2025-12-29,Updated,No
INV001650,ST03,P0478,28,45,20,10999.8,2025-12-08,Updated,No
INV001255,ST03,P0067,21,39,15,3589.95,2025-12-17,Updated,No
INV000380,ST01,P0384,54,81,29,8718.3,2025-12-23,Updated,No
INV000810,ST02,P0219,26,43,13,11935.82,2025-12-22,Updated,No
INV006514,ST12,P0439,3,17,6,294.63,2025-12-14,Updated,No
INV003965,ST08,P0040,68,94,33,15575.4,2025-12-30,Updated,No
INV002473,ST05,P0203,14,47,22,1908.34,2025-12-15,Updated,No
INV003666,ST07,P0317,14,40,13,1953.98,2025-12-27,Updated,No
INV001951,ST04,P0209,16,39,13,1010.24,2025-12-17,Updated,No
INV003123,ST06,P0324,13,39,18,650.39,2025-12-14,Updated,No
INV003236,ST06,P0451,22,41,15,1945.68,2025-12-21,Updated,No
INV003669,ST07,P0321,155,39,13,38205.95,,Not Updated,Yes
INV005729,ST11,P0178,70,94,35,11832.1,2025-12-03,Updated,No
INV000914,ST02,P0323,20,40,14,2123.8,2025-12-25,Updated,No
INV002527,ST05,P0259,7,19,6,2337.16,2025-12-06,Updated,No
INV002408,ST05,P0128,14,39,13,1430.94,2025-12-05,Updated,No
INV001593,ST03,P0420,7,18,6,2005.22,2025-12-28,Updated,No
INV001597,ST03,P0424,68,9,3,7528.96,2025-12-21,Updated,No
INV005895,ST11,P0370,0,83,34,0.0,2025-12-14,Updated,No
INV004498,ST09,P0045,68,75,34,29331.8,2025-12-31,Updated,No
INV006226,ST12,P0136,47,86,33,24483.71,2025-12-27,Updated,No
INV005017,ST10,P0011,527,92,28,15857.43,2025-12-15,Updated,Yes
INV005274,ST10,P0289,12,40,19,6149.16,2025-12-03,Updated,No
INV002098,ST04,P0378,57,94,43,18445.2,2025-12-06,Updated,No
INV004284,ST08,P0406,8,22,9,961.76,2025-12-03,Updated,No
INV000124,ST01,P0126,17,36,16,5840.01,2025-12-01,Updated,No
INV002621,ST05,P0368,32,45,19,13764.8,2025-12-11,Updated,No
INV006471,ST12,P0392,6,21,9,166.02,2025-12-02,Updated,No
INV003900,ST07,P0570,5,18,6,6415.45,2025-12-19,Updated,No
INV003574,ST07,P0218,30,95,33,4506.9,2025-12-19,Updated,No
INV004492,ST09,P0037,19,37,14,7929.46,2025-12-21,Updated,No
INV006344,ST12,P0260,29,34,12,3224.51,2025-12-17,Updated,No
INV004829,ST09,P0411,8,38,17,3221.36,2025-12-18,Updated,No
